:10000000000002208D050000F9050000F905000040
:10001000F9050000F9050000F905000000000000E6
:10002000000000000000000000000000412000006F
:10003000F905000000000000D1200000352100007B
:10004000F9050000F9050000F9050000F9050000B8
:10005000F905000000000000F9050000F9050000A6
:10006000F9050000F9050000F9050000F905000098
:10007000F9050000F9050000F9050000F905000088
:10008000F9050000F9050000F9050000ED02000087
:10009000F9050000F9050000F9050000AD77000042
:1000A000F9050000F9050000F9050000F905000058
:1000B000F9050000F9050000F9050000F905000048
:1000C000F9050000F9050000F9050000F905000038
:1000D000F9050000F9050000F9050000B9E300008A
:1000E000F9050000F9050000F905000011D800002D
:1000F000F905000000000000F9050000F905000006
:10010000F9050000F9050000F9050000B9770000C5
:10011000C577000053410100F9050000F905000012
:10012000F90500005DA50000F9050000F9050000D3
:10013000F905000000000000D17700000000000079
:10014000CDF90000F9050000F9050000F9050000EF
:10015000F905000000000000F9050000F9050000A5
:10016000F9050000F9050000F9050000F905000097
:10017000F9050000F9050000F9050000F905000087
:10018000F9050000F9050000F90500000000000075
:10019000F9050000F9050000F9050000F905000067
:1001A000F9050000F9050000F90500000000000055
:1001B000F9050000F9050000000000000000000043
:1001C000000000000000000000000000000000002F
:1001D00000000000F9050000F9050000F905000025
:1001E00009D700001DD80000F9050000F90500003E
:1001F000F90500000348044B834202D0034B03B1CE
:1002000018477047700500207005002000000000AE
:100210000548064B1B1AD90F01EBA301491002D068
:10022000034B03B11847704770050020700500208C
:100230000000000010B5064C237843B9FFF7DAFF41
:10024000044B13B10448AFF300800123237010BDA9
:10025000280A0020000000007051020008B5044B7D
:100260001BB104490448AFF30080BDE80840CFE764
:10027000000000002C0A002070510200A3F5803A13
:10028000704700BF154B002B08BF114B9D46FFF771
:10029000F5FF00218B460F461148124A121A16F03C
:1002A000DBF90C4B002B00D098470B4B002B00D0F8
:1002B00098470020002104000D000B4818F07CF93D
:1002C00015F0A8FF200029000DF0DAFD18F062F902
:1002D00000000800000000000000000000000220F4
:1002E000280A002070D70020198D01004FF040230C
:1002F00010B5D3F8E020D0070FD50122C3F8E020D5
:10030000D3F8C0389B1A18BF012393400222134030
:10031000012B38D111F01AFC10BDD3F8E020910761
:100320000AD50222C3F8E020D3F8C438013B18BF35
:10033000012393400422EAE7D3F8E020520709D5CD
:100340000422C3F8E020D3F8C838013B18BF0123CA
:100350000122DCE7D3F8E04014F0080409D00822B9
:10036000C3F8E020D3F8CC38013B18BF0123DB00F1
:10037000CDE7D3F8A020C3F8E0200A4815F0BAFF73
:1003800022462346C3E7022B02D111F0DCFBC3E770
:10039000042B02D111F0D4FBBEE7082BBCD111F025
:1003A000CCFBB9E7C8AE0100820700F001034FF0B3
:1003B00040224FEA4303D16848BF43F004036FF083
:1003C0000600D0609360D160704700002DE9F041D5
:1003D00059204FF0804416218822C4F80001C4F847
:1003E0000011C4F80021D4F80031002BF5D04348A7
:1003F000DFF81C8105F012FB002211463F4805F092
:10040000B5FAA36D3E4823F0FF03A365A36D002555
:1004100043F02203A3654FF4E131C4F8005107F023
:10042000FBFA374805F048FE4FF040233822C3F866
:100430004024012707FA05F63146002240464FF0D6
:10044000402405F063FD29464FF00112404605F0B7
:1004500073FDD4F8D43001351E43042DC4F8D460A4
:10046000E8D1284B28484FF400221A60602283F814
:1004700013234021012205F049FD4FF08043C4F8C9
:1004800098789A6B214802F07F429A639A6B42F007
:10049000331242F44C529A63DA6B22F47022DA631C
:1004A000DA6B42F41022DA634FF48051022205F035
:1004B0005AFD0020FFF778FF20460122022105F0B7
:1004C00025FD294620460025012205F01FFD204676
:1004D000C4F80C580122082105F018FD2046C4F884
:1004E00014580122202105F011FDBDE8F041074814
:1004F00001224FF4004105F009BD00BF913DA05716
:100500000010074000E100E0804000404040004013
:10051000C04000404FF04023D3F80408003818BF13
:10052000012070474FF04023D3F80808003818BF67
:10053000012070474FF040230122C3F80C28704778
:100540004FF040230022C3F80C2870474FF040239F
:10055000D3F80C08003818BF012070474FF0402333
:100560000122C3F8142870474FF040230022C3F83B
:10057000142870474FF040230122C3F87C287047AD
:100580004FF040230022C3F87C2870471449154AD5
:10059000154B9A42BEBF51F8040B42F8040BF8E722
:1005A00012484FF0590101604FF0160101604FF001
:1005B000880101600E48416841F4804141600D4866
:1005C000416841F002014160416841F0040141602D
:1005D00000F068F805484FF000010160FFF752FE97
:1005E0002C52020000000020700500200001004095
:1005F0000002004000700040FEE700BF08B516F0A2
:1006000051F9582303604FF0FF3008BD08B516F0CC
:1006100049F9582303604FF0FF3008BD08B516F0C4
:1006200041F9582303604FF0FF3008BD08B516F0BC
:1006300039F958230360002008BD08B516F032F9D7
:10064000582303604FF0FF3008BD000008B505F0E7
:100650003FFA0E4B0E4A1860136903F00703022B92
:100660001CBF0C4951F82300136A03F00F03013338
:10067000B0FBF3F0084B186000F5F420074B00F5D1
:100680009070B0FBF3F0064B186008BD240000200A
:1006900000020040040000202C00002040420F0017
:1006A00028000020174AD2F8883043F47003C2F8BB
:1006B0008830154AD36C23F00F0343F00803D3644A
:1006C000124BD3F8982042F48022C3F898209A68FD
:1006D00042F002029A600E4AD2F8041101F0F7319A
:1006E000C2F80411D2F8081101F0F731C2F808116C
:1006F0009A6822F002029A60064A136C23F0F00313
:100700001364704700ED00E000C0004000020040AC
:100710000010044000410040006870470B0A01705F
:1007200043700B0C090E8370C17070474369023926
:10073000023B8B4283BF4389806A01FB0300002098
:10074000704703687BB11A4612F8011B202908D9AB
:100750003A29F9D11978302905D102339A4202D1C8
:100760000260002070474FF0FF30704738B50379C2
:100770000446C3B100F13005C26A4078012329461E
:100780000FF0F6F988B9E16A236AA2692071CB1AE1
:10079000934208D2E378022B05D10A446078012302
:1007A00029460FF0E5F9002038BD0120FCE7C2F32F
:1007B00007238A76CB760378032B01BF120C0A75C8
:1007C000120A4A75704738B5C36A8B4205460C4613
:1007D00010D0FFF7CBFF60B922466878012305F1FE
:1007E00030010FF0B5F900281CBF4FF0FF34012095
:1007F000EC6238BD0020FCE738B5002303714FF0F0
:10080000FF33C3620446FFF7DEFF00283ED194F8B1
:100810003030B4F82E52EB2B03D01833DBB2012B5F
:100820002DD84AF655239D4206D11A49082204F1D3
:10083000820018F071F840B3B4F83B30B3F5007F94
:100840001DD194F83D30D3B15A1E1A4217D1E38F0F
:10085000ABB194F84030013B012B10D8B4F84130D3
:100860006BB1B4F843307F2B06D804F15000FFF78A
:1008700053FFB0F5803F02D3B4F8463043B94AF68F
:100880005520854214BF0320022038BD0420FCE718
:100890000020FAE7E0AE010001292DE9F047064605
:1008A0000C4617466FD943698B426CD90378022BEB
:1008B0003ED0032B4FD0012B65D101EB5108016ACB
:1008C00001EB5821FFF77FFF054630BB06F13009E9
:1008D00008F1010AC8F3080814F0010418BF19F858
:1008E0000820FBB21EBF02F00F0242EA0313DBB284
:1008F00009F80830316A0123337101EB5A2130467F
:10090000FFF761FF054640B9CAF3080A44B1C7F3CF
:10091000071709F80A70012333712846BDE8F087EC
:1009200019F80A30C7F3032723F00F031F43F0E73A
:10093000016A01EB1421FFF746FF05460028ECD1C0
:10094000640006F1300304F4FF741A191F55C7F34D
:1009500007275770DFE7016A01EBD411FFF733FF78
:1009600005460028D9D1A40006F1300304F4FE7432
:1009700023441846FFF7D0FE014667F31B011846D3
:10098000FFF7CCFEC7E70225C7E7F8B505460E46D8
:10099000FFF7ECFE0446F8B931462846FFF7C6FEDD
:1009A00005F130070646E8624FF4007221463846EA
:1009B00015F052FE6B899C4204D36889001B18BF56
:1009C0000120F8BD68780123321939460FF0D0F8BC
:1009D0000028F2D10134EDE70120F2E7F8B5044632
:1009E000FFF7C4FE0546002842D12378032B37D1F8
:1009F0006779012F34D104F1300601464FF40072BB
:100A0000304615F029FE552384F82E32AA2384F8A7
:100A10002F3252234122722184F8303084F8313051
:100A2000612384F8323084F8173284F8332084F854
:100A3000141284F8151284F81622216904F5067040
:100A4000FFF76CFEE16804F50770FFF767FEE269E7
:100A500060780132E2623B4631460FF089F86571F9
:100A60000022607811460FF08FF8003818BF01207F
:100A7000F8BDF8B500230246451E1C462E2615F883
:100A8000010F202804F101040AD0052808BFE52041
:100A9000092C02BFCF1801337E72CF180133787250
:100AA0000B2CECD10B4400205872D37A03F03F0397
:100AB0000B7202F11C00FFF72FFE0860D38ACB8077
:100AC000138B8B80F8BD40B10C2904D80A2904D8B7
:100AD000807801F0D5B90F29FAD1704738B50D46A5
:100AE0000446F8B1036813B90920002413E01A780A
:100AF000002AF9D08188DA889142F5D1987801F0FE
:100B0000B1F9034680B1236858780FF005F810F06A
:100B1000010002D124682C6038BD20680021FFF755
:100B2000D2FFE1E70920F6E70F201C46F3E70000BB
:100B3000F0B5002385B00B600E461546FFF701FEA9
:100B40000028C0F20C818A4B53F82040002C00F0A2
:100B50000881A07801F086F9002800F00481346053
:100B60002378607805F0FE055BB10EF0D5FFC30772
:100B700007D40DB1470702D4002005B0F0BD0A200C
:100B8000FBE70023607823700EF0D2FFC60700F168
:100B9000EC800DB14107F2D400212046FFF72CFE76
:100BA000022840F0C4806E4604F5FB7304F236213F
:100BB00032461846FFF7B0FD10338B4242F8040B63
:100BC000F7D1002556F8041B002900F0A780204625
:100BD000FFF712FE012800F2A280B4F83B30E16A70
:100BE000B3F5007F40F0A880B4F8466026B904F160
:100BF0005400FFF791FD064694F84030A6615A1E56
:100C0000012AE37000F2988094F83D506581002D30
:100C100000F092806A1E2A4240F08E80B4F8417043
:100C200027813A0740F08880B4F8430018B904F1EE
:100C30005000FFF771FDE28F002A7DD006FB03FE16
:100C400002EB171CF444604576D3A0EB0C00A842DD
:100C5000B0FBF5F370D3474883426DD84FF6F5707B
:100C600083426BD840F6F575AB428CBF0225012557
:100C700002330A4401EB0C00032D6361E16122623F
:100C8000A0625DD1B4F85A203A4355D104F15C001A
:100C9000FFF742FD9B0003F2FF13B6EB532F606298
:100CA0004AD34FF0FF33C4E90333032D4FF08003E1
:100CB00063712BD1B4F86030012B27D1013120466C
:100CC000FFF781FD10BBB4F82E2260714AF6552360
:100CD0009A421BD104F13000FFF71EFD264B9842CB
:100CE00014D104F50570FFF717FD03F1FF5303F569
:100CF00000532033984209D104F50670FFF70CFD2C
:100D0000206104F50770FFF707FDE0601B4A2570BE
:100D1000138801339BB21380E3802DE70320013554
:100D2000042D7FF44FAF042806D1012025E70428C5
:100D3000FBD001287FF651AF0D201EE7032597E772
:100D4000002FF9D0022D02EB0E004FEA43021BBF29
:100D5000D21803F00103134603EB52039BE70B2069
:100D60000BE70C2009E70F2007E7032005E700BF8A
:100D7000500A0020F5FFFF0F525261414C0A00203B
:100D800003284B8B04BF8A8A43EA02431846704704
:100D90000129F8B506460C464ED9436999424BD213
:100DA0000378022B29D0032B34D0012B44D101EB43
:100DB0005105016A01EB5521FFF705FD10B14FF018
:100DC000FF30F8BD6F1C316AC5F30805354401EBEF
:100DD0005721304695F83050FFF7F5FC0028EED14A
:100DE000C7F30807374497F8303045EA0320E30794
:100DF0004CBF0009C0F30B00E3E7016A01EB1421CB
:100E0000FFF7E1FC0028DAD1640004F4FF743444F5
:100E1000208ED6E7016A01EBD411FFF7D4FC00283D
:100E2000CDD1A40006F1300004F4FE742044FFF795
:100E300073FC20F07040C4E70120C2E7F8B5866873
:100E40000568002304460361B6B92B78022B01D94B
:100E50006B6A83B92B890BB90220F8BD686A00223E
:100E6000C4E905200028F7D000EB56203035A061FA
:100E7000E5610020F1E71E466F8932467F020026B9
:100E8000B742114603D92846FFF750FCE8E720682F
:100E9000FFF77EFF431C024606D00128DCD96B69B0
:100EA0009842D9D2F61BEBE70120D6E7F8B50C46FD
:100EB000012C0568064611462BD96B69A34228D937
:100EC0002AB14FF0FF322846FFF7E6FC38B9214639
:100ED0003068FFF75DFF2746044608B90020F8BDDB
:100EE000012816D0431C16D0002239462846FFF7A9
:100EF000D3FC0028F3D1D5E90432911E8B4205D2F0
:100F000001332B616B7943F001036B71A242DED890
:100F1000E4E70220E3E70120E1E72DE9F843056873
:100F200081460F4649B9EE68C6B16B69B34298BFB6
:100F300001262B69A3B9002406E02846FFF728FF05
:100F40000128044603D801242046BDE8F883421C4A
:100F500054D06B698342F7D83E46EAE70126E8E7BA
:100F6000BE426B6915D1741C9C4228BF0224D9F87B
:100F700000002146FFF70CFF0128E4D0431C3DD0C0
:100F8000F0B1D5F80C80B8F1010F02D96B69984522
:100F900000D3B04644466B690134A34203D8B8F18C
:100FA000010FC8D00224D9F800002146FFF7F0FE57
:100FB00040B10128C7D0013020D04445EBD1BAE779
:100FC000002CE6D04FF0FF3221462846FFF764FCA4
:100FD00090B957B9D5E90432023A9342EC6010D97E
:100FE0006B7943F001036B71AEE722463946284620
:100FF000FFF752FC0028EDD00128A4D14FF0FF34B8
:10100000A2E7013B2B61EBE72DE9F843076906688E
:101010002037B7F5001F24BF00238361836904468E
:10102000894673B1C7F30808B8F1000F39D1416997
:101030000133836141B93389B3EB571F31D80023A2
:10104000A3610420BDE8F8837389013B13EA5723A9
:1010500027D13046FFF79CFE0128054601D8022023
:10106000F0E7421C01D10120ECE77369834212D8FA
:10107000B9F1000FE3D061692046FFF74EFF054646
:10108000A8B10128EBD0431CEDD001463046FFF754
:101090007CFC0028E7D1656129463046FFF746FB16
:1010A000A061303646442761E6610020CAE7072088
:1010B000C8E700002DE9F74FD0F8009005460E462E
:1010C00011F8013B2F2BFAD05C2BF8D00023AB603A
:1010D00033781F2B6FD905F120074FF02038C7F860
:1010E0000480C7F80080C7F8078006F1FF3B0024A2
:1010F0004FF0080AC6F1020202EB0B031BF8011FB6
:10110000202908D92F2901D05C295FD1F25C2F2A30
:101110005AD05C2A58D01E44002C00F0838095F8E9
:101120002030E52B04BF052385F82030202969D91C
:101130003378202B8CBF002301239B0085F82B30B4
:101140002846D5F800A0FFF779FE044600285BD1B9
:10115000A9695046FFF737FB0446B8B9E869037838
:10116000002B5BD0C37A03F03F03AB71C47A14F059
:10117000080404D10B22394617F0CEFB30B1002110
:101180002846FFF741FF04460028E1D095F82B30B0
:10119000002C3BD15A073DD4AB79DB0640D52B69F7
:1011A00099F80000C3F3080309F130011944FFF76F
:1011B000E7FDA86093E78023284685F82B3003B02D
:1011C000BDE8F04FFFF73ABE01339FE72E292BD041
:1011D000A24527D9080644BF01F07F01164B1748E6
:1011E00048BF595CCDE9001214F0C4F9D0B9009998
:1011F000019AA1F16103192B9CBF2039C9B239555D
:10120000013479E7042399E795F82B30042C01D1B8
:10121000590705D5204603B0BDE8F08F0424B5E793
:101220000524F7E70624F5E7BAF10B0FFAD00824F6
:101230004FF00B0A60E700BF5ADD0100E9AE010084
:1012400038B5056804460420A16911B9F8B9002031
:1012500038BD2846FFF7B7FAB0B9E3691A78B2B1DA
:10126000DB7AE52A03F03F03A37107D02E2A05D0CD
:101270000F2B03D023F02003082BE8D100212046B8
:10128000FFF7C2FE0028DFD00023A361E0E70420BF
:10129000FAE770B506680546FFF7D0FD044678B951
:1012A000A9693046FFF78FFA044648B9EB691B7805
:1012B000E52B0AD04BB101212846FFF7A5FEEDE74B
:1012C000042C08BF0724204670BDA9693046FFF7EB
:1012D0007AFA04460028F6D1E8692022214615F062
:1012E000BBF9203555F8043C03CD186059602988B6
:1012F000AA789A72198101233371E4E72DE9FF413D
:10130000CDE9001003A814460391FFF71AFA051E51
:1013100027DB164F57F825603EB14FF0000847F81D
:10132000258000F097FD86F80080019E56B1EBB253
:101330007370B370284600F07FFDA0B1002347F81A
:10134000256033704CB101A900226846FFF7F0FB1D
:10135000044601460198FFF7B6FB204604B0BDE8FD
:10136000F0810B24F9E70224F7E700BF500A0020C0
:101370002DE9F04F8FB0144601910546002800F08A
:10138000D98002F03F08424602A901A8FFF7D0FB2E
:101390000746002840F0B980029E0199039603A8F1
:1013A000FFF788FE20B99DF93730002BB8BF062023
:1013B00014F01C0F4DD0002842D0042840F0A58026
:1013C00003A8FFF766FF002840F09F8048F0080858
:1013D00018F0080F47D00EF001FC024601460A98AB
:1013E0000E30FFF79BF90A9811461630FFF796F971
:1013F0000A993078FFF7C4FC2023CB7200220A99A7
:1014000004463046FFF7D3F90A9B00221A775A7731
:101410009A77DA77012333717CB1214603A8D6F895
:101420002C90FFF743FD00286FD149463046FFF767
:10143000CAF9013CF460002867D148F0400812E086
:101440009DF8123013F0110F70D16007C0D508203D
:101450005BE0002859D19DF81230D90664D4A20768
:1014600001D5DB0762D4F36A0A992B62696230788E
:10147000FFF786FCA860834601F11C00FFF74CF9DA
:101480000024F388E86005F1280A81462E60AB80CD
:1014900085F810806C74EC616C614FF40072214629
:1014A000504615F0D9F818F0200F31D0B9F1000FDF
:1014B0002ED07389C5F81490B9EB432F4FEA432817
:1014C0000DD959462868FFF763FC01288346A9EB2C
:1014D000080925D9B0F1FF3F24D0C845F1D3002039
:1014E000C5F818B088B9C9F308038BB1594630461E
:1014F000FFF71CF9E0B100EB5922EA617078012393
:1015000051460EF025FB18B1012000232B60074641
:1015100002983946FFF7D7FA38460FB0BDE8F08F8A
:101520000220DDE70120DBE70420EEE70720ECE7FF
:101530000220EAE70927EFE72DE9F04F9A4687B046
:1015400000238946CAF8003005A904469046FFF7F3
:10155000C5FA074608B9677C27B105983946FFF7F1
:10156000B2FA0AE0237C059D13F00103029308D12F
:1015700007212846FFF7A7FA0727384607B0BDE836
:10158000F08F6369E668F61A464504F1280328BF20
:101590004646019316B931462846E0E76369C3F32E
:1015A0000802002A77D16A89013A12EA53221BD134
:1015B0004BB9A06801280DD8022161742846FFF7B5
:1015C00082FA0227D9E7A16920680392FFF7E0FBBE
:1015D000039AEFE7431C06D1012161742846FFF707
:1015E00072FA029FC9E7A061A1692846FFF79EF839
:1015F0000028E1D0B6F5007F02EB00082FD36989FF
:1016000002EB562088424FEA562B88BFA1EB020B13
:1016100068785B46424649460EF09AFA0028DBD1CC
:1016200094F91020002A0CDAE069A0EB0800584574
:1016300007D24FF4007204F1280109EB402015F0A5
:10164000A1FB4FEA4B28DAF800304344CAF80030D7
:1016500063694344A6EB0806C14463619AE7E26903
:10166000424516D094F910306878002B09DA0199B8
:1016700001230EF07DFA0028AED1237C03F07F0316
:10168000237401996878012342460EF061FA00281C
:10169000A2D1C4F81C806169019BC1F30801C1F5A6
:1016A0000078B04528BFB04642461944484615F078
:1016B00069FBC8E72DE9F04F9A4685B000238946BB
:1016C000CAF8003003A904461646FFF707FA074692
:1016D00008B9677C27B103983946FFF7F4F908E0A9
:1016E000237C039D9A0708D407212846FFF7EBF9CE
:1016F0000727384605B0BDE8F08F6369F34228BF7D
:10170000DE4304F128030093A6B16369C3F3080222
:10171000002A40F09380B5F80A8008F1FF3818EAF3
:10172000532826D16BB9A16869B92046FFF7F5FBAC
:10173000014640B9237C43F040032374002128462E
:10174000CBE7A169F1E7012906D10221617428469E
:10175000FFF7B9F90227CCE74B1C06D101216174D0
:101760002846FFF7B0F90127C3E7A368A16103B9D1
:10177000A16094F91030002B0BDAE26900996878C7
:1017800001230EF0F5F90028E8D1237C03F07F0354
:101790002374A1692846FEF7C9FF0028D5D0B6F505
:1017A000007F08EB000B37D3698908EB562088428D
:1017B0004FEA5623687888BFA1EB08035A4649468A
:1017C00001930EF0D5F9019B0028C7D1E169A1EB87
:1017D0000B0199420DD24FF4007209EB412104F143
:1017E0002800019315F0CEFA227C019B02F07F02C3
:1017F00022744FEA4328DAF80030E2684344CAF81A
:10180000003063694344A6EB0806C14463619A4211
:101810002CBFE260E36077E7E169636959450BD06B
:10182000E168994208D9687801235A4604F12801F1
:101830000EF08EF9002891D1C4F81CB06069009BAD
:10184000C0F30800C0F50078B04528BFB046184482
:101850004246494615F096FA237C63F07F032374D1
:10186000C9E72DE9F34101A90546FFF737F9044619
:10187000002844D12B7C019F13F040043FD01B066D
:1018800014D5EA697878012305F128010EF070F982
:1018900040B101213846FFF716F90124204602B075
:1018A000BDE8F0812B7C03F07F032B740EF096F9DA
:1018B000296A80463846FEF786FF0446F8B96E6A04
:1018C000F37A43F02003F372AA6828683146FEF7E2
:1018D0006EFFE96806F11C00FEF720FF414606F1A5
:1018E0001600FEF71BFF0123B474F47438463B71F5
:1018F000FFF774F82B7C23F0400304462B74019807
:101900002146FFF7E0F8C9E737B50546FFF7A9FF1D
:10191000044650B901A92846FFF7E0F8044620B96B
:10192000286001460198FFF7CEF8204603B030BD8D
:101930007FB50546019100282FD0002203A901A8F8
:10194000FFF7F6F8044678B9039E01992E60284601
:10195000FFF7B0FB044610BB95F92B30002B0BDBD7
:10196000AB79DB0603D4052400232B600EE030782E
:10197000E969FFF705FAA860F388AB802846FFF70E
:101980005DFA04280446EED00028EDD103982146E4
:10199000FFF799F8204604B070BD0924FAE704283F
:1019A000E1D0E1E737B501A90546FFF797F804460E
:1019B00020B9286001460198FFF785F8204603B05A
:1019C00030BD73B50E4601A90546FFF787F80446FA
:1019D00020B928464EB9FFF731FA0446019821464E
:1019E000FFF771F8204602B070BDFFF729FC10F038
:1019F000FB030446F2D17372AB691BB1E86931464F
:101A0000FFF737F800212846FFF7FEFA04280446BE
:101A100008BF0024E2E730B58FB00D4601900022E8
:101A200003A901A8FFF784F8044688B9019903A81F
:101A3000FFF740FB044658B99DF93730002B0EDB09
:101A400035B1099B68721BB10A982946FFF711F856
:101A500003982146FFF737F820460FB030BD062423
:101A6000F6E72DE9F04F85B088460190164603A9A8
:101A7000002201A8FFF75CF8054648B9039C3460D2
:101A8000D4E9043BABF10202934209D8C8F8003014
:101A900003982946FFF717F8284605B0BDE8F08FF0
:101AA00094F800A0BAF1010F17D102270646394673
:101AB0002046FFF76DF9431C38D0012834D000B917
:101AC000013663690137BB42F1D8C8F80060637919
:101AD000266143F001036371DAE7216A074606468F
:101AE00004F1300947B94B1C20460093FEF76BFE0A
:101AF0008246D8B9009B19462378022B0AD1E319F4
:101B00001B8E03B901360237BBF1010BC7F308077F
:101B1000E8D1DAE709EB0700FEF7FEFD30F070438D
:101B200008BF01360437EFE74FF0020A5546AFE72A
:101B30002DE9F0419AB00222019003A901A8FEF715
:101B4000F7FF044680B9039E0199049604A8FFF7A5
:101B5000B1FA044640B99DF93B30002B42DB9DF8B9
:101B60001640E20708D5072403982146FEF7ABFF8D
:101B700020461AB0BDE8F081DDF82C80307841466F
:101B8000FFF7FEF8E306054612D4049F0A9938468B
:101B9000FEF719FE04460028E6D1E52388F8003058
:101BA00001233B71ADB93046FEF718FF0446DBE771
:101BB00011900FA80F96FFF741F904460028D3D1E2
:101BC0000FA8FFF73DFB04460028CCD00428CBD15A
:101BD000DBE70246294604A8FFF768F90446002817
:101BE000C2D1E0E70624BFE7F0B593B0022201902E
:101BF00002A901A8FEF79CFF04460546002867D10C
:101C0000029B0199079307A8FFF754FA044600289E
:101C10006FD004285CD1029B0393294603A8FFF7E9
:101C20007CF9054600285AD001285AD0431C5C4252
:101C30005C410DF0D3FF0646002C54D10298294692
:101C4000FEF7A3FE044600284DD1029C4FF020333E
:101C5000C4F83130C4F83530A4F839302E2384F874
:101C60003030102384F83B30314604F1460004F153
:101C70003007FEF753FD2A4639462046FEF797FD0A
:101C800004F150031A4651F8040B42F8040B994230
:101C9000F9D12E2384F851302046099A0127FEF706
:101CA00086FD277107A8FFF7F4FA0446D8B90E9805
:101CB00031461630FEF732FD2A4602980E99FEF79D
:101CC00076FD0E9B1022DA720771FEF787FE04463E
:101CD00002982146FEF7F7FE204613B0F0BD072418
:101CE000A7E70224A5E70022294603A8FFF7DEF8AC
:101CF000EEE70824ECE7F0B5A3B0CDE900106846A4
:101D0000FEF71FFD022203A901A8FEF711FF0446FA
:101D1000002840F08680039D01990C950CA8FFF7E0
:101D2000C9F9044600287CD19DF85B3013F0A00F60
:101D30007ED1139E04AC334606F12007186859681B
:101D4000224603C20833BB421446F7D10CAC0FCC79
:101D500017AF0FC70FCC0FC794E8070087E807003D
:101D6000009917A8FFF7A6F9044648B9199A0E9BDF
:101D70009A4203D11B9A109B9A4203D0082450E048
:101D800004284ED117A8FFF784FA0446002848D14A
:101D90001E990DF11D0301F10D020DF12D0053F8F7
:101DA000044B42F8044B8342F9D1188810809B7889
:101DB00093709DF81B30DA0658BF43F020030127CB
:101DC000CB722F71CB7ADB061CD50E9A199B9A42E7
:101DD00018D02878FEF7D4FF01462846FEF7A6FC67
:101DE000014638B32846FEF7EEFC0446C8B995F81C
:101DF00051302E2B06D1199A05F150012846FEF7D5
:101E0000D6FC2F710C9F12993846FEF7DCFC044675
:101E100038B9E523337001233B712846FEF7DEFD18
:101E2000044603982146FEF74EFE204623B0F0BD3F
:101E30000624F6E70224F4E710B50446012000F07A
:101E4000E3FC034B43F82400003818BF012010BD09
:101E5000540A0020024B53F8200000F0F7BE00BFE8
:101E6000540A002008B5054B4FF47A7153F820004E
:101E700000F00AFE431E5842584108BD540A002093
:101E800010B4054C002354F820005DF8044B1A46AA
:101E9000194600F019BC00BF540A002010B54FF0DD
:101EA0008043592416208821C3F80041C3F800015B
:101EB000C3F80011D3F80021002AF5D00E480F4CCA
:101EC00003F0ACFD002211460B4803F04FFD204605
:101ED00005F070FD0A4BB0FBF3F0236843F0C053EC
:101EE0002360236823F0FF0303432360236843F048
:101EF0008043236010BD00BF0200805E00000540EB
:101F0000A0860100014BD868704700BF0000054063
:101F100000F108034FF0FF32C0E902234360036180
:101F200000230360704700230361704743684B60E0
:101F30009A688A60516099600368086101330360A0
:101F4000704730B50C68631C0AD103695A684A604F
:101F500091608B605960036808610133036030BD94
:101F600000F10802134652681568A542FAD9EDE758
:101F7000D0E9011203698A6051605968814208BF43
:101F80005A60002202611A68013A1A6018687047A4
:101F900008480068006880F308884FF0000080F36C
:101FA000148862B661B6BFF34F8FBFF36F8F00DF47
:101FB00000BF000008ED00E0DFF80C00016841F40C
:101FC000700101607047000088ED00E082B00023DE
:101FD00001930D4B1B68013308D04FF0500383F37E
:101FE0001188BFF36F8FBFF34F8FFFDE4FF05003A9
:101FF00083F31188BFF36F8FBFF34F8F019B002BCB
:10200000FCD002B0704700BF300000204FF080735A
:1020100040F8043C074B40F80C3C21F001016FF004
:10202000020340F8081C40F8202C40F8243C4438B7
:10203000704700BFCD1F000000000000000000003E
:10204000074B19680868B0E8F04F80F30988BFF3C0
:102050006F8F4FF0000080F311887047AFF300805E
:10206000C08B00204FF0500383F31188BFF36F8FB4
:10207000BFF34F8F0A4A13680133012B13600ED14F
:102080004FF0E023D3F8043DDBB243B14FF05003EF
:1020900083F31188BFF36F8FBFF34F8FFFDE70475D
:1020A00030000020084A136843B94FF0500383F30F
:1020B0001188BFF36F8FBFF34F8FFFDE013B1360BB
:1020C0000BB983F311887047300000200000000036
:1020D000EFF30980BFF36F8F154B1A681EF0100FD6
:1020E00008BF20ED108A20E9F04F10602DE90900AB
:1020F0004FF0500080F31188BFF34F8FBFF36F8F05
:1021000001F030FB4FF0000080F3118809BC196822
:102110000868B0E8F04F1EF0100F08BFB0EC108A4E
:1021200080F30988BFF36F8F704700BFAFF3008063
:10213000C08B002008B54FF0500383F31188BFF324
:102140006F8FBFF34F8F01F097F928B14FF0E02365
:102150004FF08052C3F8042D002383F3118808BD8B
:102160004FF0E022002313619361054B4FF47A7125
:102170001B68B3FBF1F3013B536107231361704705
:102180002C0000204FF0E02337B5D3F8001D2F4A74
:10219000914208D14FF0500383F31188BFF36F8F42
:1021A000BFF34F8FFFDED3F8002D294B9A42F1D0B9
:1021B000284B1A78D2B20192FF221A701B78264A55
:1021C000DBB28DF803309DF8033003F05003137039
:1021D000224A072313609DF80310136809062CD4C4
:1021E000032BD7D14FF440731360019B194A4FF072
:1021F000E024DBB21370D4F8203D43F47003C4F83C
:10220000203DD4F8203D43F07043C4F8203DFFF753
:10221000A7FF134B00251D60FFF7CEFED4F8343F17
:1022200043F04043C4F8343FFFF7B2FE01F09AFA9E
:10223000FFF7CCFE284603B030BD013B13609DF88C
:1022400003305B00DBB28DF80330C4E771C20F418D
:1022500070C20F4100E400E0600A00205C0A002028
:1022600030000020EFF305830F2B0ED90C4A9B5C46
:102270000C4A12789A4208D94FF0500383F3118820
:10228000BFF36F8FBFF34F8FFFDE4FF0E023064A9F
:10229000D3F80C3D126803F4E0639342ECD8704726
:1022A000F0E300E0600A00205C0A002010B5104B4B
:1022B0001A461B688342FBD354681119884201BF38
:1022C0004168104609195160446801198B420CD1CC
:1022D000084909688B4203D0596821444160196854
:1022E0000160904218BF106010BD1946F8E700BFAA
:1022F000740A0020700A00202DE9F041044601F024
:10230000A5F83C493C4D0B680BBB3C4A56071FBF28
:10231000D01D20F0070002F50042131A0CBF4FF445
:10232000004302461344364E083B23F007030020C7
:1023300070603260C3E90000981AC2E900300B6097
:10234000304B1860304B18604FF000432B602F6803
:10235000274207D001F028F90BF038FD002630465F
:10236000BDE8F081002CF5D004F1080360071CBF24
:1023700023F007030833002BECD0DFF88C80D8F86B
:1023800000509D42E6D31E4A14686068984201D20C
:102390002668B6B90968A142DCD0216816681160C8
:1023A000C21A102A06F1080612D9E01841070BD00C
:1023B0004FF0500383F31188BFF36F8FBFF34F8F3C
:1023C000FFDE22463446E0E742606360FFF76EFFBF
:1023D0000C4962680868AD1A0023174385422360E0
:1023E000676038BF0D60C8F8005001F0DDF8730772
:1023F000B5D0DDE7700A0020640A00207C0A0020C6
:10240000740A0020680A00206C0A002038B50446CF
:1024100038B3144A50F8043C12681342A0F108057E
:1024200008D14FF0500383F31188BFF36F8FBFF3D0
:102430004F8FFFDE50F8081C0029F2D123EA020377
:1024400040F8043C01F002F8074A54F8043C1168D3
:1024500028460B441360FFF729FFBDE8384001F020
:10246000A3B838BD640A00206C0A0020014B18682C
:10247000704700BF6C0A002010B50446FFF7F2FD5C
:10248000A46BFFF70FFEB4FA84F0400910BD70B5DD
:102490001646026C856B044642B906689EB94068D0
:1024A00001F002FB66600135A56370BD6EB98068FE
:1024B00014F068FCA368226C13446268A360934222
:1024C00024BF2368A3600020EDE7C06814F05AFC25
:1024D000226CE36851429B1A2268E36093423EBF3C
:1024E00063685B18E360022EEDD10DB1013DEAE7B0
:1024F0002846D8E773B5846C01900A4644B94FF07A
:10250000500383F31188BFF36F8FBFF34F8FFFDE4C
:10251000A16BE36B9942F2D2A16B8B421AD994F86A
:10252000455001A92046FFF7B2FF6DB26B1C06466D
:102530000BD1636A33B104F1240001F0ABF9002838
:1025400018BF0126304602B070BD01356DB284F867
:102550004550F7E70026F5E7034610B41A6C084625
:102560006AB1DC68596814448C4228BF1968DC6081
:1025700028BFD960D9685DF8044B14F003BC5DF83E
:10258000044B704770B50446FFF76CFD94F8455056
:1025900004F124066DB2002D0DDDA36C4BB10021BA
:1025A0002046FFF7A7FF08B101F012FA013D6DB216
:1025B000F1E7636AB3B9FF2384F84530FFF772FD92
:1025C000FFF750FD94F8445004F110066DB2002D51
:1025D00001DD236953B9FF2384F84430BDE870401E
:1025E000FFF760BD304601F055F9DCE7304601F0F9
:1025F00051F908B101F0ECF9013D6DB2E7E738B5EA
:102600000D46044640B94FF0500383F31188BFF3E1
:102610006F8FBFF34F8FFFDEFFF724FDD4E90F313B
:102620002268A2604B43D0185B1A1A446060FF23F3
:102630000020A063E26084F8443084F84530A5B9F6
:10264000236973B104F1100001F024F948B14FF08F
:10265000E0234FF08052C3F8042DBFF34F8FBFF338
:102660006F8FFFF71FFD012038BD04F11000FFF749
:102670004FFC04F12400FFF74BFCF2E7F8B50D46E0
:102680001746064640B94FF0500383F31188BFF355
:102690006F8FBFF34F8FFFDE48435430FFF72CFEA0
:1026A000044668B175B100F154032360C4E90F65B5
:1026B00001212046FFF7A3FF002384F85070A36494
:1026C0002046F8BD0346F0E72DE9FF410F46019291
:1026D0001D46044640B94FF0500383F31188BFF301
:1026E0006F8FBFF34F8FFFDE11B9036C002BF2D158
:1026F000022D02D1E36B012BEDD101F075F90646F5
:10270000B0B100264FF00008FFF7ACFCA26BE36B02
:102710009A4211D22A4639462046FFF7B8FEA36CEA
:1027200093B9636AA3B104F1240001F0B3F80FE098
:10273000019B002BE6D0CEE7022DEBD0019BC3B965
:10274000FFF7B0FC002011E029462046FFF7D2FE3B
:1027500048B14FF0E0234FF08052C3F8042DBFF38F
:102760004F8FBFF36F8FFFF79DFC012004B0BDE8D2
:10277000F08116B902A801F0EBF8FFF793FC00F026
:1027800065FEFFF76FFC94F84430FF2B08BF84F818
:10279000448094F84530FF2B08BF84F84580FFF74C
:1027A00081FC01A902A801F0DFF838BBFFF75AFC51
:1027B000A26BE36B9A420ED1FFF774FC019904F10E
:1027C000100001F02FF82046FFF7DCFE00F0ECFED1
:1027D00048B1012698E7FFF765FC2046FFF7D2FED7
:1027E00000F0E2FEF5E74FF0E0234FF08052C3F82F
:1027F000042DBFF34F8FBFF36F8FEAE72046FFF73B
:10280000C1FE00F0D1FE9DE710B502460021012077
:10281000FFF734FF044638B10023C0E90033C3603A
:102820001A461946FFF750FF204610BD2DE9F84320
:10283000894617461E46044640B94FF0500383F3BD
:102840001188BFF36F8FBFF34F8FFFDE11B9036C99
:10285000002BF2D1022E02D1E36B012BEDD1FFF759
:1028600001FDEFF311884FF0500383F31188BFF39C
:102870006F8FBFF34F8FA26BE36B9A4201D3022E8F
:1028800027D194F8455032466DB249462046FFF7AD
:10289000FEFD6B1C18D1A36C73B131462046FFF7C7
:1028A00029FE20B9012088F31188BDE8F883002FA4
:1028B000F8D001233B60F5E7636A002BF2D004F106
:1028C000240000F0E7FFECE701356DB284F84550D5
:1028D000E8E70020E7E770B50D46044640B94FF041
:1028E000500383F31188BFF36F8FBFF34F8FFFDE69
:1028F000036C002BF3D1036813B94368002BEED1AE
:10290000FFF7B0FCEFF311864FF0500383F311880B
:10291000BFF36F8FBFF34F8FA26BE36B934223D94B
:1029200094F845100132FF294BB2A26317D1A36C72
:102930006BB100212046FFF7DDFD18B9012086F3B9
:10294000118870BD002DF9D001232B60F6E7636A72
:10295000002BF3D004F1240000F09CFFEDE70133DD
:102960005BB284F84530E9E70020E8E72DE9FF4154
:102970000E460192044640B94FF0500383F311888C
:10298000BFF36F8FBFF34F8FFFDE11B9036C002BC6
:10299000F2D101F029F8054618B300254FF00008E0
:1029A000FFF760FBA76B07B331462046013FFFF7F7
:1029B000D3FDA763236973B104F1100000F06AFF2F
:1029C00048B14FF0E0234FF08052C3F8042DBFF31D
:1029D0004F8FBFF36F8FFFF765FB012004B0BDE899
:1029E000F081019B002BD9D0C6E7019B1BB9FFF7F3
:1029F00059FB0020F2E715B902A800F0A9FFFFF784
:102A000051FB00F023FDFFF72DFB94F84430FF2B22
:102A100008BF84F8448094F84530FF2B08BF84F841
:102A20004580FFF73FFB01A902A800F09DFF00BB16
:102A30002046FFF721FDB0B1019904F1240000F018
:102A4000F1FE2046FFF79EFD00F0AEFD48B94FF0C5
:102A5000E0234FF08052C3F8042DBFF34F8FBFF334
:102A60006F8F01259CE72046FFF78CFD00F09CFD51
:102A7000F7E72046FFF786FD00F096FD2046FFF7BA
:102A8000FBFC0028EDD0B4E7F0B585B00446019119
:102A900040B94FF0500383F31188BFF36F8FBFF33A
:102AA0004F8FFFDE056C002DF3D100F09DFF064631
:102AB00010B32E460027FFF7D5FAA36B0BB3013BEB
:102AC000A363236813B901F087F86060236973B1C9
:102AD00004F1100000F0DEFE48B14FF0E0234FF0AB
:102AE0008052C3F8042DBFF34F8FBFF36F8FFFF7F2
:102AF000D9FA012005B0F0BD019B002BC9D13546A4
:102B0000D8E7019B2BB9002DC3D1FFF7CBFA0020EA
:102B1000F0E716B902A800F01BFFFFF7C3FA00F0B8
:102B200095FCFFF79FFA94F84430FF2B08BF84F818
:102B3000447094F84530FF2B08BF84F84570FFF7C8
:102B4000B1FA01A902A800F00FFF50BB2046FFF721
:102B500093FC00B323683BB9FFF784FA606800F088
:102B600053FF0546FFF79EFA019904F1240000F097
:102B700059FE2046FFF706FD00F016FD48B94FF05C
:102B8000E0234FF08052C3F8042DBFF34F8FBFF303
:102B90006F8F01268FE72046FFF7F4FC00F004FD5D
:102BA000F7E72046FFF7EEFC00F0FEFC2046FFF7BB
:102BB00063FC0028EDD0002DA9D0FFF753FA616A1D
:102BC00019B1236B1968C1F10501606800F0B4FF09
:102BD0009BE710B5044640B94FF0500383F31188CA
:102BE000BFF36F8FBFF34F8FFFDEFFF73BFAA46B8E
:102BF000FFF758FA204610BD30B5074A002352F8B7
:102C0000335002EBC3041DB942F83310606030BD8D
:102C10000133082BF3D1FAE77C8A002010B5094A6A
:102C2000002352F8331081424FEAC30406D1064A0A
:102C3000002142F833102244516010BD0133082BAB
:102C4000EFD1FAE7808A00207C8A002008B540B9DD
:102C50004FF0500383F31188BFF36F8FBFF34F8F93
:102C6000FFDEFFF7DBFFBDE80840FFF7CFBB70B525
:102C700004460D461646FFF7F5F994F84430FF2B4D
:102C800004BF002384F8443094F84530FF2B04BF80
:102C9000002384F84530FFF705FAA36B2BB93246C1
:102CA000294604F1240000F0D7FD2046BDE870401D
:102CB000FFF768BC8268436800681344181A8242B0
:102CC00098BF801A70472DE9F041044688461646A1
:102CD00042B94FF0500383F31188BFF36F8FBFF3F6
:102CE0004F8FFFDE456883685F1B974228BF1746FA
:102CF000EA199342EDD380693A46284414F042F829
:102D0000BE4208D9A368F21B9A42E2D8A06908EB38
:102D1000070114F037F8A3683544AB4298BFED1AA9
:102D200065603046BDE8F081934228BF13462DE927
:102D3000F041064688461D463BB3046883681F1B66
:102D4000AF4228BF2F46BA4208D24FF0500383F358
:102D50001188BFF36F8FBFF34F8FFFDEE2199342ED
:102D6000F3D381693A462144404614F00BF8BD4242
:102D700005D9B169EA1B08EB070014F003F8B36842
:102D80002C44A34298BFE41A34602846BDE8F08181
:102D90002DE9F3411646089A04460F461D46C2B176
:102DA00004220DEB0201D0F80080FFF7BDFF019B6C
:102DB000B342A5F1040503D90023C4F800800193B0
:102DC000019A2B463946204602B0BDE8F041FFF794
:102DD000ABBF0196F4E74FF0500383F31188BFF3C4
:102DE0006F8FBFF34F8FFFDE04282DE9F0410546BA
:102DF0000E46174608D84FF0500383F31188BFF3EF
:102E00006F8FBFF34F8FFFDE8842F4D32530FFF77B
:102E100073FA0446D0B100F1240801352A46552141
:102E2000404613F019FC804501D0FFF7D4FF24225F
:102E30000021204613F010FC012E38BF0126C4F8F3
:102E40001880A560E6600FB1012323772046BDE816
:102E5000F08108B508B9FFF7BEFF826803684168D2
:102E6000D0180138401A824298BF801A08BD2DE957
:102E7000F043044685B015461F460E4641B94FF053
:102E8000500383F31188BFF36F8FBFF34F8FFFDEC3
:102E90000028F4D0027F12F0010814BF05F10409E4
:102EA000A946FFF7D6FF039568B1B8F1000F0FD11F
:102EB000854294BF03950390039A31462046FFF75D
:102EC00002FF054660B90025284605B0BDE8F0833D
:102ED0008145F8D8042203A92046FFF7F4FEEBE76A
:102EE0002046FFF7E7FEE3689842EDD3EFF3118643
:102EF0004FF0500383F31188BFF36F8FBFF34F8FF1
:102F0000236943B10023206900971A46194600F04F
:102F100013FF0023236186F31188D5E72DE9F743DA
:102F20000446904699460F4641B94FF0500383F34B
:102F30001188BFF36F8FBFF34F8FFFDE0028F4D0EF
:102F4000067F06F00106B600ABB3FFF78BF820460C
:102F5000FFF7B0FE8642054619D2FFF7A3F82B46CD
:102F60000096424639462046FFF712FF054638B321
:102F700000F06CFA63693BB100231A461946606998
:102F800000F07CFE0023636100F00EFB19E00020DE
:102F900000F048FF2569002DC7D100F01FFD20611A
:102FA000FFF780F84B462A464FF0FF31284600F0E5
:102FB0001FFE25612046FFF77DFE86420546CED3E3
:102FC0000025284603B0BDE8F0830268F0B503464B
:102FD0001AB342685068586003F10802904204BF77
:102FE000D86858605868C768586840685860824216
:102FF00004BF506858605868C0684D1E00F1330423
:1030000000F13D0C14F801EF15F8016F764502D17F
:1030100026B16445F6D18742E6D10020F0BD00001C
:10302000F8B51A4B1A4D1C680646286804300F463E
:10303000FEF79EFF40B92A681649D06A0B68012244
:10304000824023EA02030B60731C07D137B1296861
:103050001148BDE8F8400431FEF768BF2B68A41999
:103060005C6007D30D4B18682968BDE8F84004314F
:10307000FEF767BF0A4B186829680431FEF761FF45
:10308000084B1A68A24288BF1C60F8BDE48A002081
:10309000C08B0020E08A0020EC8A00202C8B0020CE
:1030A000308B0020C88A0020064A13681968064B36
:1030B00019B94FF0FF321A6070471268D268D268AF
:1030C0005268F8E7308B0020C88A002080B5154C84
:1030D000154F164E236873B9154B1B68012BF8D991
:1030E0004FF0E0234FF08052C3F8042DBFF34F8F11
:1030F000BFF36F8FEDE7FEF7B5FFFB68DD68281DB6
:10310000FEF736FF3368013B33602368013B2360E1
:10311000FEF7C8FF286BFFF779F92846FFF776F925
:10312000D8E700BF008B0020048B0020E88A002035
:103130005C8B00202DE9F84F950006462846DDF807
:103140002C808A461F46FFF7D7F8814618B94FF002
:10315000FF30BDE8F88F6020FFF7CEF80446002866
:1031600000F0A780C0F830902A464846A52113F009
:1031700073FA236B043D2B4423F00709C4F84090F5
:103180000AF1FF3304F133020AF1090A13F8011FAF
:1031900002F8011F09B15345F8D10A9D042D28BF3B
:1031A00004254FF0000B04F1040AC4E9135BE56247
:1031B000504684F83DB0FEF7B6FEC5F1050504F1B2
:1031C0001800FEF7B0FEC4F858B02461A56164622F
:1031D000C4F854B084F85CB03A4631464846FEF72D
:1031E00015FF2060B8F1000F01D0C8F80040FEF7CD
:1031F00039FF324B324F1A68324E01321A603D6845
:10320000002D4BD13C601B68012B1FD1B0464046BE
:103210000135FEF77DFE052D08F11408F7D1DFF822
:10322000CC80294D4046FEF773FE2846FEF770FE1F
:103230002648FEF76DFE2648FEF76AFE2548FEF793
:1032400067FE254BC3F80080244B1D60244A2549A6
:103250001368086801331360E26A636401239340D2
:10326000034314200B6000FB02605146FEF75EFE34
:10327000FEF718FF1C4B1B6873B13B68DA6AE36A00
:103280009A4209D24FF0E0234FF08052C3F8042D48
:10329000BFF34F8FBFF36F8F01205AE7124B1A68AD
:1032A000E36A002AD2D13A68D26A9A4298BF3C6057
:1032B000CCE74846FFF7AAF849E700BFE88A0020B4
:1032C000C08B00205C8B0020348B0020188B0020EA
:1032D000048B0020EC8A0020308B00202C8B0020F7
:1032E000CC8A0020E08A0020DC8A0020488B002065
:1032F00070B504462B4DFEF7B5FE04B92C68261DAB
:103300003046FEF735FE60B9E06A274A142343438E
:10331000D35833B9254901220B68824023EA0203BE
:103320000B60A36A1BB104F11800FEF721FE204ACE
:103330001368013313602B68A3421BD11D4831462B
:10334000FEF7F4FD1C4A136801331360FEF7AAFE72
:103350001A4B1B682BB32B68A34222D1184B1B6856
:10336000ABB14FF0500383F31188BFF36F8FBFF3FE
:103370004F8FFFDE134A206B1368013B1360FFF78A
:1033800045F82046FFF742F8FFF78EFEDEE74FF0E4
:10339000E0234FF08052C3F8042DBFF34F8FBFF3EB
:1033A0006F8F70BDC08B00205C8B0020E08A0020F6
:1033B000CC8A0020048B0020008B0020DC8A0020B7
:1033C000C08A0020E88A002013B51A4B019300241C
:1033D00019491A48009423463222FFF7ABFE012810
:1033E0001AD100F07FFD012816D14FF0500383F36E
:1033F0001188BFF36F8FBFF34F8F114B4FF0FF3228
:103400001A60104B1860104B1C60FEF747FD02B0AD
:10341000BDE81040FEF7B6BE013008D14FF05003B2
:1034200083F31188BFF36F8FBFF34F8FFFDE02B0BE
:1034300010BD00BFC48A0020F8AE0100CD300000EE
:10344000C88A0020DC8A0020E48A0020024A13682F
:1034500001331360704700BFC08A0020014B186819
:10346000704700BFE48A002008B5FEF7FBFE014B61
:10347000186808BDE48A0020404B1B682DE9F74F0F
:10348000002B74D13E4B1C6801341C60BCB93D4B11
:103490001A68126842B14FF0500383F31188BFF3EA
:1034A0006F8FBFF34F8FFFDE374A196810681860BF
:1034B0001160364A136801331360FFF7F5FD344D90
:1034C000344E2B68344FA3424FF0000B11D93A68A9
:1034D000D26A14214A43B258022A28BF4FF0010B86
:1034E0002E4A1268002A0CBF5846012003B0BDE8DE
:1034F000F08FDFF890A0DFF8AC90DAF800201268C7
:103500001AB94FF0FF322A60E1E7DAF80020D268FA
:10351000D2F80C80D8F804108C4201D22960D6E78A
:1035200008F1040318460193FEF722FDD8F828108D
:1035300019B108F11800FEF71BFDD8F82C00D9F8D6
:103540000030012202FA00F119434FF0140CC9F8BF
:1035500000100CFB00600199FEF7E8FC3868D8F811
:103560002C10C26A914228BF4FF0010BC5E70C4AEC
:103570001368013313604FF0000BB1E7C08A0020DD
:10358000E48A0020308B00202C8B0020D08A002081
:10359000C88A00205C8B0020C08B0020D48A0020C9
:1035A000D88A0020E08A00202DE9F843314C2368B6
:1035B00043B94FF0500383F31188BFF36F8FBFF30C
:1035C0004F8FFFDEFEF74EFD2368013B236024682A
:1035D0002CB10024FEF766FD2046BDE8F883264B9B
:1035E0001B68002BF5D0254D254EDFF8A4801FE089
:1035F000EB68DC6804F1040904F11800FEF7B8FC7C
:103600004846FEF7B5FCE26A3168012707FA02F383
:1036100014200B4300FB028049463360FEF786FC12
:10362000184BE26A1B68DB6A9A4201D3164B1F6093
:103630002B68002BDCD10CB1FFF736FD134D2C6845
:1036400044B1114E0127FFF717FF00B13760013C6D
:10365000F9D12C600C4B1B68002BBAD04FF0E02343
:103660004FF08052C3F8042DBFF34F8FBFF36F8F1D
:103670000124AFE7C08A0020E88A0020188B0020D0
:10368000E08A0020C08B0020D48A0020D88A002045
:103690005C8B002008B550B94FF0E0234FF080520A
:1036A000C3F8042DBFF34F8FBFF36F8F08BD0A4BD4
:1036B000196841B14FF0500383F31188BFF36F8F46
:1036C000BFF34F8FFFDEFFF7C1FEFFF7A9FCFFF747
:1036D0006BFF0028E0D0E9E7C08A00202DE9F04127
:1036E000064612F04DFF092808D94FF0500383F326
:1036F0001188BFF36F8FBFF34F8FFFDEFFF7A6FE7A
:10370000DFF85C8005251427013D314607FB058065
:10371000FFF75BFC0446B0B9002DF5D10C4B1868DF
:10372000FFF753FC044670B90A4B1868FFF74DFCCD
:10373000044640B90848FFF748FC044618B9074852
:10374000FFF743FC0446FFF72FFF2046BDE8F0815A
:10375000308B00202C8B0020EC8A0020048B002072
:103760005C8B002038B5294B1A68294B12B1012215
:103770001A6038BD1A60FEF7C5FB264A264C15684C
:10378000A84204D921684B6D5B1B03444B65236839
:1037900010601B6B1A68B2F1A53F0BD15A68B2F1E9
:1037A000A53F07D19A68B2F1A53F03D1DB68B3F119
:1037B000A53F04D02068216834310AF037FB174B4D
:1037C0001A68B2FA82F2D2B2C2F11F02142314496B
:1037D0005343C818CD5845B94FF0500383F31188AF
:1037E000BFF36F8FBFF34F8FFFDE456808336D68FF
:1037F00045600B449D4204BF6B684360142303FB88
:1038000002114B68DB682360B3E700BFC08A002069
:10381000D48A0020BC8A0020C08B0020E08A0020CF
:103820005C8B002010B50C4640B94FF0500383F379
:103830001188BFF36F8FBFF34F8FFFDE054B196801
:103840001831FEF77EFB20460121BDE81040FFF74E
:10385000E7BB00BFC08B002038B50D46144640B909
:103860004FF0500383F31188BFF36F8FBFF34F8F77
:10387000FFDE074B19681831FEF758FB002C214674
:103880000CBF28464FF0FF30BDE83840FFF7C8BBFB
:10389000C08B002038B5C368DC6844B94FF05003D2
:1038A00083F31188BFF36F8FBFF34F8FFFDE04F1F7
:1038B00018052846FEF75CFB114B1B68E3B9251D74
:1038C0002846FEF755FB0F49E26A0868012393403A
:1038D00003430B600C4B1420294600FB0230FEF71B
:1038E00025FB0A4BE26A1B68DB6A9A4283BF084BDE
:1038F00001201860002038BD06482946EFE700BFC8
:10390000C08A0020E08A00205C8B0020C08B002051
:10391000D48A0020188B002010B5044640B94FF01F
:10392000500383F31188BFF36F8FBFF34F8FFFDE18
:10393000FEF798FB044B1B682360044B1B68636015
:10394000BDE81040FEF7AEBBD08A0020E48A00201C
:10395000034B1B680360034B1B684360704700BF49
:10396000D08A0020E48A002070B50C46054640B994
:103970004FF0500383F31188BFF36F8FBFF34F8F66
:10398000FFDE0029F4D0FEF76DFB0F4B19682368AA
:103990005A1C10D00D482E6800686A68864201D013
:1039A0008A420FD9881A83420AD95B1A13442360CA
:1039B0002846FFF7CDFF0024FEF774FB204670BDBC
:1039C000002323600124F7E7E48A0020D08A002046
:1039D000014B01221A607047D48A0020014B1868FD
:1039E000704700BFC08B0020054B1B6833B1054BEF
:1039F0001868B0FA80F04009400070470120704715
:103A0000DC8A0020C08A00202DE9F041044600280D
:103A10002ED0224DC36A2A68D26A934236D2826976
:103A20001F4F002AA1BF2A68D26AC2F10502826133
:103A30001426426906FB03739A4215D100F104086B
:103A40004046FEF795FA174AA0B12B681168D86A6C
:103A5000E062012383400B4313601423414603FBC0
:103A60000070FEF763FA02E02B68DB6AC362012094
:103A7000BDE8F081E06A4643BB59002BE5D11368ED
:103A80000121814023EA01031360DEE72B68C06C4B
:103A9000DB6A98422CBF00200120E9E7C08B0020A0
:103AA0005C8B0020E08A0020F8B5044608B90020AD
:103AB000F8BD1E4B1B68834208D04FF0500383F3C0
:103AC0001188BFF36F8FBFF34F8FFFDE1B6D002B8D
:103AD000F3D0C16AC26C013B91420365E7D0002B71
:103AE000E5D1061D3046FEF743FA114F114A50B991
:103AF000E16A14234B43FB582BB9136801258D4011
:103B000023EA05031360E36CE362C3F10501A161DD
:103B10001168012404FA03F514200D4300FB03701F
:103B200031461560FEF702FA2046C1E7C08B00203F
:103B30005C8B0020E08A0020F8B50446002844D0C1
:103B4000026D42B94FF0500383F31188BFF36F8FBA
:103B5000BFF34F8FFFDEC36C994238BF1946C36A6B
:103B60008B4232D0012A30D1184A12688242E9D001
:103B70008269174EC162002A4FF014054269A8BF3E
:103B8000C1F1050105FB0363A8BF81619A421CD105
:103B9000071D3846FEF7ECF9E26A0E4C40B9554372
:103BA00073592BB923680121914023EA0103236053
:103BB0002168012393400B4314202360394600FB06
:103BC0000260BDE8F840FEF7B1B9F8BDC08B002037
:103BD0005C8B0020E08A0020044B1A681AB1196837
:103BE0000A6D01320A651868704700BFC08B00205B
:103BF0002DE9F041204C1E4680460F461546FEF743
:103C000031FA236893F85C30022B16D02268936D4A
:103C100023EA080393652368012183F85C1066B1E9
:103C20003046FFF7FDF94FF0E0234FF08052C3F824
:103C3000042DBFF34F8FBFF36F8FFEF733FAFEF7FC
:103C400011FA15B123689B6D2B60236893F85C30E3
:103C5000022B01BF2268936DBB43936523684FF02D
:103C600000020CBF0125002583F85C20FEF71AFA3C
:103C70002846BDE8F08100BFC08B0020F8B50F4694
:103C800016461D46044640B94FF0500383F3118891
:103C9000BFF36F8FBFF34F8FFFDEFEF7E3F90DB178
:103CA000A36D2B6094F85C500223721EEDB284F871
:103CB0005C30032A06D8DFE802F002303533A36D0A
:103CC0003B43A365012D23D1261D3046FEF750F955
:103CD000164AE36A11689D400D431560144A14208A
:103CE00000FB03203146FEF721F9A36A002BCBD15C
:103CF000104BE26A1B68DB6A9A4209D94FF0E02355
:103D00004FF08052C3F8042DBFF34F8FBFF36F8F76
:103D10000124FEF7C7F92046F8BDA36D0133D0E7B3
:103D2000022D01D0A765CDE70024F2E7E08A00204C
:103D30005C8B0020C08B00202DE9F843089F89464A
:103D400016461D46044640B94FF0500383F31188D0
:103D5000BFF36F8FBFF34F8FFFDEFEF783FAEFF3F2
:103D600011884FF0500383F31188BFF36F8FBFF3B7
:103D70004F8F0DB1A36D2B6094F85C500223721E1F
:103D8000EDB284F85C30032A07D8DFE802F0022D98
:103D90003230A36D43EA0903A365012D1FD1A36A45
:103DA000002BD1D1194B1B6833BB261D3046FEF7C3
:103DB000DFF8174AE36A11689D400D431560154A04
:103DC0001420314600FB0320FEF7B0F8124BE26AE4
:103DD0001B68DB6A9A4202D901238FB13B60012044
:103DE00088F31188BDE8F883A36D0133D4E7022D71
:103DF00009D0C4F85890D0E7084804F11801E3E767
:103E0000074A1360EBE70020EAE700BFC08A002002
:103E1000E08A00205C8B0020C08B0020188B0020E3
:103E2000D48A002010B5044608B9084B1C68FEF778
:103E300019F994F85C300020022B0ABF84F85C006A
:103E400004460124FEF72EF9204610BDC08B002049
:103E5000914208B5416000610AD8D21A83699A423A
:103E60000DD2084B011D1868FEF76BF8002008BD45
:103E70009A4201D2994202D2034B011DF3E701207D
:103E8000F5E700BFD08B0020D48B0020F8B50F4C95
:103E9000FEF7E8F82568ADB90D4F0E4E3846FEF72F
:103EA00037F83046FEF734F80B4B1F600B4B2A46B1
:103EB0000C210A201E60FEF7E1FB206010B10849CA
:103EC000FEF79AFEBDE8F840FEF7ECB8CC8B002078
:103ED000EC8B0020D88B0020D48B0020D08B0020CE
:103EE000FDAE010007B5FFF7D1FF0D4B1B6843B9CD
:103EF0004FF0500383F31188BFF36F8FBFF34F8FE1
:103F0000FFDE084B01930223009307490748002373
:103F10006422FFF70FF90028EAD003B05DF804FB34
:103F2000CC8B0020C88B002002AF01007140000044
:103F30002DE9F04180462C200D4617461E46FEF71F
:103F4000DBF90446A8B145B94FF0500383F311885B
:103F5000BFF36F8FBFF34F8FFFDEFFF797FF069B17
:103F6000C4F80080C4E9065726626362201DFDF78D
:103F7000DAFF2046BDE8F0817FB5164604461A46B2
:103F800040B94FF0500383F31188BFF36F8FBFF335
:103F90004F8FFFDE0D4D286880B10529CDE9011650
:103FA00003940DDCFFF720FD0023022808BF089AC8
:103FB000286818BF1A4601A9FEF786FB04B070BD39
:103FC000002301A9FEF732FCF8E700BFCC8B0020EC
:103FD0002DE9F347DFF894800646FFF73FFAD8F85B
:103FE00000308342054609D91E4F3B681A686AB9FA
:103FF0001D4A116839601360012300E00023284640
:104000003360C8F8005002B0BDE8F087DB68DC68B8
:10401000D3F8009004F1040A5046FDF7A9FF636A43
:1040200020469847E369012BDFD1A3694B449945AA
:1040300006D23868636024615146FDF782FFD4E7F9
:10404000002300934A4619462046FFF795FF0028B3
:10405000CBD14FF0500383F31188BFF36F8FBFF3C1
:104060004F8FFFDED48B0020D08B0020C48B00202C
:104070002DE9F043594E5A4F87B033681D68002D23
:1040800033D0DB68D3F80080FFF7E0F903A8FFF72F
:104090009FFF039C8146002C75D1002D58D04045D0
:1040A0005CD3FFF781FA3368DB68DD68281DFDF714
:1040B0005FFFEB69012B1AD1A96943464A46414487
:1040C0002846FFF7C5FE90B100942346424621469C
:1040D0002846FFF751FF50B94FF0500383F3118882
:1040E000BFF36F8FBFF34F8FFFDEA846CCE76B6A3D
:1040F000284698473868002203A9FEF737FC0028B5
:10410000BBD0039B002BF5DB059C636913B1201D1D
:10411000FDF72EFF02A8FFF75BFF039B0246092B6A
:10412000E8D801A151F823F08D4100008D41000035
:104130008D410000F5400000C1410000D541000064
:104140008D4100008D410000F5400000C14100009C
:10415000244B1B681C68B4FA84F46409386822464E
:10416000A8EB0901FEF783FDFFF71EFA0028C1D175
:104170004FF0E0234FF08052C3F8042DBFF34F8F70
:10418000BFF36F8FB6E7FFF70FFAB3E7A169049BA0
:1041900020461944FFF75CFE0028ABD0636A204636
:1041A0009847E369012BA5D1A269049900230A4429
:1041B000009319462046FFF7DFFE00289AD18BE7CF
:1041C0000499A161002987D0034601442046FFF7E6
:1041D0003FFE8FE72046FEF719F98BE7D48B0020CE
:1041E000CC8B0020D08B00200369C26893429CBF17
:1041F00081685B18013B981A70472DE9F041D0E9BE
:1042000002840546A8EB04064068964220440F4607
:10421000144406D912F0B6FDBFF35F8FEC60BDE821
:10422000F0813246A4EB080412F0ACFD6868224627
:10423000B919EFE72DE9F843C568064689461746E0
:104240004FF000083369B46870689D4228BF1B199D
:10425000641BBC4203F1FF3328BF3C465B1B9C42FE
:1042600028BF1C4649462246284412F08BFDB368FD
:104270002544A044A1443F1BAB4208BF0025BFF327
:104280005F8FF560002FDDD14046BDE8F883000068
:1042900008B5144BA8220021184612F0DDF90322BC
:1042A000026111494261114A8161C2614FF4806229
:1042B0000262002282624262C26201660C49416669
:1042C0001021816603460267C2664267BFF35F8FB3
:1042D000084911F8010D98540132102AF9D1BFF3A1
:1042E0005F8F08BD800900200AAF01008005002013
:1042F00070050020F0DD0100F8B5144B182700FB15
:1043000007751D4407FB00330E46DB6A012B14467C
:104310000AD0022B14D023B92846FFF765FF844248
:1043200008D900242046F8BD2846FFF75DFF8442E7
:1043300028BF0446224631462846FFF75EFFF1E7D4
:104340002846BDE8F840FFF775BF00BF8009002090
:10435000F8B50B4B1B78532B04460D46164601D07F
:10436000FFF796FFEFF311874FF0200181F31188DB
:10437000324629462046FFF7BFFF87F31188F8BD74
:104380008009002038B5054608460C4612F0F8F8BA
:10439000214602462846BDE83840FFF7D9BFFFF75F
:1043A00077BF826810B504464068531C834205D825
:1043B00020688154A360E3680133E360D4E90132EB
:1043C0009A420BD121682069FFF7C2FFA368984287
:1043D00015BF4FF0FF330023E360A36010BD000062
:1043E0002DE9F84F9946DDE90A4316460546884609
:1043F0000A464FF0010AB24212D2CA4538BFCA4635
:1044000013F0010B01D184B90024EB68002B3DDBD4
:104410000127B9F1010F1FD909F1FF397743F8E7F7
:104420000AF1010AB2FBF6F2E5E79B0712D5B9F1F2
:10443000000F0CBF30272027A245E6D23946284678
:10444000FFF7AFFFEB68002B04F1FF34DDDB002C3E
:10445000F2D1D9E72027EFE7B8FBF7F39E42DDD989
:10446000DFF84890B8FBF7F3284619F8031007FB6C
:104470001388FFF796FFEB68002B03DBB7FBF6F31F
:10448000B74205D2BBF1000F00D064B9BDE8F88F88
:104490001F46E7E720212846FFF783FFEB68002B44
:1044A00004F1FF34F2DB5445F4D8EFE7F1DD01000D
:1044B0002DE9F04F00239BB00D464021CDE90613B6
:1044C000CDE908300DF1280A03901646CDF814A066
:1044D00015F8011B39B9089D002D00F32C810898AF
:1044E0001BB0BDE8F08F252940F0CC804FF0000BC9
:1044F000294611F8013B2D2B18D012D8232B1CD0A4
:104500002B2B17D00024294611F8013BA3F13000D2
:10451000092815D80A2202FB0433A3F130040D4602
:10452000F1E7302BEED14BF0020B01E04BF0010B29
:104530000D46DDE74BF0040BFAE74BF0080BF7E70D
:104540002E2B39D16B782A2B21D13368191DD3F842
:104550000090316002350127284610F8011B01F058
:10456000FB0CBCF1680F0546F7D078290BD86F29F2
:1045700026D8632900F082803AD8252900F082806D
:10458000582900F0AE80089B002BA1DAA3E74FF07A
:1045900000090D464F464FF00A0C284610F8011B43
:1045A000A1F1300EBEF1090FD6D80CFB0911A1F113
:1045B000300905460127F0E74FF000094F46CBE7E9
:1045C00070390829DFD801A050F821F027470000F2
:1045D0008745000087450000F3460000874500003E
:1045E000D14600008745000087450000E3460000F3
:1045F0006429C8D131680F68081D87EAE771306007
:10460000A1EBE7714FF001080A2009293EDCC845FB
:1046100038BFC8462CB1002F02DB1BF0040F00D0BE
:10462000013C1BF0020F02D0B9F1000F04D01BF0C7
:10463000010F01D17CBB002408990029A3DB002FC6
:1046400035DA7F422D2105A8FFF7ABFE0899002936
:1046500099DB0BF00301022904D1B9F1000F01D15C
:1046600054BB0024089900298DDBCDE9004B4B4653
:104670000A22394605A8FFF7B3FE84E733681A1DFE
:104680001978326005A8FFF78CFE7CE708F1010875
:10469000B1FBF0F1B9E74445CED9202105A8FFF7D9
:1046A00080FE0899002904F1FF34C3DAC4E71BF047
:1046B000040FCED02B21C6E74445D3D9302105A81D
:1046C000FFF76FFE0899002904F1FF34C8DAC9E743
:1046D0003168081D3060CDE9004B4B460A2209685D
:1046E000C8E73168081D3060CDE9004B4B46102209
:1046F000F5E73268111D316014680CB9134C0027BE
:1047000014F8011B00293FF43EAF1FB1B9F1000FAF
:104710003FF439AF05A8FFF744FE089A002A09F1D3
:10472000FF39EDDA2FE731680B1D336000220823D3
:10473000CDE90032DBE7079C24B1039822465146BD
:10474000FFF706FE2C440894C9E600BF13AF010032
:104750000EB403B503AB01AA53F8041B0193FFF792
:10476000A7FE02B05DF804EB03B0704704490346AE
:10477000184613F8012B12B18A5C1207F8D470475F
:10478000054F02002DE9F047DFF83C90DFF83CA030
:104790000E4604460027A04614F8015B5DB126B121
:1047A0002946304610F0E6FE28B93FB12946484672
:1047B00010F0E0FE10B14046BDE8F0871AF8057031
:1047C00007F00807E7E700BF1AAF0100054F020036
:1047D00010B5044611F0D4FE0749231800209C426E
:1047E00004D213F8012C8A5C120701D4204610BDB4
:1047F00003F8010DF3E700BF054F02002DE9F04F6C
:10480000D1B0CDE9010190460021322204A8994699
:1048100011F022FF3222002111A811F01DFF002506
:104820002F461EAE029A019BC8213046984718B900
:10483000284651B0BDE8F08F0137012F0BD19DF80C
:104840007830EF2B07D19DF87930BB2B03D19DF841
:104850007A30BF2B2AD03046FFF7BAFFFFF786FF2A
:1048600003780393194604463D4810F083FE039BEA
:1048700082460028D6D19DF84420D2B1002BD1D059
:10488000B44269D901462046FFF77CFF03780BB19B
:1048900080F800A02046FFF79BFF234611AA04A939
:1048A0004846C0472843BDD13D46BBE70DF17B00DC
:1048B000D2E75B2B17D12B49601CFFF763FF03780E
:1048C0005D2B45D10023037004A914F8012F22B1F8
:1048D0000133312B01F8012BF7D104A90022CA546E
:1048E0008DF844209EE7002B9CD01F492046FFF7FF
:1048F00049FF02783D2A034601D03A2A28D19A4638
:104900004FF0000B0AF801BB2046FFF761FF594644
:1049100004465046FFF736FF02780AB180F800B02F
:104920005046FFF723FF0390FFF752FF039B11A8A8
:104930000022A15C21B10132312A00F8011BF8D11B
:1049400002F5A0726A44002102F8FC1C2246A6E788
:10495000002D7FF467AFA7E75B2BC6D1ABE700BFA5
:104960001CAF010052B101001FAF0100F0B5CF082C
:104970004C0718BF0137A3B1B42B12D016460D4611
:10498000094C2181BDF81410A181E381022100238B
:1049900020606281E1826782A2822382A680E58014
:1049A000F0BD0E461546EBE7008C0020014B186069
:1049B000704700BF008C0020434B30B49C88844279
:1049C00002D3DC888C4203D230BC404811F092BC48
:1049D000DC89B42C1AD004D88CB15A2C0AD030BC43
:1049E0007047B4F5877FFAD15C89013C241A0846E8
:1049F000A1B204E01C89013C641A0146A0B21C8AE1
:104A0000032CECD8DFE804F00F0B2D291C89013CA6
:104A1000201A5C89013C611A80B289B2EFE71C89D7
:104A2000013C201A80B21C898442CDD35C898C421F
:104A3000CAD3DC8A022C1ED15D8AC0F3CF0401FBED
:104A400005411C6800F00700635C7AB96FF08002D2
:104A500042FA00F003406354C1E71C89013C201A6C
:104A600080B25C89013C611A89B2DCE7802242FA9B
:104A700000F00343EFE7042C13D15D8AC0F38F04E9
:104A800001FB05411C6800F00300655C40006FF00D
:104A9000C003034102F003022B4092010241134381
:104AA000D9E7072C9BD15D8AC0F34F0401FB054178
:104AB0001C6800F00100655C80006FF0F0030341AA
:104AC0002B401201EAE700BF008C002022AF01005A
:104AD0002DE9F74FDFF8F0801746B8F8042082423E
:104AE0001C4606469DF830300D4603D3B8F8062024
:104AF0008A4211D2314811F0FDFBB8F80420304849
:104B0000314613F059FFB8F806202E48294603B065
:104B1000BDE8F04F13F050BF012B49D14FEA4408D4
:104B200008F1FF384FF00009031B0FFA89FBC3455A
:104B30001FFA89F022DB03B0BDE8F08F06EB0B0112
:104B400005EB020C091BACEB040C51EA0C0112D46E
:104B5000291B11FA82F11FFA82FA89B23A460193AF
:104B60000090FFF729FFDDE900030AF1010A0FFABF
:104B70008AF24245E2DB09F10109D6E71844002236
:104B800080B2F6E706EB080A4FF000091FFA8AFA2E
:104B900005EB09013A4689B2504609F10109FFF7D0
:104BA0000BFF4C45F4DC08F101084445EADCC2E7A0
:104BB0004FF000084D1E461EF7E700BF40AF010052
:104BC00078AF01009CAF0100008C00202DE9F04F70
:104BD0008BB01F46BDF8503008939DF854300393B6
:104BE0009DF858300493384B16469A8882428B467B
:104BF00006D3DB888B4203D3B24201D3BB4205D23A
:104C000032480BB0BDE8F04F11F074BBA6EB0008C2
:104C1000A7EB0109B8F1000FB8BFC8F10008B9F15E
:104C2000000FB8BFC9F10009C9F100030593B042F4
:104C30002CBF4FF0FF3301230693B9422CBF4FF036
:104C4000FF3301230793A8EB09050024049B04F11B
:104C5000010A012B5FFA8AFA29D10323BAFBF3F484
:104C600004EB4404AAEB040414F0FF041FD1049BDA
:104C70000093FF22039B09905946FFF729FF059BEC
:104C80000998B3EB450F09DC86421AD0069BA5EBC9
:104C900009051844B8EB450F80B2D7DB5F4510D04B
:104CA000079B0BEB030145441FFA81FBCEE7012371
:104CB0000093089A039B09905946FFF709FF544651
:104CC000DDE70BB0BDE8F08F008C0020C1AF010024
:104CD0002DE9FF471F462D4BBDF83080B3F804C0C7
:104CE0009DF834909DF838A0844506460C4615463C
:104CF00006D3DB888B4203D3944501D3BB4205D254
:104D0000234804B0BDE8F04711F0F4BABAF1000F3F
:104D100013D04FF0000ABC4202D304B0BDE8F087C4
:104D200023462146CDE9019ACDF800802A46304637
:104D30000134FFF74BFFA4B2EDE70B46CDE9019A32
:104D4000CDF80080FFF742FF3B4632462146304611
:104D5000CDE9019ACDF80080FFF738FF23462A46B7
:104D600039462846CDE9019ACDF80080FFF72EFF9D
:104D70003B46324639462846CDE90D9ACDF830807B
:104D800004B0BDE8F047FFF721BF00BF008C002052
:104D900043B001002DE9F04F85B01C46BDF8383016
:104DA0000193BDF83C3002932D4B0E469988814209
:104DB000054602D3DB88B34205D22A4805B0BDE8D8
:104DC000F04F11F097BAA18811F0070318BF012323
:104DD00003EBD103E188203A4A4321684FF00008F1
:104DE00002FB031AE2881FFA88F7BA4232D805B0EC
:104DF000BDE8F08F80239AF8002000F0070B43FAFB
:104E00000BF1029B0A404FF6FF718B421AD132B16F
:104E1000F1192844019A89B280B2FFF7CDFDBBF1A8
:104E2000070F08BF0AF1010A09F10109A2881FFA58
:104E300089F09042DED3530718BF0AF1010A08F146
:104E40000108CFE7284480B212B1019A0399E4E740
:104E5000029AFBE7F21993B24FF000090393E5E7DA
:104E6000008C0020F8AF01002DE9F04FDFF88090B2
:104E70008846B9F8041085B08142BDF838A0BDF865
:104E80003CB007460CD3B9F80610414508D3561E6E
:104E90004446054616F8012F42B905B0BDE8F08F2B
:104EA000124805B0BDE8F04F11F024BA9888B9F85F
:104EB00004C0D988039328446045C8BF6418B9F872
:104EC0000600C8BFA4B22144C8BF3D468142C4BF4A
:104ED0003D4644462846CDE900AB2146FFF75AFF40
:104EE000039B9A882A4495B2D4E700BF2FB00100F3
:104EF000008C0020F0B50B4C0023A18A9AB291429D
:104F00000DD8F0BD91B205FB06112568475C6F54C2
:104F10000132658A91B28D42F4D80133EDE7002267
:104F20009EB2F6E7008C00202DE9F04F85B01D46BB
:104F300001924FEAD5086A07BDF838B09DF83C30B9
:104F40000746894618BF08F1010800245C4526D2AF
:104F5000019AA118002608FB047A89B215E0C2085C
:104F600000F0070C1AF8022002FA0CF202F080029C
:104F70008BB1B2FA82F25209484480B20393029193
:104F8000FFF71AFDDDE902130136AE42B0B2E6D1F9
:104F90000134A4B2DAE7003A18BF0122ECE705B009
:104FA000BDE8F08F00487047989E00200048704789
:104FB000188C002007B5002000905A234FF49472FB
:104FC0008021FFF7D3FC4FF49452FF21054811F0E4
:104FD00043FB05484FF49452FF2103B05DF804EB06
:104FE00011F03ABB188C0020989E00202DE9F0416A
:104FF0001F463C4BDFF8F0809B6940450CBF03F433
:10500000807303F4007304460E4615467BB900F026
:105010005FFDB0FBF5F2B2F5803F50D3012340F6BF
:10502000FF7101338B420CD14FF6FF750EE0FBF799
:105030000DFB444502D100F039FCEAE700F062FCC8
:10504000E7E7B2FBF3F5B5F5803FEAD205FB03F2E3
:10505000013B6361B0FBF2F06B1E012206FA02FE17
:10506000626023634FF0031303FA0EF30EF1100195
:105070004FF0020CDB430CFA01FC143617B37D43EE
:105080006427B5FBF7F5013D44F82650D4F8B0503D
:105090001D40C4F8B050D4F8B05002FA01F12943D1
:1050A000C4F8B010D4F8B4201340C4F8B430D4F825
:1050B000B43043EA0C03C4F8B430BDE8F0811546BF
:1050C0000123C3E744F82670D4F8B0101940C4F89F
:1050D000B010D4F8B01002FA0EF20A43C4F8B020AF
:1050E000E0E700BF0002004000A00540012303628A
:1050F0007047036A23F0010303627047D0F8D83089
:105100000B43C0F8D8307047D0F8D83023EA0103F9
:10511000C0F8D830704700002049DFF888C02DE97A
:10512000F041441A61426141DFF87CE01C4E0346C5
:1051300049004FF08055012763451FD0734514BFC8
:105140000A4601221C68186820F00E001860186AD0
:1051500010F4004004F00E0412D116F81280B8F1D9
:10516000000F0DD106F812701A68022842EA0402F4
:105170001A6001D1013DDFD1BDE8F0810022E1E7F5
:10518000D3F88000000406D406EB4202507810B930
:1051900057700120E8E70220E6E700BF00200A4040
:1051A00018B1002000000A4000100A4030B54D1C24
:1051B00001FB00040D4894FBF0F4641914D0092C91
:1051C00028BF08241C600C1B102C83BF1020103932
:1051D0001060146088BF19601B684FF47A72EB1A74
:1051E000534393FBF5F030BD0124EBE718FCFFFFC0
:1051F000012910B51BD8104B984219D003F58053E4
:10520000984217D003F58053C21A534253415B00B2
:105210000268046824F00E040460084C04EB4303A5
:1052200000245C54016802F00E030B43036010BDC0
:105230000023EDE70123EBE700000A4018B100204E
:105240000268064B22F041021B6802600268D20726
:1052500000D47047002BFCD0013BF7E72C00002066
:105260000F2994BFD0F82021D0F824214FF001035A
:1052700088BF103903FA01F0104070472B4B10B56E
:105280001C680023026A12043DD443680A6823F0B4
:10529000080343608B68002A3BD1026341F6FC722D
:1052A00002EA830343634B68002B39D0436B43F41A
:1052B00000534363836B0A7B23F00F031343836321
:1052C000B1F80D30C363B1F80F300364B1F8113099
:1052D0004364B1F813308364036A23F40043036228
:1052E000036A13F400431FD1026A42F400420262CF
:1052F0000F4A016A090402D501339342F9D1981A81
:1053000018BF012010BD01339C42BBD24FF0FF30CB
:10531000F8E79AB2C3F30C43026343F48043C1E756
:10532000436B23F40053C4E70020EBE72C0000207C
:10533000FFFF0F000346D0F8980010F4004010B5AE
:105340003AD05A6822F010025A603322C3F88420FF
:10535000D3F8942012F480422FD10A60D3F894201D
:10536000C2F38A028A60D3F8942082F40052C2F316
:1053700040324A60D3F8982002F00F020A73D3F843
:105380009C204A73D3F89C20120A8A73D3F8A02079
:10539000CA73D3F8A020120A0A74D3F8A4204A745E
:1053A000D3F8A420120A8A74D3F8A820CA74D3F8B8
:1053B000A8301B0A0B75012010BD0122D3F89440C0
:1053C0000A60034AD3F8900002EA04420243C9E7A4
:1053D0000000FF1F2DE9F0410E469DF818700546AC
:1053E00090461C46FFF798FE0228014635D0602300
:1053F00003FB0053F3225A62B8F1000F22D141F6A9
:10540000FC7202EA840242F40042C3F830805A631C
:10541000602303FB01524FF4A0509063906BCFB117
:1054200040F0800003FB0153906301360022DA63F1
:1054300028461A645A649A641E62FFF7D9FE012056
:10544000BDE8F081A2B2C4F30C4444F440441A63B2
:105450005C63DDE720F08000E4E70020F0E7000077
:105460002DE9F0411C462F4B05461E680F4690461D
:10547000FFF7F6FE10B90020BDE8F0812846FFF7DF
:105480004BFE02280146F6D06B6823F010036B60D8
:105490006023B8F1000F03FB01530CBF7B207F207A
:1054A0000137586276001F62186A020428D45A6BCA
:1054B00012F480422DD15B6B2260C3F38A03A36098
:1054C000602303FB015328469A6B02F00F022273FC
:1054D000DA6B6273DA6B120AA2731A6CE2731A6CDB
:1054E000120A22745A6C62745A6C120AA2749A6C70
:1054F000E2749B6C1B0A2375FFF77AFE0120BBE761
:105500002EB92846FFF774FE4FF0FF30B4E7013E96
:10551000CAE70122586B22601A6B034B03EA00436F
:105520001343CCE72C0000200000FF1F2DE9F04FB3
:10553000412387B0036000260546CDE904660C468A
:10554000FBF784F8534B9D4204D003F500539D4272
:1055500040F08C80504B5B6B03F0070301229A40B4
:10556000D3174E49086800210FF06EFB4C4B9C424C
:10557000CDE9010100F285804A4B9C4200F2828015
:10558000494B40F26B369C4288BF4FF448764FF44B
:105590007A730027DFF81CB103934FF031090097AD
:1055A0004FEA59020023DDE9010102F1010A02FB81
:1055B00004420FF049FB09F00108804408F1FF3371
:1055C000B3F5806F25D208FB0AF2DDE90101D3179C
:1055D0000FF03AFBA4EB000ABAF1000FB8BFCAF112
:1055E000000ADA4515DC84424FEA690B4DD105AB60
:1055F00004AA59463046FFF7D9FD039A331A48BF2B
:10560000831B934243DC03934746CDF800B02BB194
:10561000D34609F1FF39B9F1050FC1D1009905ABA6
:1056200004AA3046FFF7C2FDDDE90441631E481EAF
:105630001B0243EA0033081E18BF01207A1E43EA0A
:10564000801302F03F000343C2F38312EB6028464D
:10565000AA612144FFF7F4FD01FB0772D317DDE9CE
:1056600001010FF0F1FA07B0BDE8F08F0F4B9D423A
:1056700004D1094B5B6BC3F302136FE7012233467E
:105680006FE70B4C40F2EE2681E75346BCE74FF044
:10569000000BBEE700000A40000200402C00002082
:1056A0003F420F0000350C0020A1070000100A4007
:1056B00040420F0000CA9A3B38B515460446FFF732
:1056C00035FF012D05D1236843F0800323600423B7
:1056D000636138BD70B50E4605461446FFF71CFDE4
:1056E000022801463ED0602303FB00532068F322CA
:1056F0005A62A26860BB186341F6FC7000EA82023D
:1057000042F420425A636268602303FB01532AB3C8
:105710005A6B42F400525A63602303FB0153B4F8FE
:105720000D20DA63B4F80F201A64B4F811205A641B
:10573000B4F813209A64227B42F4084242F08002BB
:1057400001369A6328461E62FFF752FD012070BDA4
:1057500090B2120C186342F46042D3E75A6B22F401
:105760000052D8E70020F2E7154B70B50D461E68D1
:105770000446FFF7D1FC022801461ED0636823F0DF
:1057800008036360602303FB00430C2201355A6267
:105790001D62186A020407D48420586220461D62E4
:1057A000FFF726FD012005E02EB92046FFF720FD7A
:1057B0004FF0FF3070BD013EEBE70020FAE700BF7D
:1057C0002C000020036801F00E0123F00E030B43B0
:1057D000036070472DE9F743044698464FF0805721
:1057E000D6B2CDB24FF00109CDF800904346324613
:1057F00029462046FFF7EEFD08B1012001E0013FF8
:10580000F2D103B0BDE8F08338B543690D460168B5
:105810000906044607D55B0705D51146FFF72EFD9F
:1058200020EAE07038BD29462046FFF753FF0028E4
:10583000F8D029462046FFF797FF0120F2E730B461
:105840001346426905682D06044605D5520703D55F
:1058500030BC1946FFF76EBD2046012230BCC9B2EC
:10586000FFF7FEBD38B505460C46FFF755FC02288C
:1058700001464FF0600314BF0146002103FB0153B2
:1058800001340C225A6228461C62BDE83840FFF7FA
:10589000AFBC0000034B1868034B10F0010018BFA9
:1058A0001846704700020040001BB70008B5FAF721
:1058B000CDFE124B12495A6B12F0070F01D1086846
:1058C00008BD5A6B086802F00702012A01D140089E
:1058D000F6E75A6B02F00702022A01D18008EFE7CF
:1058E0005A6B02F00702032A01D1C008E8E75B6B9C
:1058F00003F00703042B08BF0009E1E700020040A2
:105900002C00002008B5FAF7A1FE124B12495A6B81
:1059100012F0700F01D1086808BD5A6B086802F0D8
:105920007002102A01D14008F6E75A6B02F07002AB
:10593000202A01D18008EFE75A6B02F07002302A6A
:1059400001D1C008E8E75B6B03F07003402B08BF90
:105950000009E1E7000200402C00002008B5FAF73A
:1059600075FE014B186808BD2C00002010F47F3F25
:1059700070B51ED04FF0804300F44024D3F8F451AA
:10598000EDB2012D4FEA904328D1B4F5002F28D174
:105990001B4B1C4D00F01D041D2C18BF2B461C6812
:1059A000C0F38725C0F34416B54024EA050422431A
:1059B0001A6010F0606F10D0C0F3017303F18053D0
:1059C00084339B00C0F342641A68C0F3045004FAA5
:1059D00000F022EA00021143196070BDB4F5002FF7
:1059E00009D0B4F5402F08D003F0030303F180532E
:1059F00088339B00D3E7034BD1E7034BCFE700BFCE
:105A0000280200402C02004030020040024A136885
:105A100003431360704700BF00020040830F9B00E8
:105A200003F1804300F01F00D3F8041201228240EA
:105A30000A43C3F804227047024A136C43F48033CC
:105A400013647047000200400B4B024618680B4B72
:105A500010B500210A4C19604008216D32EA01019D
:105A600002D138B9012001E00138F6D14FF0FF3200
:105A70001A6010BD0120FCE72C00002020B100209E
:105A800000020040F8B5114C276D236843F0040371
:105A90000546236010200E46FFF7D6FF236943F02A
:105AA00007032361236A23F00F033343236223692F
:105AB00023F007032B432361FAF7C8FDFB065EBF03
:105AC000236823F004032360F8BD00BF00020040F8
:105AD00082B0104B0193104B1B6C13F4A02F15D107
:105AE0009A0315D40D4AC3F3080002305043C3F3A0
:105AF000813208326A44C3F3442312F8042C03FBB6
:105B00000222B0FBF2F0C00002B070470020FBE7B9
:105B10000348F9E70102020400020040C0C62D005C
:105B2000001BB7002DE9F74FFFF786FF484B0446EF
:105B30001A680F46C8B942F001021A600120FFF747
:105B400083FF0194434A444BBA189A4217D9404BF9
:105B5000002C7AD144F21E221A640420FFF774FF4D
:105B600003B0BDE8F04FFFF7B3BF42F004021A6084
:105B70001020FFF769FF4FF400230193E2E70026AE
:105B8000BE46354634464FF0FF330122032A3BD050
:105B9000042A55D14FEA870E4FEA9E0802212F486A
:105BA000B0FBF1F92E48A9F5741CACF5106C8445D6
:105BB00025D84FEA5900A34600904FEA400CA8EBC5
:105BC000400A99460224234B2648634483420BD85B
:105BD000E04534BFACEB080353464B4504D21646B0
:105BE0000D4663B1A3469946009B01349C44AAEB41
:105BF000030A40F202239C42E5D15C464B46013148
:105C0000212901D0002BCAD10132052A01D0002B55
:105C1000BCD10199A31E721E0B4343EA82336A1E54
:105C200043EA42230A4A04201364FFF70DFF754339
:105C30000A48B0FBF5F06043400003B0BDE8F08FC8
:105C4000022A08BF4FEA470EA6E7074A84E700BFCB
:105C500000020040800F05FD8074D21A001BB700BF
:105C600000093D00C06878041E4208001B4B70B557
:105C70001B4C984228BF1846256D236843F0040347
:105C8000236006461020FFF7DFFE236943F0070379
:105C90002361236A23F00F0323622368DB0712D5F5
:105CA00031460020FFF73EFF05F0100405460021B5
:105CB0000220FFF7E7FE24B9094A136823F0040322
:105CC0001360284670BD31464FF40020FFF72AFFCD
:105CD000246D054604F01004E9E700BF00B0710B25
:105CE00000020040184310B50843054C40F0010085
:105CF000A2602060236843F00203236010BD00BF50
:105D0000001003400C4B10B50C4C1A6800232360A4
:105D1000036D23F480730365036D0B4343F00103AC
:105D20000365D0F81031DB0704D4013AF9D14FF004
:105D3000FF33236010BD00BF2C00002024B10020E1
:105D400000EB81001A43D0F8801021F4F81121F003
:105D50003F01C0F88010D0F880100A43C0F88020BE
:105D600070470000024A136823F001031360704774
:105D700000C000401549164A002310B50B602223CD
:105D8000D3604FF400135360124B936001231361EF
:105D9000114B0A201B68B3FBF0F39B00013B5C1C1A
:105DA0000ED0D2F8C000C00703F1FF340CD43BB1D1
:105DB000106810F0400006D0136843F040031360F1
:105DC0004FF0FF30086010BD2346E8E728B10020FF
:105DD00000C0004003AA55002C00002018490023F1
:105DE000B0F5001F10B40B6003D15DF8044BFFF752
:105DF000C1BF144A2223D360012350601361124BA8
:105E00000A201B68B3FBF0F39B00013B5C1C0ED027
:105E1000D2F8C000C00703F1FF340ED43BB11068C4
:105E200010F0400006D0136843F0400313604FF0B9
:105E3000FF3008605DF8044B70472346E6E700BF7B
:105E400028B1002000C000402C000020024A136846
:105E500043F001031360704700C00040104A11492D
:105E6000002310B50B60D3600123506013610E4B0B
:105E70000A201B68B3FBF0F35B00013B5C1C06D0FF
:105E8000D2F8C000C00703F1FF3404D42BB94FF09F
:105E9000FF30086010BD2346F0E79068FAE700BFC6
:105EA00000C0004028B100202C00002010B5144C88
:105EB000144A002323602123D360012350609160A2
:105EC0001361114B0A211B68B3FBF1F35B00013B2B
:105ED000581C0ED0D2F8C010C90703F1FF300CD403
:105EE0003BB1106C10F0400006D0136C43F040033F
:105EF00013644FF0FF30206010BD0346E8E700BF99
:105F000028B1002000C000402C000020F0B5002384
:105F10000126032706FA03F48C4309D104685D00C7
:105F200007FA05FC24EA0C0402FA05F52C43046088
:105F30000133102BEED1F0BD836910B501248C40E4
:105F400023EA0403140E8C4023438361C3694FF09A
:105F500001148C4022F07F4223EA040302FA01F18B
:105F60000B43C36110BDF0B50023032621FA03F4EF
:105F7000E40709D5046B5D0006FA05F724EA070477
:105F800002FA05F52C4304630133102BEED1F0BD6A
:105F900038B50E4B984204460D4614D1FFF7B2FCBB
:105FA0000A2202FB00F3AD00B3FBF5F30533B3FBAC
:105FB000F2F35A1E2261226842F040029B002260E6
:105FC000B0FBF3F038BDFFF771FCE9E700100840C3
:105FD000154B98420ED14FF08043DA6842F480723C
:105FE000DA60DA6822F48072DA60036823F0400332
:105FF000036070470D4B984209D14FF08043DA6837
:1060000042F40072DA60DA6822F40072ECE7084BBE
:106010009842EAD14FF08043DA6842F48062DA6055
:10602000DA6822F48062DFE70000084000100840D0
:1060300000200840436943F001034361704703684F
:1060400023F0800303607047036843F0800303601C
:1060500070470000074B984210B5046906D1FFF75E
:1060600051FC0134A400B0FBF4F010BDFFF71EFC9E
:10607000F7E700BF00100840022943EA420305D0B9
:10608000032905D0012905D183617047C361704799
:10609000036270474360704702294FEA420205D00D
:1060A000032905D0012905D182627047C262704779
:1060B0000263704742627047014B1860704700BF2F
:1060C0002CB10020034B1B689A695204FCD4186859
:1060D000C0B270472CB1002038B50C46204611469E
:1060E00015460DF089FE0B4B1B6862190D21944279
:1060F00001D1284638BD98690002FCD420780A28CE
:1061000003D1196098690002FCD414F8010B1860DF
:10611000EDE700BF2CB1002008B5FFF7D3FF0870F2
:10612000012008BD0E4B0F481A6800234168C901C1
:1061300002D501339A42F9D24FF08041D1F8F411DF
:10614000C80703D407494AF6651048600548416806
:10615000C90300D5704701339A42F8D2704700BF97
:106160002C00002000100440F8B5044600284FD051
:10617000FFF7D8FFE269294B002A4AD15A6922F079
:1061800001025A61236A022B02D12369143323616D
:10619000224EFFF7C7FFE368B361D4E901500A223A
:1061A000B5FBF2F702FB17552D02B0FBF2F32168A5
:1061B00002FB130045EA07350543A1F5FA6145EAFC
:1061C0000315B1FBF2F302FB131145EA03552369F2
:1061D000B3FBF2F745EA0145D4E9050102FB1734A8
:1061E000240444EA0754B1FBF2F702FB17110C43F5
:1061F000B0FBF2F344EA033402FB130344EA032442
:1062000044EA0714FFF78EFF3561FFF78BFFF46058
:10621000F8BD5A6942F001025A61B9E70010044022
:106220000C4B0D491A680D4B10B519601C68012CF8
:1062300002D140B9002010BD196019680129F8D0B9
:1062400022B1013AF9E7FFF78FFFF3E74FF0FF3094
:10625000F1E700BF2C0000205713EBA5001004400D
:1062600070B50A251E46B2FBF5F305FB132444EA7C
:106270000314A0F5FA60B1FBF5F305FB131144EA32
:10628000033444EA0124B0FBF5F305FB1300074D8A
:1062900044EA035406F0070644EA0044FFF742FFCD
:1062A000AE61FFF73FFF2C6170BD00BF00100440DE
:1062B00070B51E461BB9049B022B08BF14300A257B
:1062C000B2FBF5F305FB132444EA0314B1FBF5F329
:1062D00005FB131144EA033444EA0124B0FBF5F34F
:1062E00005FB1300094D44EA035444EA0044FFF758
:1062F00019FF6B6936B923F001036B61FFF712FFD9
:10630000EC6070BD43F00103F7E700BF00100440EC
:1063100003460D4A0D480E49834208BF0A46D3F88A
:10632000201841F04001C3F82018D3F8200810F0DD
:106330004000FAD1D3F82C18090603D411780029AB
:10634000EDD10448704700BF38B1002000D00040B4
:1063500054B100201001FFFF37B500230193104D09
:10636000104B114CC0F82428A84208BF1C46D0F896
:10637000203823F47C5343EA012343F001030093C4
:10638000009BC0F82038D0F82038DB0702D40198F1
:1063900003B030BD2378002BF5D1044B0193F2E715
:1063A00000D0004054B1002038B100201001FFFFA0
:1063B00073B5C0F82428D0F820282A4E2A4C2B4D3B
:1063C00022F47C5242EA012242F003020192019A35
:1063D000C0F82028B04208BF2C46F3B9D0F82038C6
:1063E0009A071ED523781BB1D0F82C38D903F5D5E0
:1063F0001F4807E043B9D0F8203843F48043C0F881
:106400002038022002B070BD2278002AF0D0D0F8E7
:106410002C28D60303F1FF33EAD4D0F820289507BF
:10642000E8D4A37873B1D0F83428D0F83038D2B299
:10643000552A07D003F00F03012B03D000230D488A
:10644000A370DFE763782BB9D0F82C385B0707D54A
:106450000020D7E7002363700223C0F82C38F7E749
:106460000548CFE700D0004038B1002054B10020EB
:106470001001FFFF1901FFFF1601FFFF00BA70476F
:1064800070B50446204EC4F82428D4F820281F48AC
:106490001F4D22F47C5242EA012242F0110286B0E2
:1064A000B44208BF2846C4F82028D4F8202812F0A7
:1064B00010021ED1D4F82C18490722D501AD2E4662
:1064C000114654F82100FFF7D9FF0131052946F89C
:1064D000040BF6D1181F0C33296855F8044F090234
:1064E00041EA146140F8041F9842F5D1104606B005
:1064F00070BD02781AB1D4F82C28D503D5D5054A39
:10650000F4E7054AF2E700BF00D0004038B10020B0
:1065100054B100201001FFFF1601FFFF034637B5FD
:10652000C3F82428D3F820281B4D1C4C1C4822F407
:106530007C5242EA012242F007020192019AC3F81A
:106540002028AB4208BF0446D3F82028900711D476
:10655000D3F8200810F0040014D1D3F82C285207E7
:1065600018D5D3F82C3813F0080F0E4B08BF184677
:1065700003B030BD22781AB1D3F82C28D503E3D567
:106580000948F5E72278002AFAD0D3F82C28D1035D
:10659000F6D4DDE70548EBE700D0004038B1002035
:1065A00054B100201701FFFF1001FFFF1601FFFF8C
:1065B00070B54FF0804305460C46592616208821B9
:1065C000C3F80061C3F80001C3F80011D3F800213B
:1065D000002AF5D0B4F5C87F4F4A504B5048514976
:1065E00040D816681E6073075EBF136843F004034B
:1065F0001360494B85421A6927D102F440120A60A0
:106600001A6942F440121A61474B42F6E0621A607E
:10661000454B1A68B2FBF4F304FB132202B10133B9
:10662000B3F5807F3E4A28BF4FF48073013B95420B
:106630004FEA0363A2F54E4266D1116A21F07F4111
:106640001162116A0B43136270BD02F440020A60CA
:106650001A6942F440021A61344B42F6E0621A6051
:10666000324BD6E71B68136085420B68116925D150
:1066700021F4401119432C4E11613BB9FFF70AF97F
:106680004FF47A73B0FBF3F0306005E0B3F5401FD0
:1066900008D142F6E06333604CF250339C4228BF8D
:1066A0001C46B5E7B3F5801F02D1FFF711FAE7E703
:1066B000B3F5001FF0D1FFF751F9E1E721F44001F4
:1066C00019431A4E11613BB9FFF7E4F84FF47A739E
:1066D000B0FBF3F0306005E0B3F5400F08D142F6AF
:1066E000E06333604CF250339C4228BF1C46B7E74E
:1066F000B3F5800F02D1FFF7EBF9E7E7B3F5000F31
:10670000F0D1FFF72BF9E1E7D16A21F07F41D162A7
:10671000D16A0B43D36297E70002004034B10020F6
:1067200000D0004030B1002074B5002070B50020CA
:106730000246184B18481949824208BF1946D2F838
:10674000283858000AD5D2F82C38DA0302D50020B0
:106750000870704701230B7001207047D2F8283869
:106760005B00F9D4D2F8203843F08003C2F8203817
:10677000D2F82C0810F4803014BF012303460B70AC
:1067800018BF1846D2F8203823F08003C2F820380A
:10679000704700BF54B1002000D0004038B1002045
:1067A0002DE9F043874B884A884D044689B04FF461
:1067B0009671904208BF1D46FFF7FAFED4F82038C4
:1067C00043F02003C4F82038D4F8202812F0200227
:1067D00032D111462046FFF7BFFD4FF4805301939D
:1067E000019E002E30D17A4B03930127039BAF709B
:1067F00040F2551208212046FFF7DAFD0190019B77
:10680000002B38D1039BDFF8CC813246372120465C
:10681000FFF7CEFD039B6F706E4A6F4F2921204614
:10682000FFF7C6FDD4F8303813F400020FD0590238
:1068300000F1B280022355E02B78002BC4D1664EC4
:10684000304609B0BDE8F083019B013BC7E7039BDD
:1068500037212046FFF7ACFDB842F0D001236B7022
:106860004246039B29212046FFF7A2FDB842E6D00D
:10687000D4F83038D8E7324631462046FFF76CFD71
:106880004FF480730193019F002F43D1039B3A463D
:1068900037212046FFF78CFD0190019B022B4FD141
:1068A0003A4639462046FFF757FD4FF4807301936F
:1068B000DDF80480B8F1000F2FD10127039B454A72
:1068C0006F7039462046FFF773FD022834D0D4F8A4
:1068D0003038DFF80081DFF800911A0220D55B0222
:1068E0005CD403231F466B60002204AB02212046C8
:1068F000033FFFF7C5FD012F4FF0000350D84FF4C1
:10690000803203212046FFF753FD0290002856D025
:10691000029E95E7019B013BB4E7019B013BC6E763
:10692000039B6F70424601212046FFF741FD484519
:1069300085D0D4F83038D0E7284EC5F804807FE7FA
:10694000019B33BB0123264A6B702921039B224FF5
:10695000DFF88C802046FFF72BFDD4F8302812F4A6
:1069600000027FF467AF039B37212046FFF720FD2D
:10697000B8423FF464AF01236B704246039B292168
:106980002046FFF715FDB8423FF459AFD4F8302840
:10699000E5E7144E6F6053E70123A3E70423A1E763
:1069A0001A4603212046FFF703FD02900028AFD1CD
:1069B000D4F830280C4B03EA0223AB6040E74FF4D5
:1069C0008033FAE754B1002000D0004038B10020F5
:1069D000FFFF0F000080FF401001FFFF1101FFFFCC
:1069E0000080FF001501FFFF0000FFFFF7B5002347
:1069F0008D6901933F27C0F80854194AC0F83878C8
:106A00000E4606210446FFF789FD019010B10120D2
:106A100003B0F0BD2B88002BF9D0AB8B002BF6D147
:106A2000C4F808540F4AC4F8387806212046FFF706
:106A300075FD01900028EAD1D4F8203843F04003D6
:106A4000C4F82038D4F820385B0604D42888B0FA7B
:106A500080F04009DCE73378002BF3D10248D7E718
:106A600001FFFF0001FFFF801001FFFF73B5634AC4
:106A70006349644D884208BF15460023AA68019304
:106A800007210446FFF794FC019010B1019802B071
:106A900070BD2046FFF73CFC034601900028F5D16D
:106AA0006E68012E6FD1AB69C4F808340723C4F8AF
:106AB0003838D4F8003443F00203C4F80034D4F872
:106AC000003413F00203FAD1AA6837212046FFF7F9
:106AD0006FFC024601900028D8D133212046FFF7F1
:106AE0001DFD01900028D1D1AB691B7803F00F0385
:106AF000022B0BD129462046FFF778FF0190019B1E
:106B000023B94CF250312046FFF752FD0023AA680A
:106B100037212046FFF74CFC034601900028B5D1F1
:106B2000022206212046FFF743FC01900028ADD148
:106B3000D4F8203843F40043C4F820384FF40072EE
:106B4000002310212046FFF733FC02460190002865
:106B50009CD140F2FF13C4F8383807212046FFF7D4
:106B6000FBFBD4F8203843F04003C4F82038D4F8B5
:106B7000200810F040003CD1D4F8283843F001033D
:106B8000C4F8283883E7022E19D1AA69C4F808246A
:106B90000722C4F838283721AA682046FFF708FCE6
:106BA0000246019000287FF471AF33212046FFF7A1
:106BB000B5FC0346019000287FF468AFA7E7F31EF9
:106BC000012BBBD8032E08BFD4F820380E4A04BFCF
:106BD00023F40043C4F82038062100232046FFF7A1
:106BE000E7FB019000287FF451AF2046FFF790FBB0
:106BF0009BE72B78002BBAD1044848E754B100201A
:106C000000D0004038B100200001B7031001FFFFA1
:106C10007FB5464A464B474C904208BF1C46092167
:106C2000A6686B4632460546FFF72AFC6368009863
:106C3000033B012B59D800F04040B0F1404F40D108
:106C40003246002307212846FFF7B2FBA669C5F8A4
:106C5000086440F2FF130022C5F83838082128469E
:106C6000FFF75CFC024608BB07212846FFF774FBD0
:106C7000D5F8203843F04003C5F82038D5F820383F
:106C80005B0619D496F8D7301B06E36096F8D62039
:106C900043EA0243E36096F8D52043EA0223E36027
:106CA00096F8D4201343E3605B0823614FF400732C
:106CB0006361002004B070BD2378002BDED11E4834
:106CC000F8E7DDE9011240F6FC7303EA810343EAC9
:106CD0009273C2F3C232013302329340C1F30341D3
:106CE0008B409A0A22615B0A0DE0B0F1804FDDE92A
:106CF00001310AD31B0403F47C1343EA114301332B
:106D00005A0222619B02E360D0E740F6FC7202EA7D
:106D1000830242EA9172C1F3C231013202318A40E8
:106D2000C3F3034302FA03F3DBE700BF00D00040E4
:106D300054B1002038B100201001FFFF38B5022304
:106D400004460D46C0F80034D4F800349907FBD44B
:106D50000123C4F800340323C4F80038D4F8001821
:106D600011F00101FAD11D4B9C4228D11C4B01228C
:106D70009A601C4B182218460FF06EFC1A4A034604
:106D80009A610223C4F80038D4F82838AA054CBF09
:106D900023F0804343F08043C4F82838D4F82838DF
:106DA00043F48073C4F82838D4F8203843F480437F
:106DB000C4F82038D4F820385B04FBD438BD0B4B22
:106DC0009C42DED1064B4FF080629A60084B18223D
:106DD00018460FF041FC074A0346D1E700D00040B7
:106DE00000E100E054B1002070B3002000E000405A
:106DF00038B1002070B10020002310B5C0F804386D
:106E0000D0F8203823F07063C0F82038D0F820384C
:106E100043F01063C0F82038D0F8203823F47F0303
:106E2000C0F82038D0F8203843F48033C0F8203838
:106E3000D0F8203823F40043C0F820380446FFF788
:106E400077FC08B9104810BD2046FFF7A9FC0028C0
:106E5000F9D10E4B5B68032B03D00D4B5B68032B02
:106E60000ED144F620612046FFF7A2FB2046FFF733
:106E7000CFFE0028E6D12046BDE81040FFF7F6BD62
:106E800046F2A811EFE700BF1001FFFF54B1002048
:106E900038B100202DE9F041634D86B08846174691
:106EA0006249634A1E46002304460193884208BF94
:106EB0001546002E00F0B680AA680721FFF778FA81
:106EC000059008B1059870E02046FFF721FA05907B
:106ED0000028F7D140F2FF13C4F838386B68012B53
:106EE00002D0042B18BF7F020022C4F82478FF23AD
:106EF000C4F80884B6FBF3F3049303920399049B4C
:106F000099422BD3FF23B6FBF3F3C3EB0323F61A0B
:106F10000496049B002B55D100231A460C212046D1
:106F2000FFF746FA002834D12046FFF7F1F9024670
:106F300005900028C6D107212046FFF70DFAD4F8A6
:106F4000203843F04003C4F82038D4F8200810F06B
:106F500040002AD02B78002BF7D125E0EA70D4F836
:106F6000203823F47C530293029B43F47F03029363
:106F7000019B83B9029B43F4905343F00703C4F889
:106F8000203801230193EB785BB1D4F82C385807F3
:106F90000ED4284809E0029B43F00403C4F82038CB
:106FA000F1E72B78002BEED1234806B0BDE8F08145
:106FB000D4F82C38190701D42048F6E7039B013395
:106FC00003939BE70023EB70D4F8203823F47C5321
:106FD0000293029B23F47F030293049A029B43EAE9
:106FE00002430293019B9BB9029B43F4905343F0ED
:106FF0000703C4F8203801230193EB7873B1D4F868
:107000002C385A07C5D5D4F82C381B0784D4D3E7BD
:10701000029B43F00403C4F82038EEE72B78002BE2
:10702000EBD1C1E70648C0E738B1002000D00040EE
:1070300054B100201601FFFF1001FFFF1701FFFFF1
:107040001301FFFF2DE9F041614D86B088461746D8
:107050006049614A1E46002304460193884208BFE6
:107060001546002E00F0AF80AA680721FFF7A0F9AF
:10707000059008B1059895E02046FFF749F905907D
:107080000028F7D140F2FF13C4F838386B68012BA1
:1070900002D0042B18BF7F0200225049C4F8247884
:1070A000FF23C4F80884B6FBF3F304930392039818
:1070B000049B98424DD3FF23B6FBF3F3C3EB0323AA
:1070C000F61A0496049BFBB10023EB70D4F8201849
:1070D000049AA3F57F03A3F57E530B4043EA0243D2
:1070E0000293019B002B64D1029B43F4C85343F0ED
:1070F0000B03C4F8203801230193EB78002B5ED0FA
:10710000D4F82C389B073ED40223C4F82C38002333
:107110001A460C212046FFF74BF9002855D120468E
:10712000FFF7F6F8024605900028A3D10721204674
:10713000FFF712F9D4F8203843F04003C4F82038A0
:10714000D4F8200810F040002CD02B78002BF7D179
:1071500027E0EA70D4F820380B400293029B43F4F6
:107160007F030293019B9BB9029B43F4C85343F0F6
:107170000B03C4F8203801230193EB7873B1D4F8E2
:107180002C38980711D502231548C4F82C3809E08B
:10719000029B43F00803C4F82038EEE72B78002B5D
:1071A000EBD1104806B0BDE8F081039B0133039397
:1071B0007DE7029B43F00803C4F820389DE72B7855
:1071C000002B9AD1EDE70848ECE70848EAE700BF52
:1071D00038B1002000D0004054B1002080C000FF32
:1071E0001801FFFF1001FFFF1301FFFF1601FFFF52
:1071F0002DE9F8439946036E089F23F001030366C7
:10720000B9F1200F164608BF4FF0000904460D469D
:10721000FEF7A4FB694B804646EA0922002D40F0A8
:107220009D8042F00102B842A56022605FD89C4276
:10723000634B11D19A6922F0300242F020029A6128
:107240005F4B9A6912F0300F5AD15E48B84567D843
:1072500000236360BDE8F8835B4A944217D19A69C2
:1072600022F0C00242F080029A61554B9A6912F0F6
:10727000C00FEAD09A6902F0C002402A45D09B694B
:1072800003F0C003802BE0D1FEF710FBDEE74F4A8E
:1072900094429A6915D122F4406242F400629A61E4
:1072A000474B9A6912F4406FCFD09A6902F440625A
:1072B000B2F5806F29D09B6903F44063B3F5006F8A
:1072C0002AE022F4405242F400529A613C4B9A69FF
:1072D00012F4405FB9D09A6902F44052B2F5805F6F
:1072E00013D09B6903F44053B3F5005FCBE79C4296
:1072F000A6D0354B9C42B8D0344B9C42E6D1CFE768
:107300009A6902F03002102A02D1FEF7E1FB9DE7F4
:107310009B6903F03003202B97D1FEF7F3FA95E732
:10732000B84295D93FB963686FEA53236FEA4323A4
:107330006360000A8EE70A2202FB00F3B3FBF7F357
:107340000533B3FBF2F3591EFF29ECD8B0FBF3F081
:1073500062686FF308020A4362607BE7154300210D
:1073600045F001059C42A160154B2560616009D183
:107370009A6922F0300242F020029A61BDE8F84397
:10738000FEF7C0BA104A944209D19A6922F0C002AD
:1073900042F080029A61BDE8F843FEF787BA0B4AD3
:1073A00094429A6904D122F4406242F40062E4E714
:1073B00022F4405242F40052ECE700BF00100640B5
:1073C00000020040001BB7000020064000300640CD
:1073D000036943F4807303617047036943F40073E6
:1073E00003617047836823F00D0313430B4343F09D
:1073F0000803836070470369120642EA017223F0B2
:10740000EE431A4302617047CA0742BF036843F460
:10741000003303608B0742BF836843F4805383606B
:107420004A0742BF836843F4005383600B0742BF9F
:10743000836843F400738360CA0642BF836843F4E1
:10744000807383604B0642BF036943F0800303618E
:107450000A0642BF036943F008030361CB0542BF3C
:10746000036943F0040303618A0542BF036943F0E3
:10747000200303614B0542BF036943F0100303611E
:107480007047CA0742BF036823F4003303608B07C9
:1074900042BF836823F4805383604A0742BF8368F6
:1074A00023F4005383600B0742BF836823F4007307
:1074B0008360CA0642BF836823F4807383604B06EF
:1074C00042BF036923F0800303610A0642BF0369D8
:1074D00023F008030361CB0542BF036923F00403D3
:1074E00003618A0542BF036923F0200303614B0552
:1074F00042BF036923F0100303617047CA0744BF0A
:10750000022343618B0744BF042343614A0744BFFE
:10751000082343610B0744BF80234361CA0644BF6D
:10752000402343614B0644BF4FF4002343618A0567
:1075300044BF4FF4006343614B0544BF4FF4805395
:1075400043617047042907B5436A0FD1D86A01A97E
:10755000FBF7C1F9019B4BB14FF0E0234FF0805294
:10756000C3F8042DBFF34F8FBFF36F8F03B05DF8E7
:1075700004FB10B5044660B100F076F90023E06A20
:10758000C4E90833FBF762FBA06ABDE81040FBF7D3
:107590005DBB10BD38B505460C4699B130220021BF
:1075A00020460FF059F80120FBF72EF90322A062C4
:1075B00000210120FBF762F8A36AE06223B92046AC
:1075C000FFF7D7FF002038BD0028F8D0044B6462D5
:1075D00023622146284600F001F90028F3D1EEE7A6
:1075E00045750000F7B504460D46806A4FF0FF313F
:1075F00016461F46FBF748FA012803D04FF0FF302C
:1076000003B0F0BD089B009332463B462946204616
:1076100000F04EF90028F1D0E06A4FF0FF31FBF79F
:1076200033FA0128EAD1237F042B07D00023A06A74
:107630001A461946FBF748F80020E1E7204600F01B
:107640007BF90028F2D1D9E72DE9F8434FF0402328
:1076500005680122C3F8C029D5F814802F6917F0F6
:10766000080718BF6F692E6818BFC7F3804716F464
:10767000003618BF6E694FF0402318BFC6F34006AE
:10768000C3F8C4790446C3F8C8691EB1012128466D
:10769000FFF734FF6B69DA0511D5237F012B5FFA01
:1076A00083F931D1E3684BBB80212846FFF7E9FE1F
:1076B00049462846FFF7A8FE0323237724E02A6BD8
:1076C000237F022BE6D12369002BE3D0A3681A7035
:1076D000A3680133A3602369013B2361DAE7E36810
:1076E0003BB1636862681B7801326260E268013A0C
:1076F000E2602B6201212846FFF700FF6B699B03C4
:1077000002D4E368002BEAD1237F032B0BD1E3687B
:107710004BB946B118F4803F05D02369002B14BF44
:10772000022304232377237F022B15D1A36963B996
:1077300023697BBB042323770EE001212846FFF752
:10774000DDFE2E62A369013BA3616E6916F400366B
:1077500002D1A369002BF0D1237F042BDEB20CD120
:1077600080212846FFF78DFE01212846FFF789FE7C
:10777000236A13B1606A314698474FF040230022D4
:10778000C3F8CC29C3F8C829C3F8C429C3F8C02951
:10779000BDE8F883002FDFD028468021FFF771FE77
:1077A00001212846FFF730FED6E70000014B18689C
:1077B000FFF74ABF78B50020014B5868FFF744BF78
:1077C00078B50020014B9868FFF73EBF78B50020E0
:1077D000014BD868FFF738BF78B5002010B50029F5
:1077E00039D01E4B984230D003F5805398422ED0AA
:1077F00003F5805398422CD003F5805398422AD148
:107800000323174A52F823402CBB42F823100424C8
:10781000012208600C7713481146FEF777FB1148E8
:1078200001220221FEF772FB0E4801222146FEF7DB
:107830006DFB0C4801220821FEF768FB0948012274
:107840001021FEF763FB012010BD0023D9E70123BF
:10785000D7E70223D5E70020F6E700BF0010064077
:1078600078B50020C041004003680F4A934215D00C
:1078700002F58052934213D002F58052934211D008
:1078800002F58052934208D10323084A52F823108C
:10789000814204BF002142F8231070470023F4E71F
:1078A0000123F2E70223F0E70010064078B500203C
:1078B00038B5057F049C042D37D10125057741603B
:1078C000C260836013190461436112B90223037714
:1078D000846104682046FFF77BFD2046FFF77DFDAD
:1078E00080212046FFF790FD114B9C4217D003F5F5
:1078F00080539C4215D003F580539C4213D003F56E
:1079000080539C420CBF3E2400246209094B04F0C2
:107910001F04012000FA04F443F8224038BD172464
:10792000F3E73324F1E73424EFE70020F6E700BF64
:107930000010064000E100E00368114A934218D0AD
:1079400002F58052934216D002F58052934214D031
:1079500002F5805293420CBF3E2300235A09094985
:107960000120203203F01F0300FA03F341F8223014
:1079700070471723F2E73323F0E73423EEE700BF25
:107980000010064000E100E04FF08042936843F0B1
:107990000103936070474FF08042936843F0020305
:1079A000936070474FF08042936A23F01F030343B4
:1079B00093627047104B9842104B08D15B69C3F338
:1079C0000223022B16D00E4A52F8230070470D4AAC
:1079D000904203D15B69C3F30233F2E70A4A5B6961
:1079E00090420CBFC3F30243C3F30253022BEAD10C
:1079F000FDF788BFFDF75ABF0000054000020040B8
:107A0000E81702000001054000100540C36923F09B
:107A10001E030B43C3617047F0B54C4B05460E4641
:107A20000FCB85B004AC04E90F00494B9D4207D150
:107A3000484B5F691C6AC7F30167C4F3032414E071
:107A4000454B9D4207D1434B5F691C6AC7F3816771
:107A5000C4F3033409E0414B9D4233D13D4BDF6910
:107A60001C6BC7F3016704F00F0400232B6303238F
:107A7000EB60AB6823F4702323F0F003012FAB60BD
:107A800002D1FEF725F80190D6B104AB03EB8707CE
:107A9000013457F8103CB3FBF4F303EB5602B2FB8E
:107AA000F6F2023AB2F5803F21BF03EBC603B3FB07
:107AB000F6F31B09023B36BF42F040526B626A622A
:107AC00005B0F0BD264B9D4207D1224BDF691C6BF0
:107AD000C7F38167C4F30314C7E7224B9D4205D166
:107AE0001C4BDF691C6BC7F30177A6E71E4B9D4259
:107AF00004D1184BDF691C6BBF0FA9E71B4B9D42DC
:107B00000ED14FF08043D3F8F431DBB2012B19D101
:107B1000104BDF691C6BC7F30157C4F30344A4E7A0
:107B2000134B9D420ED14FF08043D3F8F431DBB2BA
:107B3000012B07D1074BDF691C6BC7F38157C4F3D7
:107B4000035492E7002427468FE700BF081802007D
:107B500000000740000200400010074000200740DE
:107B600000300740004007400050074000600740D9
:107B7000007007402DE9F041064601F075F948B361
:107B800001F07AF9054628BB134CFC2303FB06479A
:107B9000FA78FAB13C461034204600F0F3FF3F2853
:107BA00018D9F978284601F0EFFA98B1204600F08C
:107BB000E9FF3F28F97808D9084A284602EBC6129F
:107BC0004023BDE8F04101F0FFBA2846BDE8F0418E
:107BD00001F0EABABDE8F0810CB700208CB50020B6
:107BE00008B5FC22102302FB00330248184400F0C1
:107BF000B0FF08BD0CB7002038B54FF6FF739A42AE
:107C000028BF1A460446FC23102013FB0403054832
:107C100092B2184400F0C8FF05462046FFF7AAFFBD
:107C2000284638BD0CB7002010B51022FC230446AE
:107C300013FB00230448184401F061F82046BDE816
:107C40001040FFF797BF00BF0CB700202DE9F041AF
:107C5000044601F009F998B301F00EF9064678BB25
:107C60001B4F4FF0FC08242518FB04553D442846C3
:107C700000F06FFF20B308FB04773046B97801F0BD
:107C800083FAE8B1134B402202EBC4141C44214692
:107C9000284600F089FFB9780546B0B10346224670
:107CA000304601F091FA70B90B490C48D52210F01A
:107CB00083FE4FF0E023D3F8F03DDB0700D500BE94
:107CC0000020BDE8F0812846FBE701F06DFAF7E7F8
:107CD0000CB700208CB50020391802006BB00100F1
:107CE00070B52423FC2414FB00340B4B1C444FF6CA
:107CF000FF739A4228BF1A4692B20546204600F00A
:107D000079FF0646204600F024FF3F2802D9284686
:107D1000FFF79CFF304670BD0CB700202DE9F347FC
:107D20004FF43D722648264C00210EF095FC254B61
:107D300000251D70FF274FF4E1384FF001090026A0
:107D40000823A3736771C4F8088026736673012340
:107D5000402204F13801009604F1100000F0C7FE43
:107D60000123802204F17801CDF8009004F1240071
:107D700000F0BDFE0120FAF747FD82460120FAF728
:107D800043FDBAF1000F00D078B90F490F484FF406
:107D9000827210F011FE4FF0E023D3F8F03DDB07C4
:107DA00000D500BE02B0BDE8F0870135032DC4E95F
:107DB000076AC4E90C0604F1FC04C0D1F2E700BF75
:107DC0000CB7002088B500202F1802006BB001000E
:107DD0002DE9F0410025114CDFF844802F4698F83A
:107DE00000302760DA07277103D404F1100000F097
:107DF00086FF98F800309B0704F1240602D4304631
:107E000000F07DFF01213046013500F098FF032D81
:107E100004F1FC04E3D1BDE8F08100BF0CB7002001
:107E200088B500202DE9F7434B79022B07461CD17A
:107E300091F80680B8F1020F17D1324EB378CBB16A
:107E400096F8FE30002B39D096F8FA31002B39D055
:107E500040F241122C492D4810F0AEFD4FF0E023C6
:107E6000D3F8F03DDB0700D500BE0025284603B05F
:107E7000BDE8F08398468B7833700B780925CC18D1
:107E80006378242B26D195421FD96378042B35D1F2
:107E900063790A2B32D194F80090B31C0193033616
:107EA00002230E3500961A4604EB09013846ADB29E
:107EB00001F030F9F8B94FF4B172CBE74FF0010897
:107EC000FC36D8E706F5FC76D5E723781D44ADB23D
:107ED0001C44D5E7052BD8D12146384601F0ECF8F3
:107EE00010B940F25312B5E7A378737023781D449C
:107EF000ADB21C44C9E7A9441FFA89F54046FFF713
:107F000039FEB3E70CB70020251802006BB0010062
:107F1000137803F06003202B2DE9F0410F46114642
:107F20005DD1304D93882A789A4212D095F8FC2082
:107F30009A4210D095F8F8219A4250D102244A78FA
:107F4000FC23203A6343032A49D8DFE802F0061BEA
:107F50001E3C0024F3E70124F1E7012F06D103F1D1
:107F600008022A44072301F01BFD08E0032F06D175
:107F70001D4A22B10833E9182046AFF300800120E2
:107F8000BDE8F081012FFAD1E9E7012F02D101F01C
:107F9000F5FCF4E7032FF2D14F88FC22243302FBD7
:107FA000045607F00108E81888F00101377100F065
:107FB000C6FE0E4B002BE2D0C7F3400241462046DE
:107FC0000BF0F8FEDBE7012FE1D0032FD7D1084BF0
:107FD000002BD4D049882046AFF30080CFE70020A3
:107FE000CEE700BF0CB7002000000000B53D010047
:107FF000000000002DE9F04F1C4685B0454B029073
:10800000894600259A46DA784A455FFA85F856D0BF
:108010009A784A4575D00135032D03F1FC03F2D15E
:108020003D493E484FF4E67210F0C6FC4FF0E023A5
:10803000D3F8F03DDB0700D500BE002005B0BDE859
:10804000F08F16F8011B7879884207D1019800F06B
:1080500091FD18B979794046AFF300800BF1010B1F
:1080600047E0019800F086FD002847D140460BF01C
:10807000B3FE43E02A4B13B14046AFF300804046C5
:10808000FFF7E4FD002842D1FC235D4305F1240005
:10809000504400F05EFD002839D1002C37D014F098
:1080A0003F0434D155440298A97801F06DF870B3BB
:1080B000A97802982346224601F086F827E0FC239F
:1080C0006B43184E039303F110070AEB070306EB0B
:1080D000C516A2B218463146019300F08BFD124A34
:1080E000039B42B10AEB03077A79FF2A03D04FF0D2
:1080F000000BA345A5D10D4B002BB2D14046FFF795
:1081000039FDFC2303FB05A39B784B45B2D001202E
:1081100094E700BF0CB70020181802006BB00100F4
:10812000000000008CB5002000000000D93D0100D7
:1081300030B4104B02249A6B83F82C10996883F8A2
:10814000304093F83C408A1A9A6224B942F20505FD
:108150009D8783F83E4051B14AB11A7BD20930BCA9
:1081600014BF93F82E1093F82F1001F071B830BCA3
:10817000704700BF00BC002038B5184B184C0546AE
:1081800073B1607BAFF3008050B942F2077384F89B
:108190003E00A38728460121BDE83840FFF7C8BF4D
:1081A000A26BA36894F82F109B1AB3F5007F28BF29
:1081B0004FF400730B4A9BB2284601F005F860B9F2
:1081C00009490A4840F2273210F0F6FB4FF0E0234D
:1081D000D3F8F03DDB0700D500BE38BD000000003D
:1081E00000BC002000BA00205F1802006BB0010044
:1081F000F0B40C4C0C4EA26BA3689B1AA362032331
:1082000084F8303004F1200307460FCB354607C50C
:108210002B7094F82E10324638460D23F0BC00F037
:10822000D3BF00BF00BC002000BA0020034B43F6C0
:1082300002229A87002283F83E20704700BC00206B
:1082400070B52A4CE28AA36886B0054622B152BABC
:1082500092B2B3FBF2F292B2A06BD4F81110B0FB61
:10826000F2F61B1AB3F5007F28BF4FF4007300939A
:1082700009BA1F4B02FB16023144607B0BF052FE21
:10828000031E08DAFFF7D2FF0121284606B0BDE839
:108290007040FFF74DBF94F82E1011D1CDF80E307D
:1082A00007228DF8101003A81946ADF812308DF88A
:1082B0000C508DF80D20059300F070FE06B070BDD7
:1082C0000B4A9BB2284600F07FFF0028F6D10949EF
:1082D000094840F20F3210F06FFB4FF0E023D3F863
:1082E000F03DDB07EAD500BEE8E700BF00BC002098
:1082F00000BA00204F1802006BB00100044880F85B
:108300003C1080F83D2080F83E300120704700BFCF
:1083100000BC00200248402200210EF09DB900BFA1
:1083200000BC00200248402200210EF095B900BF99
:1083300000BC002073B54B79082B054613D18B790F
:10834000062B10D1CB79502B0DD1162A0ED8F42242
:108350001D491E4810F030FB4FF0E023D3F8F03DEC
:10836000DA0700D500BE002002B070BD184C8B7833
:1083700084F82D3004F12E030E78019304F12F03BD
:10838000009302231A46314400F0C4FE08B9FA22D1
:10839000DEE7002384F830300E4A94F82F101F23B4
:1083A000284600F011FF08B11720DDE7064907480D
:1083B000FD2210F001FB4FF0E023D3F8F03DDB0786
:1083C000F2D500BEF0E700BF921802006BB00100CA
:1083D00000BC002000BA0020012973B505461446F0
:1083E00002D0012002B070BD137803F07F02022A90
:1083F00049D16278012A46D16288002A43D1A388F4
:108400003E4C94F83020042ADBB203D1194600F028
:108410001FFFE6E794F82E10994214D1022AE0D10A
:10842000FFF7E6FE0028DCD14FF49272344935485C
:1084300010F0C2FA4FF0E023D3F8F03DDB0700D58F
:1084400000BE0020CEE794F82F609E42C9D1002ADA
:10845000C7D1314600F0EEFE0028C2D13146284691
:1084600000F032FF0028BCD1002384F83030264AC7
:1084700094F82F101F23284600F0A6FE0028B0D144
:1084800040F22B12D2E703F06003202BD9D163789E
:10849000FE2B15D0FF2BD4D16388002BD1D1E188DE
:1084A0008AB2002ACDD1154B284699872146C3E9C7
:1084B0000D2283F8302083F83E2001F05FFA90E728
:1084C0006388002BBDD1E388012BBAD18DF807302A
:1084D0000E4B1BB1AFF300808DF807009DF80730FD
:1084E000002BAED0013B8DF807300DF107020123C0
:1084F0002146284601F054FA73E700BF00BC002073
:108500007D1802006BB0010000BA002000000000DE
:108510002DE9F047A64C94F830A0BAF1010F8EB0C7
:1085200005468C461E4600F0CC81BAF1030F00F0E0
:108530004082BAF1000F44D194F82F308B4258D1C9
:10854000DFF878821F2ED8F80020C14602D1994B5F
:108550009A4210D094F82E100423284684F8303024
:1085600000F076FE94F82F10284600F071FE0020EF
:108570000EB0BDE8F08747460FCF26460FC697E8F6
:108580000F0007C626F8023B1B0C33708A4B236290
:108590006368E27B84F82CA0C4E9093A012384F8DB
:1085A000303002F0FD01A3682829C4E90D3A38D122
:1085B000E18A03BB002900F07E8102212846FFF7F3
:1085C000B7FD94F83030022B13D194F82E102846C2
:1085D00000F07AFE68B9A268A36B9A4240F21C824E
:1085E000237BDB0900F0188294F82E10284600F057
:1085F0002FFE0120BCE7207B282A4FEAD0100DD1A6
:108600000028DAD0A1B149BA89B28B42D5D3282A41
:1086100040F0AC812846FFF713FED2E70028F1D0E6
:10862000CBE7EBB1217BC9091AD1B3F5007F01D9A2
:108630000121C3E7614A9BB26146284600F0C4FDB0
:108640000028BED140F297125D495E4810F0B4F99F
:108650004FF0E023D3F8F03DDA0788D500BE86E777
:10866000252A677B08D8192A14D8032A00F0EA8043
:10867000122A00F0AF805AB394F83C30002BD7D1C7
:10868000A38E4E4A5049607B0BF0B0FC002880F26C
:108690000B81CDE71A3A0B2AEED801A353F822F04A
:1086A00011880000EB8600007986000079860000C2
:1086B000078700007986000079860000798600002F
:1086C0007986000069870000798600001B8700001A
:1086D00038460BF0F5FB002840F0E98094F83C3078
:1086E000002BC9D1FFF7A2FDC6E7384B002B00F0E5
:1086F000DE80E17C3846C1F3400301F00102090944
:108700000BF004FCE7E7324B002B00F0D080227D19
:10871000E17C3846AFF30080DDE704AA05A93846BE
:108720000BF0E0FB059BBDF81020002BD6D0002AF3
:10873000D4D0013B1BBA12BAC8E900320820A368A2
:10874000002B3FF475AF834228BF034663631B4A87
:1087500094F82E109BB2284600F036FD00287FF4D6
:1087600030AF40F2B7126FE7002305AE05930DF16D
:108770000E02C6E9013304A938460BF0B3FB049A94
:10878000002AABD0BDF80E30002BA7D012BA0821BA
:1087900006925BBA02228DF817108DF81C20ADF8F6
:1087A0001E3096E8070089E807000C20C7E700BFE5
:1087B00000BC0020555342435553425300BA002099
:1087C000701802006BB001000FBC00200D3F0100CB
:1087D0000000000095491F23CDE905134FF0203616
:1087E0001022202109A8CDE907660DF035FF384693
:1087F0000DAB09AA07A905AF0D960BF03BFB0FCFF8
:108800008B4E0FC60FCF0FC63B683360242096E710
:10881000059B03F4000343F003030593854B7BB1F1
:108820003846AFF300809DF8163080F0010060F309
:10883000C7138DF81630059BC8F8003004207EE77A
:108840000120F0E794F83C6094F83D9094F83E8065
:108850001222002105A80DF0FFFEF0238DF8143040
:1088600006F00F060A238DF816608DF81B308DF880
:1088700020908DF8218005AE0FCEDFF8B4C1ACE8B2
:108880000F003368ACF800306B4BC3B14FF400728B
:10889000ACF110013846AFF3008000239842A38763
:1088A00084F83E30FFF6E8AE00287FF448AFA368B6
:1088B000002B7FF4BDAE022384F8303081E6122015
:1088C000EBE7B3F5007F02D94FF4E072BCE6E37B3F
:1088D000A06B282B05D1636B30449842A063EAD289
:1088E00098E62A2B46D1E28A2AB152BA92B2A368FC
:1088F000B3FBF2F39AB2D4F811104D4F009609BAB7
:10890000B0FBF2FC3B4602FB1C026144607B0BF0B7
:108910003BFB011E05DAA36B3344A363FFF786FC20
:1089200086E68E421CD9761A39B1A36B32460B44C7
:1089300038463944A3630EF0CDF8002194F82F3067
:10894000CDF81610072205A8ADF81A108DF81450AE
:108950008DF815208DF81830079600F01FFB30E6D3
:10896000A36B626B33449342A363A4D22846FFF700
:1089700003FC26E6237B3044DB09A0630CD1A38EE5
:108980002B4A607B04F10F010BF030FB002803DA67
:1089900051462846FFF7CCFBD4E90D329A428AD2E1
:1089A0004FF0E023D3F8F03DDB077FF50AAE00BEC1
:1089B00007E694F82E308B422AD10D2E28D1E37B86
:1089C000282B09D02A2B1CD01C4B53B1607B04F1FF
:1089D0000F01AFF3008004E0194B13B1607BAFF3DC
:1089E0000080002384F83030114A94F82F101F23A0
:1089F000284600F0E9FB00287FF4E3AD40F20922AD
:108A000022E6104B002BECD0607BAFF30080E8E750
:108A10000D480DF06FFCD4E52846FFF7E9FB002870
:108A20007FF4E7AD40F21B220EE600BF0080020299
:108A300000BA00200000000000000000000000005C
:108A4000000000000000000082B001000A4492B261
:108A500091424FEA400001D8824201DB121A92B2E1
:108A6000104670472DE9F047BDF8204086881D1B51
:108A7000ADB2A3423CBF05EB4605ADB20746884602
:108A8000F5B1AE4206D29E4294BF9B1B9B199CB28D
:108A900044813546954228BF1546A64213D9FA8827
:108AA0003968A6EB04091FFA89F9C2F30E0A4D458D
:108AB00052460AFB041109D86A4340460EF062F997
:108AC0002846BDE8F087A41BA4B2E6E719FB0AF923
:108AD0001FFA89F94A464046AE1B0EF053F9A21917
:108AE00012FB0AF2396892B208EB0900E6E7B2F528
:108AF000004FF8B504460F4616461D4627D8C068F5
:108B000018B14FF0FF31F9F7BFFF206918B14FF0EE
:108B1000FF31F9F7B9FF9DF81830E0682760C5F319
:108B20000E0545EAC33500236381A680E5802381D5
:108B300018B11A461946F9F7C7FD206908B901208E
:108B4000F8BD00231A461946F9F7BEFDF7E70020E5
:108B5000F6E702468088138952899BB292B293420B
:108B600036BFC2EB40029B1A9B189BB2984228BFAB
:108B7000184670470289438992B29BB2D31A584271
:108B80005841704703894189828889B29BB28B42E0
:108B900036BFC1EB42015B1A5B189BB29A4286BF9B
:108BA000D01A80B20020704773B5044600690D46A4
:108BB000164618B14FF0FF31F9F766FF2389628935
:108BC00092B2294600929BB232462046FFF74AFFF6
:108BD00061890246054689B2A088FFF737FF6081A8
:108BE000206920B100231A461946F9F76DFD284681
:108BF00002B070BD2DE9F84F06460F4615465AB330
:108C0000C06818B14FF0FF31F9F73EFFF379B6F8BD
:108C100008807189B6F80490DB091FFA88F889B2D8
:108C20001DD1884539BFC1EB49044444A8EB01017B
:108C30008CB238BFA4B24C4536BFA9EB0404002463
:108C4000A4B2A54228BF254645BBF06820B1002349
:108C50001A461946F9F738FD2846BDE8F88F4D4504
:108C600009D3F388A5EB0905C3F30E0303FB0577CE
:108C700088464D46E8E788454FEA490236BF531A11
:108C8000A8EB010343449BB22B44934206DBA9EBC0
:108C9000050292B24846FFF7D9FE804644464C454D
:108CA00017D2F2883068A9EB040A1FFA8AFAC2F3D5
:108CB0000E0BAA455A460BFB04000ED36A433946F5
:108CC0000EF060F8B0882A464146FFF7BFFE3081BB
:108CD000BBE7A4EB0904A4B2E1E71AFB0BFA1FFA05
:108CE0008AFA524639460EF04DF8A5EB0903E21810
:108CF00012FB0BF2306892B207EB0A01E0E710B505
:108D00000446C06818B14FF0FF31F9F7BDFE206985
:108D100018B14FF0FF31F9F7B7FEE0680023638127
:108D2000238118B11A461946F9F7CEFC206920B103
:108D300000231A461946F9F7C7FC012010BD38B5C3
:108D40000446C0680D4618B14FF0FF31F9F79CFE9C
:108D5000206918B14FF0FF31F9F796FEE379E0682A
:108D600065F3C713E37120B100231A461946F9F7DA
:108D7000ABFC206920B100231A461946F9F7A4FC80
:108D8000012038BD0B4B63B10B4B1B78834206D9D6
:108D90000A4B1B6800EB400003EBC0007047C01A91
:108DA000C0B2012803D8064B00EB4000F4E70020D6
:108DB000704700BF0000000008BD00200CBD00206F
:108DC0003C19020070B5174E054600242046FFF7F7
:108DD000D9FF68B91449154840F2B3120FF0ECFD01
:108DE0004FF0E023D3F8F03DDB0700D500BE70BDA7
:108DF00043682846984733780134E4B20133A342EC
:108E0000E4DA332200210A480DF026FC1022FF216B
:108E100008480DF021FCBDE8704007481022FF21F2
:108E20000DF01ABC08BD0020101902006BB0010043
:108E300010BD002013BD002023BD002070B50C46DE
:108E400005461646C86800F0EBFDE3683246284642
:108E50000121BDE870401847024B187800F001006E
:108E6000704700BF10BD0020024B5878003818BF73
:108E70000120704710BD0020024B1878C0F380001D
:108E8000704700BF10BD0020044808B520B1044B56
:108E9000187801F0A3F8012008BD00BFDD9F000095
:108EA00060000020044808B520B1044B187801F098
:108EB0009FF8012008BD00BFF19F00006000002066
:108EC000024B1878FF3818BF01207047600000205F
:108ED000F8B5284E3378FF2B054648D133220021C0
:108EE00025480DF0B9FB0120F9F78EFC234B1860E3
:108EF00070B940F28F12224922480FF05DFD4FF009
:108F0000E023D3F8F03DDB0700D500BE0020F8BD1C
:108F10001D4F002279883888F9F7B0FBB9680446FC
:108F2000F9F76AFE194B1C6014B94FF4CA72E2E7F4
:108F3000174B23B11748AFF30080174B1860154F3C
:108F400000242046FFF71EFF10B94FF4D072D2E77D
:108F5000036898473B780134E4B20133A342F0DA66
:108F60002846357000F03CFE284600F055FE0120F2
:108F7000CDE700BF6000002010BD002040BC0020F5
:108F8000311902006BB001005400002044BC0020E5
:108F90000000000008BD00200CBD0020F0B54378A3
:108FA000023B85B004460D46032B26D8DFE803F0CC
:108FB000023A1D313D4A137823F0010313701378F0
:108FC00023F00203137000235370117863F38201BE
:108FD0001170374A1068ADB92B464FF0FF32214669
:108FE00005B0BDE8F040F9F76FBB304B1A78D007F9
:108FF00047D51A7842F004021A702D4B1868002DDC
:10900000EAD0002301AA21460193F9F70FFC019B46
:109010003FE0264A1378D90733D5137823F00403A9
:109020001370EAE7234F00263046FFF7ABFE20B16E
:10903000436913B16168207898473B780136F6B2EE
:109040000133B342F0DA194A13785B0719D5137864
:1090500023F00403137022788DF8042005228DF884
:109060000520134A00231068CDF80630CDF80A30E9
:10907000ADF80E303DB92B464FF0FF3201A9F9F79C
:1090800023FB05B0F0BD6A4601A90093F9F7CEFBBA
:10909000009B002BF5D04FF0E0234FF08052C3F837
:1090A000042DBFF34F8FBFF36F8FEAE710BD002091
:1090B00044BC002008BD002038B5124B1D788B78C9
:1090C00013F0780F0C460ED040F2AF420E490F4815
:1090D0000FF072FC4FF0E023D3F8F03DDB0700D532
:1090E00000BE002038BD0A4B2046997800F0D4FF1E
:1090F00010B94FF49662E9E721462846BDE83840AA
:1091000000F0A0BD60000020AB1802006BB00100B1
:1091100010BD00202DE9F047DDE9086781460C46C7
:1091200090469A460025A84501DC012010E06378AE
:10913000052B0FD040F28742114912480FF03CFC3A
:109140004FF0E023D3F8F03DDB0700D500BE002050
:10915000BDE8F087E37803F003035345EAD12146E5
:109160004846FFF7A9FF10B94FF49162E4E7A378EE
:10917000DA0914BF3B703370237801351C44D2E701
:10918000BA1802006BB00100CB0901F07F02233353
:1091900003EB42030248034A1844116800F034BF4D
:1091A00010BD002040BC0020CB0901F07F0223331A
:1091B00003EB42030248034A1844116800F04DBF14
:1091C00010BD002040BC002070B5164C164801F0C0
:1091D0007F0604EB460404EBD1142034E5780078D4
:1091E000ED070ED51149124840F2DB420FF0E4FBC7
:1091F0004FF0E023D3F8F03DDB0700D500BE0020A0
:1092000070BDE57845F00105E57000F06BFD0028C4
:10921000F6D1E27860F30002E270E27860F3820255
:10922000E270E5E710BD0020600000209C180200FD
:109230006BB00100054B01F07F0203EB420303EB2F
:10924000D11191F8230000F00100704710BD0020FB
:1092500010B50C4C01F07F0204EB420404EBD11476
:109260002034E3789B070BD4074B187800F082FD7D
:10927000E37843F00203E370E37843F00103E37023
:1092800010BD00BF10BD00206000002010B50C4CC8
:1092900001F07F0204EB420404EBD1142034E378A4
:1092A0009B070BD5074B187800F06FFDE37823F090
:1092B0000203E370E37823F00103E37010BD00BF05
:1092C00010BD002060000020054B01F07F0203EB81
:1092D000420303EBD11191F82300C0F34000704723
:1092E00010BD00202DE9F04F8BB0804600F08AFEC3
:1092F000002800F0C4824FF47A7303FB08F2A64CF6
:10930000B2FBF3F302920593A44BB8F1FF3F186848
:109310001FD0B8F1000F1CD0029BB3F57A7F059BDC
:1093200034BF01221A4607A9F9F720FB002800F0F4
:10933000A6829DF81D30013B072B00F2E482DFE896
:1093400013F00A001A00E202A902B7022600700216
:10935000DB024246E7E79DF81C00FFF733FD00F013
:1093600057FB9DF82030A3708C4B1868F9F731FC3F
:109370000028C9D183E29DF81C00FFF723FD00F00F
:1093800047FB874B002BEFD00AF052FFECE7237826
:109390009DF81C5043F00103237094F8233023F010
:1093A000010384F8233094F8233023F0040384F875
:1093B000233094F8243023F0010384F8243094F807
:1093C0002430002023F0040384F8243000F028FB2C
:1093D0009DF8206006F06002602A03D140F26E2200
:1093E000704969E1402A0BD16F4858B300F018FB6F
:1093F00008AA01212846AFF300800028B4D121E05B
:1094000006F01F06012E00F09C81022E00F0C481A0
:109410008EB9202A0ED19DF824300F2B12D8234468
:10942000D878FFF7AFFC014660B108AA2846FFF7DD
:1094300005FDE2E78AB14FF0E023D3F8F03DDD0708
:1094400000D500BE9DF81C00002100F093FC9DF8A3
:109450001C00802100F08EFC86E79DF82130092B4E
:10946000E9D801A252F823F02D9700001B970000C5
:109470003794000007970000379400009194000093
:109480003F96000037940000AB940000C1940000A8
:1094900008A800F0CBFA9DF82210284600F0C4FB83
:1094A000237843F0020323705EE763788DF81A3067
:1094B00001230DF11A0208A9284600F071FA53E7BA
:1094C0009DF822300193019A63789A423CD06378E8
:1094D0003BB1284600F004FCA6782846FFF772FC52
:1094E000A670019B83B3581EC0B20AF09DFD10B157
:1094F0004378022B0FD040F26A322C492C480FF0EF
:109500005BFA4FF0E023D3F8F03DDF0700D500BE53
:1095100040F2C22264E7C379C3F38012C3F340135D
:109520001B0143EA4213227822F0300213432370D6
:109530004388C31800F109060393039BB3420BD879
:109540001C4B0BB10AF066FE134B019A5A7008A926
:10955000284600F013FA07E773780B2B03BF337824
:1095600096F80390F6184FF001097378042B02D097
:1095700040F28532C1E7039BA3EB060A1FFA8AF388
:1095800000270493BA463846FFF7FCFB834698B998
:1095900040F28E32B1E700BF10BD002044BC002075
:1095A00031420100F818020000000000E518020036
:1095B0006BB00100154201008368049A31462846C9
:1095C00098470828024631D9049B83422ED3B9F12B
:1095D000010F06D1DBF80810BB4B994208BF4FF0D2
:1095E0000209BA4800215FFA81FCE1450FD83B46E9
:1095F0003146B748049200F08DFDB64B049A1B78B3
:1096000001335345164498DA4FF46F7275E7B37817
:10961000634450FA83F3013193F803C0BCF1FF0FA8
:1096200002D040F2AD3268E7DF70DCE7A94B1B786F
:109630000137FFB20133BB42BA46A4DAE4E7BDF812
:1096400022301A0AD8B2531E0E2B3FF6FBAE01A1F0
:1096500051F823F091960000C1960000E5960000B5
:109660004594000045940000F9960000C196000062
:109670004594000045940000459400004594000086
:10968000459400004594000045940000A396000016
:109690000AF0C6FC1223024608A9284600F080F909
:1096A000ABE68D4B002B3FF4CDAEAFF3008002460E
:1096B000B0B940F2ED32894989480FF07DF9BAE638
:1096C000022A06D10AF0B0FC024648B940F207422D
:1096D000F1E7844B002B3FF4B5AEAFF30080F3E726
:1096E0005388D9E7BDF824100AF0AEFC02460028E2
:1096F0003FF4A8AE0378CFE77B4B002B3FF4A2AE3C
:10970000AFF30080F2E7BDF82230012B7FF49AAE70
:10971000237843F00803237019E7BDF82230012BAA
:109720007FF490AE237823F00803F4E72378C3F3A3
:1097300040129B0803F002031343ADF81A300223D2
:10974000B7E69DF824300F2B3FF67CAE2344D87843
:10975000FFF718FB014600283FF474AE08AA28461C
:10976000FFF76CFB00287FF4FFAD9DF8203013F06D
:1097700060077FF467AE9DF821300A3B012B3FF66E
:1097800061AE00F04DF99DF821300A2B7FF4DFAE79
:109790008DF81A7033468CE69DF8241011F0780F7E
:1097A00001F07F034FEAD11002D040F2223217E6D7
:1097B00004EB43030344D87CFFF7E4FA07462AB1DD
:1097C00000283FF43FAE08AA01462FE69DF821305D
:1097D00003F0FD02012A08D0002B7FF42CAE2846AE
:1097E000FFF772FDADF81A00D4E7BDF8222022B9C8
:1097F000012B284612D1FFF749FD002F3FF4B4ADED
:1098000008AA39462846FFF719FB002000F008F99E
:1098100094F82430DE073FF5A7AD98E6FFF718FD72
:10982000EBE79DF8201001F07F0504EB450202EB09
:10983000D11292F8233023F0010382F8233092F8FA
:10984000233023F0040382F823303DB9099B9DF8AF
:1098500021209DF81C0000F0F7F885E5D07CFFF78B
:1098600091FA78B921491E4840F229220FF0A4F854
:109870004FF0E023D3F8F03DD80700D500BE0BB081
:10988000BDE8F08F0569099B9DF821209DF81C001B
:10989000A84769E52378D9077FF566AD144B002BFF
:1098A0003FF462AD2078C0F3C0000AF0C9FC5BE56C
:1098B0002378DA077FF558AD0E4B002B3FF454ADFB
:1098C0000AF0BFFC50E500BF257E000010BD00205F
:1098D00023BD002008BD002000000000CE180200BB
:1098E0006BB001000000000000000000241902001D
:1098F0004142010043420100089B002B3FF434AD7C
:109900000998984730E54FF0E023D3F8F03DDB07A6
:109910007FF52AAD00BE27E5124B9989DA8970B52B
:109920008C1AA4B2054693F90000402C28BF4024AD
:1099300000280EDA914212D099680B4822460DF0A9
:1099400021FA8021084A23462846BDE87040FFF7E7
:109950003BBC91424FF00001F4D10A46F3E780216D
:109960000022F0E784BD002044BD0020C94300234D
:109970001A4601F08001FFF727BC000030B4074C05
:1099800005460B4608684968224603C20022C4E91E
:1099900002222846197830BCFFF7E8BF84BD0020BA
:1099A000F8B5184E0C46054608684968B260374657
:1099B00003C70021F181E1888B4228BF0B46B381A8
:1099C000B9B173B16AB975220F4910480EF0F4FFAE
:1099D0004FF0E023D3F8F03DDB0700D500BE0020B8
:1099E00004E02846FFF798FF08B10120F8BD7B226C
:1099F000EAE721782846FFF7B9FF0028F5D1802251
:109A0000E2E700BF84BD0020811902006BB00100B5
:109A10000248142200210CF01FBE00BF84BD0020AC
:109A2000014B1861704700BF84BD002010B502468D
:109A3000044C00685168234603C30023C4E9023381
:109A400010BD00BF84BD002070B52E4C1E4623788B
:109A5000C909B1EBD31F05461AD066B1AD222A4918
:109A60002A480EF0A9FF4FF0E023D3F8F03DDB07C2
:109A700045D4002070BD264B13B1214600F0A0FA5A
:109A800023691BB11F4A0321284698470120F1E7AB
:109A900094F90030A068002B05DB0028E9D01D49AF
:109AA00032460DF06FF9A268E38932443344A26074
:109AB000E2889BB29A42E38101D03F2E18D82369F5
:109AC0003BB921782846FFF751FF0028DED1DA2282
:109AD000C5E702210B4A2846984701460028F0D1E5
:109AE000284600F047F98021284600F043F9CDE7E9
:109AF0002846FFF711FF0028C8D1E522AFE700BED6
:109B0000B7E700BF84BD00206C1902006BB00100F4
:109B1000C19F000044BD0020134A002310B5194620
:109B2000936102EB031001330C2BC0F80815C0F849
:109B30000C15F6D14FF41073C2F808350823C2F89B
:109B400000350A4B40204FF40874D880C2F81845FD
:109B50004824C2F810455882054B88201860054BF0
:109B60009160197010BD00BF00000C4098BD00202E
:109B70002CBE002028BE00200A68094B30B51344D3
:109B800004688288C088824228BF0246A0188442A6
:109B900001D14A6030BD14F8015B03F8015BF6E7C0
:109BA00000010C4030B502460B4D0C48836819B1DA
:109BB00013F0600F0BD130BD846804F0600403F033
:109BC0000F03402C08BF43F080039A42F3D01030BB
:109BD000A842EBD10020EEE7C0050C4000050C4088
:109BE00010B50B4C4FF4FA632361D4F8903043F076
:109BF0000103C4F89030FFF78FFFD4F8903023F0C2
:109C00000103C4F89030034B6360236010BD00BFB4
:109C100000000C4007000080024B4FF400125A6015
:109C2000704700BF00E100E0054BD3F8082542F083
:109C30008002C3F808250022C3F80425704700BF3E
:109C400000000C40F8B58F780C4638460121FFF72C
:109C5000A9FF70B94FF48D721C491D480EF0ACFE7F
:109C60004FF0E023D3F8F03DDB0700D500BE002025
:109C7000F8BD184BA6881A68E17802601C68164D7A
:109C8000C6F30A0634441C601B680544B3F5806FB4
:109C90004FEAD71C01F003014FEA251502D940F223
:109CA0002512D9E7BCF1010F07F07F0214BF202372
:109CB00040231343012908BF43F010038360074B7F
:109CC0000C2202FB05330120DE80D1E7A01902003F
:109CD0006BB001002CBE002000FBF3BF98BD00203C
:109CE000704700002DE9F0418846404600211446A7
:109CF0001E46FFF757FF78B919491A4840F23F123C
:109D00000EF05AFE4FF0E023D3F8F03DDB0700D50C
:109D100000BE0020BDE8F081134A144F0244121126
:109D20000C235343FD18B8F1800FFC50AE802E81F8
:109D30000ED10F4B1B781BB9836843F080038360FF
:109D400001460C2000FB0270FFF716FF0120E1E73F
:109D50005FEAD818F4D1EB88A9804360F6E700BF2A
:109D6000921902006BB0010000FBF3BF98BD002008
:109D700028BE002008B508460021FFF713FF18B1E0
:109D8000C36843F00203C36008BD08B5084600215C
:109D9000FFF708FF28B1836823F4207343F40073AE
:109DA000836008BD2DE9F04F7F4B5C681D69660735
:109DB00085B024F0F8070BD504225A605A6912F0D6
:109DC000010F1A6914BF42F0900222F080021A615A
:109DD000E00748D5744B0126E9075E6014D51A697F
:109DE00042F090021A61FFF797FE0023314601A866
:109DF000CDF80630CDF80A30ADF80E308DF80430CD
:109E00008DF80560FFF7CAF8AA0715D5664A1369E9
:109E100023F0100313610023CDF80630CDF80A308B
:109E2000ADF80E308DF80430042301210DEB030052
:109E30008DF80530FFF7B2F86B0714D55A4A13694D
:109E400043F0900313610023CDF80630CDF80A30BB
:109E5000ADF80E308DF804300121052301A88DF8EE
:109E60000530FFF79BF8002F1CDA4F4B4FF00042F4
:109E70005A60D3F80C2542F00102C3F80C25D3F840
:109E80001C2542F00102C3F81C254FF4C063019366
:109E9000464B93E8030004AB03E90300012101A84A
:109EA000FFF77CF8A60776D5E50318D53E4B4FF4AF
:109EB00080325A603E4AD3F80435D28899B2501A9B
:109EC00042423C4942410A704FF4E06480229BB216
:109ED000012101A8CDE901420393FFF75FF8344E59
:109EE000354CDFF8C480DFF8C4904FF400352F42C2
:109EF000334606F10C0648D0C8F80450D4F804C024
:109F0000A068A268D96802F060021FFA8CFE402A9D
:109F100000F00F00F4461FD0226801EB0E0A4A44FD
:109F20008A452CD1DA68998A6244DA601A8A7244C6
:109F300092B291421A8202D05B8A734524D94FF4BF
:109F4000E0610023CDE9011303928DF8080001219F
:109F500001A8FFF723F818E01A8AA2EB0E0292B2CA
:109F600071441A82D960CAB99B8A03934FF4E061A5
:109F700060F07F00CDE901128DF80800E7E712F8E4
:109F800001BB01F801BBCBE763600C4B10349C4272
:109F90004FEA4505ABD105B0BDE8F08F214630460C
:109FA000FFF7EAFDF1E700BF00000C4000010C40A4
:109FB00098BD002028BE002010050C40C0050C40B4
:109FC0000B785B0606D14B78052B01BF4B88024A04
:109FD000DBB29360704700BF00000C40034AD2F828
:109FE000903043F00103C2F89030704700000C40FD
:109FF000034AD2F8903023F00103C2F89030704742
:10A0000000000C40FEF75CBFF8B5047814F00104C2
:10A0100005460E461FD103785A07C3F3800716D4AE
:10A020004FF0FF313046F8F72FFD2C7814F0010483
:10A030000FD12B785B0704D42B7843F004032B70EB
:10A04000012400231A4619463046F8F73DFB204606
:10A05000F8BD3C46F5E70024F9E770B504460D4627
:10A0600028464FF0FF31F8F70FFD2378C3F3800641
:10A070005B0708D5237813F0010203BF237862F34E
:10A0800082032370002600231A4619462846F8F753
:10A090001BFB304670BD000008B58388C07800F017
:10A0A00003000228C3F30A0319D0032822D0012891
:10A0B00013D1022940F2FF3208BF4FF480629A4266
:10A0C0000CD2A322114912480EF076FC4FF0E02387
:10A0D000D3F8F03DDB0700D500BE002008BD022903
:10A0E00004D1B3F5007F0ED0AB22EBE7402B0AD9A9
:10A0F000AF22E7E7022914BF40224FF480629A4260
:10A1000001D2B622DEE70120E8E700BFAE19020067
:10A110006BB0010030B50A44914200D330BD4C7899
:10A12000052C06D18C7804F07F0500EB4505E40989
:10A130002B550C782144EFE70022002380ED000B23
:10A14000C0E90223C0E90423C0E90623704710B523
:10A15000B0EE401AF0EE601A2DED028BB0EE408AA0
:10A16000F0EE608A80ED020B90ED040B044610F0D7
:10A170007FFCB0EE481AF0EE681A84ED040B94ED03
:10A18000060B10F09DFCBDEC028B84ED060B10BDA0
:10A1900070B555EC104B0646002200232046294698
:10A1A0000AF0B0FC38B120462946D6E900230AF06F
:10A1B00019FA04460D46D6E90223204629460AF03C
:10A1C0005BF841EC100B3046BDE87040FFF7BFBFB5
:10A1D00090ED020B704700220023C0E90223C0E982
:10A1E0000423C0E90623704738B50F4D04462846BE
:10A1F000FFF7F1FF20460AF07BF909A3D3E900231A
:10A200000AF0F0F9094B00220AF016FB41EC100BA2
:10A210002846BDE83840FFF79ABF00BFAFF3008083
:10A22000000000046BF4444230BE0020000059409E
:10A2300010B50F4C9FED0A0B2046FFF77DFF322033
:10A24000FFF7D2FF04F120009FED070B00F040F96B
:10A2500004F18000BDE8104000F0ECB8AFF30080DE
:10A26000666666666666EE3F000000046BF4444274
:10A2700030BE0020F8B504461F480D4600F0EAF84D
:10A280001D4800F006F930B328460AF041F90646A9
:10A2900020460F460AF02CF902460B463046394656
:10A2A0000AF0A0F941EC100B1448FFF771FF1248B7
:10A2B00000F0FBF80446104800F000F9024684B1B3
:10A2C000C0B902200E4B012103F028FC6420BDE838
:10A2D000F840FFF789BF084800F0E1F80028D3D123
:10A2E000E5E738B10220074B2246012103F016FCB6
:10A2F0002046ECE7F8BD00BFB0BE002030BE002015
:10A30000C5B00100D8B00100054B01888288A3F8D0
:10A31000901003F18000A3F8922000F09EB800BFD7
:10A3200030BE002082B0ADF804000199014802B0AF
:10A3300000F086B8B0BE002038B51948FFF748FFD6
:10A3400055EC104B00220023204629460AF0BCFBA6
:10A35000D8B911A3D3E90023204629460AF0D2FB3D
:10A36000B0B9104B0022204629460AF03BF90446BA
:10A370000D480D4600F0BCF8204653EC102B294642
:10A380000AF05AFA0AF0C8FB38BD00240025E8E7B5
:10A3900001A5D5E90045E4E7000000046BF4444260
:10A3A00030BE00200000594050BE002037B5C278B2
:10A3B00004798368054622B1B3F5487FB4BF002213
:10A3C000012224B113F5487FCCBF0024012495F964
:10A3D00000301ABB6442A34214BF01220022AA70BB
:10A3E00019D00133DBB2022B96BF0F4A0F4A52F845
:10A3F0002320631CDBB2022B96BF0B490B4B51F899
:10A4000023300220CDE900230121094B002203F073
:10A4100085FB2B786B702C7003B030BD002C14BF03
:10A420001C460124D7E700BFC0190200ECB00100B0
:10A43000F1B001000023C0E90233036003717047EB
:10A4400082B0ADF80410BDF80430A0F8033002B0BB
:10A45000FFF7ACBF8160FFF7A9BF037B4373B2F581
:10A46000486F10B511D940F62E54A24288BF01237F
:10A470000373B1F5486F837BC37308D240F6F4329F
:10A48000914298BF0123837310BD0023F0E700239E
:10A49000F9E790F90000431E58425841704790F97F
:10A4A0000000431C5842584170470346007B10B1DE
:10A4B000587B80F0010000F0010070470346807B6C
:10A4C00010B1D87B80F0010000F00100704700005F
:10A4D000064B0022C0E9022380ED000B00F11003BF
:10A4E0006030A3EC020B8342FBD170470000F03FC9
:10A4F00008B5D0E90223D0E900010AF073F841EC75
:10A50000100B08BD08B5074B022118600648FBF781
:10A5100059F9064B602283F839234FF000725A60D4
:10A5200008BD00BFCCBE002000100A4000E100E0E2
:10A5300010B5084C236863B1074A0139FBF77FF96E
:10A5400038B1002320680449BDE810401A46F8F7E6
:10A550006DB910BDCCBE002018BF002038B51A4C14
:10A560002569B5F5004F1CD16368DD0642BF6368FD
:10A5700023F0100363606368180742BF636823F029
:10A5800008036360104B5A685A68110608D54122C7
:10A590001A601A6822F041021A601A68D207FCD4C5
:10A5A00038BD55B129462046FFF7C2FF691E204637
:10A5B000C9B2BDE83840FBF755B9D4F86C31012B6E
:10A5C00008BFC4F86C51EBE700100A40074B1B882A
:10A5D000DB0507B506D50090054B002201210320BD
:10A5E00003F09CFA03B05DF804FB00BF9A0300205F
:10A5F000E1DA010000B5A3B00346064A009102A8C3
:10A6000080210EF021F802A8FFF7E0FF23B05DF8EB
:10A6100004FB00BF04B101002DE9F0410026174FF3
:10A62000DFF86880A4B004463546227BF3B29A4234
:10A6300018D83D4400236B702168114A114B0297D2
:10A64000002918BF1346227BCDE900328021A36880
:10A650000D4A04A80DF0F8FF04A8FFF7B7FF24B0D7
:10A66000BDE8F0812344C5F1200178195B7B4246A7
:10A670000DF0EAFF2844C5B20136D6E7DCBE002063
:10A680001FB1010023B101002DB1010027B101006C
:10A6900010B588B0C3790693837905934379049301
:10A6A00003790393C378029383780193064C43782C
:10A6B00000930378054A202120460DF0C5FF0023B2
:10A6C0002046E37708B010BDDCBE002054B1010085
:10A6D0002DE9F0410546182098460E46174604F02D
:10A6E000F3F8012330801824288088F800303B706C
:10A6F000204604F0E9F82B88834282BFA4F11703B7
:10A7000028803B703388834238BFA4F1170304F1DB
:10A7100001043CBF308088F80030282CE8D1BDE827
:10A72000F0812DE9F8430646102099460F469046E1
:10A7300004F0DCF8012380B238801024308089F8DE
:10A74000003088F80030204604F0D0F8338885B215
:10A75000AB4282BFA4F10F03358088F800303B88FC
:10A76000AB4238BFA4F10F0304F101043CBF3D80AC
:10A7700089F80030182CE6D1BDE8F883064B18881C
:10A78000064B1B88C01A064B1B880A22534398426B
:10A79000D4BF002001207047D8BE0020DABE0020C0
:10A7A000BE00002010B5174CC0F38013E377C0F350
:10A7B000401384F82030C0F3001384F82130C0F334
:10A7C000C00384F8223000F0010384F82330C0F382
:10A7D000400384F82430C0F30023C0F3C01084F891
:10A7E000253084F8260001F035FFC0F3001084F80E
:10A7F0002700FFF7C3FF003818BF012084F82800A6
:10A8000010BD00BF620000202DE9F14F424D434EC4
:10A81000434FDFF828A1DFF828B1DFF82891414C39
:10A82000284601F0B1FD33463A4651465846FFF7F7
:10A830004FFF3D4B3D493E4A4846FFF772FF4620D9
:10A8400004F042F84FF00A08B0FBF8F0E0810E2067
:10A8500004F04CF890FBF8F02082082004F046F851
:10A8600090FBF8F0608201F0D9FE6A7C2275AA7C28
:10A870006275608101F018FFFFF794FF6425BBF853
:10A880000020B9F80000B2FBF8F2B0FBF5F06286E8
:10A89000BAF80020B2FBF8F3A38609F039FE1CA336
:10A8A000D3E9002309F0E8FC0AF05EF91F4BE086CB
:10A8B0001888B0FBF5F009F02BFE15A3D3E90023AF
:10A8C00009F0DAFC0AF050F91A4D3B7820872A4645
:10A8D000082104F13A000DF0B7FE33782A4608212A
:10A8E00004F142000DF0B0FE134D114B2A461B78C7
:10A8F000082104F14A000DF0A7FE0B4B1B782A46F5
:10A90000082104F1520001B0BDE8F04F0DF09CBEEB
:10A910006666666666127140FCBE0020D2BE0020EC
:10A92000D3BE002062000020D0BE0020D4BE002094
:10A93000D1BE00207CB1010083B10100D8BE00204F
:10A94000DABE0020D6BE002000230122C1E9003279
:10A9500040F259328A600722C1F811300A73C1F8F7
:10A960000D3003784B7444F650634B8270470023DC
:10A970000122C1E9003240F251328A600822C1F856
:10A980000D30C1F811300A7343884B73D3408B7379
:10A990008388CB73D3400B74C3884B74D3408B74C0
:10A9A0000389CB74D3400B75704700230122C1E9A2
:10A9B000003240F255328A600422C1F80D300A7329
:10A9C000C1F8113043894B731B0A8B738389CB7396
:10A9D0001B0A0B74704700230122C1E9003240F2C8
:10A9E00056328A600622C1F80D30C1F811300A7360
:10A9F000C3894B731B0A8B73B0F91030CB731B12D6
:10AA00000B74B0F912304B741B128B747047002317
:10AA10000122C1E900324FF457728A600222C1F864
:10AA20000D300A73C1F81130437D027D9B0143EA6A
:10AA3000C213827D43EA42134B7370470023012205
:10AA4000C1E9003240F25E338B6008230B734FF094
:10AA50002033C1F80D30C1F8113000F116030C316C
:10AA60001E3013F8012F01F8012F8342F9D17047EE
:10AA700000230122C1E9003240F25A328A600822E2
:10AA80000A73C1F80D30C1F81130C37F002B08BF25
:10AA9000134690F8202018BF04236AB343F0100334
:10AAA00090F821205AB343F040034B7390F82230C2
:10AAB00090F82320C3F10203DBB21AB343F004037E
:10AAC00090F824200AB343F0100390F82520FAB13F
:10AAD00043F040038B7390F8263090F82720C3F1A1
:10AAE0000203DBB2BAB143F04003CB7390F82830D5
:10AAF000C3F102030B74704743F02003D0E743F027
:10AB00008003D2E743F00803DAE743F02003DCE7F1
:10AB100043F08003DEE743F08003E6E700230122F1
:10AB2000C1E9003240F272328A600822C1F80D3069
:10AB3000C1F811300A73438D4B73D3408B73838DEF
:10AB4000CB73D3400B74C38D4B74D3408B74038E83
:10AB5000CB74D3400B75704700230122C1E900324A
:10AB600040F273328A600822C1F80D30C1F811300A
:10AB70000A73438E4B73D3408B73838ECB73D34056
:10AB80000B74C38E4B74D3408B74038FCB74D34040
:10AB90000B75704700230122C1E900324FF45D724A
:10ABA0008A600822C1F80D30C1F811300A7300F133
:10ABB00039030C31413013F8012F01F8012F834282
:10ABC000F9D1704700230122C1E9003240F2753209
:10ABD0008A600822C1F80D30C1F811300A7300F103
:10ABE00041030C31493013F8012F01F8012F834242
:10ABF000F9D1704700230122C1E9003240F27632D8
:10AC00008A600822C1F80D30C1F811300A7300F1D2
:10AC100049030C31513013F8012F01F8012F834201
:10AC2000F9D1704700230122C1E9003240F27732A6
:10AC30008A600822C1F80D30C1F811300A7300F1A2
:10AC400051030C31593013F8012F01F8012F8342C1
:10AC5000F9D1704700230122C1E9003240F2793274
:10AC60008A600822C1F80D300A73C1F81130B0F8BB
:10AC70005A304B73D3408B737047000010B586B0C9
:10AC80000446FFF7C1FD92486946FFF75DFE6A463C
:10AC900002212046FAF7B8FD20B98E48FFF796FC4E
:10ACA00006B010BD0DF10D00FFF7F2FC014640F2B9
:10ACB0005930FFF79FFC86486946FFF758FE6A4601
:10ACC00003212046FAF7A0FD0028E6D00DF10D0083
:10ACD000FFF7DEFC014640F25130FFF78BFC7C4869
:10ACE0006946FFF762FE6A4604212046FAF78CFDAA
:10ACF0000028D2D00DF10D00FFF7CAFC014640F24A
:10AD00005530FFF777FC72486946FFF764FE6A46E4
:10AD100005212046FAF778FD0028BED00DF10D0080
:10AD2000FFF7B6FC014640F25630FFF763FC684877
:10AD30006946FFF76CFE6A4606212046FAF764FD75
:10AD40000028AAD00DF10D00FFF7A2FC01464FF438
:10AD50005770FFF74FFC5E486946FFF76FFE6A4683
:10AD600007212046FAF750FD002896D00DF10D007E
:10AD7000FFF78EFC014640F25E30FFF73BFC544883
:10AD80006946FFF775FE6A4608212046FAF73CFD42
:10AD9000002882D00DF10D00FFF77AFC014640F249
:10ADA0005A30FFF727FC4A486946FFF7B7FE6A4664
:10ADB00009212046FAF728FD00283FF46EAF0DF177
:10ADC0000D00FFF765FC014640F27230FFF712FC00
:10ADD0003F486946FFF7C0FE6A460A212046FAF757
:10ADE00013FD00283FF459AF0DF10D00FFF750FCA3
:10ADF000014640F27330FFF7FDFB35486946FFF727
:10AE0000C9FE6A460B212046FAF7FEFC00283FF4F3
:10AE100044AF0DF10D00FFF73BFC01464FF45D70B0
:10AE2000FFF7E8FB2A486946FFF7CCFE6A460C218B
:10AE30002046FAF7E9FC00283FF42FAF0DF10D0092
:10AE4000FFF726FC014640F27530FFF7D3FB2048A0
:10AE50006946FFF7CFFE6A460D212046FAF7D4FC7B
:10AE600000283FF41AAF0DF10D00FFF711FC014669
:10AE700040F27630FFF7BEFB15486946FFF7D2FE79
:10AE80006A460E212046FAF7BFFC00283FF405AFC2
:10AE90000DF10D00FFF7FCFB014640F27730FFF7A4
:10AEA000A9FB69460A48FFF7D5FE0A4620460F214E
:10AEB000FAF7AAFC00283FF4F0AE0DF10D00FFF701
:10AEC000E7FB014640F27930FFF794FB0248E5E6E4
:10AED000620000208AB10100A3B10100094B826821
:10AEE00010B51C6840F205318C4209D140F207349C
:10AEF000111B4C424C411A60FFF78EFB204610BDDF
:10AF00000024F8E7C8BE002080B5002288B01821D0
:10AF10000420F7F7B3FB254C206001F0D0FA0022A3
:10AF200001462348FAF7C8FB0022214840F20533C6
:10AF30001146FAF74FFCF0B901221E4B11460020D2
:10AF400002F0ECFD20681A4D1B4E1C4FFFF7DAFA99
:10AF50004FF0FF32206802A9F7F708FD01280246EA
:10AF6000F6D1029B002B17DAB34203990DD1284684
:10AF7000FAF7DCFAECE70E4840F207330022012131
:10AF8000FAF728FC0028DDD1D6E7009301463B46BE
:10AF9000002002F0C3FDDBE702A8FFF79FFF0028B7
:10AFA000D6D02846FFF76AFED2E700BF30BF0020A8
:10AFB00000100A40D7B1010001000080F0B101008B
:10AFC00007B51048FAF72AFD4FF080420E48936B00
:10AFD00023F07F4343F0AA4393634FF400510122CF
:10AFE000FAF794FF4FF040230122C3F8742800239E
:10AFF000CDE9003305490648FA22F8F79BF803B07B
:10B000005DF804FB190000404040004015B201000B
:10B0100009AF000010B586B004461022002102A836
:10B020000BF01AFB064B0748CDE900344FF0FF3216
:10B03000002369460068F7F747FB06B010BD00BF64
:10B040000100008030BF0020F8B500F075FE314CE3
:10B05000314E324FC820F8F71DFBF8F7FFF92D49A4
:10B060000546042006F07CFCD6E90032D4E9000154
:10B07000043342F1000283428A4109DA3B4600224E
:10B080000121032002F04AFDD4E90023C6E9002390
:10B09000234A1368EB1AB3F57A7F0DD3214B156061
:10B0A000196821484A1C1A602A460DF085FC1F4B7E
:10B0B0001B6898680BF0D0FB1D4BD4E90001D3E965
:10B0C0000052914208BFA84203D0C3E9000100F03A
:10B0D000B1FA00F041F800F029FCD4E9000100F0D9
:10B0E000BBFCD4E9000100F0D3F8204600F054FD89
:10B0F00000F04CF8D4E9000100F0EEFCD4E90001C6
:10B1000000F06EF8D4E9000100F0F8F800F046FC19
:10B11000A0E700BF50BF002040BF002019B20100CF
:10B120004CBF002048BF002022B20100A80400202C
:10B1300038BF002007B500230222CDE900230449CF
:10B1400004484FF47A72F7F7F5FF03B05DF804FB9B
:10B15000BBC7010049B0000038B501F07BFA0546D5
:10B1600001F0A2FA00F49E7304462B430CBF0120A9
:10B17000002004F0D30401F021FA2C4308BF012081
:10B18000BDE8384018BF002001F030BA37B5F5F7F8
:10B19000C1F90546F5F7C6F9404200F00200054343
:10B1A00001F018FA044601F0FDF9404200F00200F7
:10B1B0000443EDB2E4B2AC420DD0CDE90054074BEC
:10B1C00000220121022002F0A9FC204603B0BDE8C4
:10B1D0003040F5F7E9B803B030BD00BF3CB2010024
:10B1E000F7B505460E4601F035FA244C0746D4E97A
:10B1F000003268B9134305D00246214B01210220D9
:10B2000002F08CFC00220023C4E9002303B0F0BD4F
:10B21000134319D1C4E90056F5F78CF90122114600
:10B22000184B002002F07AFCF5F798F90A20F8F79D
:10B2300031FAF5F799F907F02FFA0122124B00972E
:10B240001146104602F06AFCD4E90032ED1A66EBB2
:10B2500002061E2D76F10006D8DB01F097F90028D2
:10B26000D4D10122CDE90075084B114602F056FCFD
:10B2700003B0BDE8F04001F07DB900BF68BF002019
:10B280006DB20100A6B20100D6B2010011B30100F7
:10B2900037B50D46044601F055F9154A154B11789E
:10B2A0001070F1B9D3E9022152EA01001ED0A41AAC
:10B2B00065EB0105012C75F1000517DB002000216D
:10B2C000C3E9020101F0C6F980B901220A4B0094DA
:10B2D0001146104602F022FC03B0BDE8304001F0F8
:10B2E00049B90028DED1C3E90245DBE703B030BD30
:10B2F00060BF002068BF002058B3010073B52F4D18
:10B30000D5E904238B4208BF824204460E4608D08A
:10B31000C5E9040101F03AF928B900220023C5E982
:10B32000062302B070BDD5E90632134307D10122CE
:10B33000234B11461046C5E9064602F0EFFBD5E95E
:10B340000632E41A66EB020654EA060305D14020F1
:10B3500002B0BDE8704004F057B90B2C76F100063E
:10B36000DFDB012211461046164B009402F0D6FB9B
:10B370003220F8F78FF9F5F7E3F84FF4FA70F8F7A1
:10B3800089F90122104B1146002002F0C7FBC820AA
:10B39000F8F780F959244FF0804316208821C3F82C
:10B3A0000041C3F80001C3F80011D3F80021002ABE
:10B3B000F5D002B0BDE87040FCF7E6BA68BF0020E7
:10B3C00094B30100CAB30100FFB3010010B4054BF0
:10B3D000054C002918BF234604495DF8044B02F0D0
:10B3E0005BBA00BF3FB401003BB4010047B40100A9
:10B3F000034608460BB101F063B901F06FB90000D4
:10B4000010B50146094A04460120FFF7DFFF8021FD
:10B410002046FFF7EDFF064B24B1D3E90001C3E955
:10B420001E0110BD00200021F9E700BF58B4010043
:10B4300090BF002010B50146094A04460120FFF7DD
:10B44000C5FF4FF480712046FFF7D2FF054B24B1B2
:10B45000D3E90001C3E9200110BD00200021F9E774
:10B4600075B4010090BF002010B501460446054A9E
:10B470000120FFF7ABFF20462021BDE81040FFF779
:10B48000B7BF00BF95B4010010B501460446054A98
:10B490000120FFF79BFF20460821BDE81040FFF781
:10B4A000A7BF00BFB1B4010010B501460446054A6C
:10B4B0000120FFF78BFF20460421BDE81040FFF775
:10B4C00097BF00BFCEB4010010B501460446054A3F
:10B4D0000120FFF77BFF20461021BDE81040FFF759
:10B4E00087BF00BFEAB4010010B501460446054A13
:10B4F0000120FFF76BFF20464021BDE81040FFF719
:10B5000077BF00BFFBB4010010B501460446054AF1
:10B510000120FFF75BFF20460221BDE81040FFF746
:10B5200067BF00BF15B5010010B501460446054AC6
:10B530000120FFF74BFF20460121BDE81040FFF737
:10B5400057BF00BF2FB5010010B50146074A04469A
:10B550000020FFF73BFF10201CB1BDE8104001F0B8
:10B5600085B8BDE8104001F08FB800BF48B50100B4
:10B57000F7B51F46174BD3E90045241A65EB0105C3
:10B58000782C75F10003164607DBCDE90024012273
:10B59000114B1146002002F0C1FA442003F094F947
:10B5A000030605D4782C75F100050CDA03B0F0BD64
:10B5B0000A4C207828B90122094B0096114602F066
:10B5C000ADFA01232370384603B0BDE8F04001F026
:10B5D0004DB800BF90BF002065B5010088BF0020B6
:10B5E0008AB5010010B50146074A04460020FFF75E
:10B5F000EDFE01201CB1BDE8104001F037B8BDE8F8
:10B60000104001F041B800BFB9B5010010B50146C6
:10B61000074A04460020FFF7D9FE02201CB1BDE80E
:10B62000104001F023B8BDE8104001F02DB800BF74
:10B63000D2B501002DE9F047B24C8CB004F13202D2
:10B64000C4E900013621282003F062F9382003F014
:10B650003BF9A4F85200392003F036F9A4F854005D
:10B660003A2003F031F9A4F85600432003F02CF9F6
:10B67000A4F858004F2003F027F9002604F15B05D9
:10B68000A4F85A003746A01D2946324630F802CFAA
:10B69000438D9C4518BF4B7802F101021ABF01335C
:10B6A000DBB20023102A01F8013FEFD1228DB4F85C
:10B6B0005230618DA08D9A4218BF94F86C20B4F876
:10B6C00054301ABF0132D2B20022994218BF94F806
:10B6D0006D30B4F8561084F86C201ABF0133DBB219
:10B6E0000023884218BF94F86E1084F86D301ABF9A
:10B6F0000131C8B200204FF0000C84F86E006146A2
:10B700004FF0010815F801EFBEF1030F88BF08FAEA
:10B7100001FE01F1010198BF4FF0000E10294CEA23
:10B720000E0CEFD1032A94BF00220122032B94BFF9
:10B73000002501256D04032894BF0023012345EA59
:10B74000024545EA834555EA0C0531D0DFF8D8A11A
:10B750004FF000084FF0010909FA08F32B4207D017
:10B760000122CDF8008053461146002002F0D6F9A0
:10B7700008F10108B8F1100FEED1E90305D5012257
:10B78000614B1146002002F0C9F9AA0305D5012238
:10B790005E4B1146002002F0C1F96B0305D5012272
:10B7A0005B4B1146002002F0B9F9202000F05EFF4B
:10B7B000B4F85A20238E9A4268D000220023C4E9AC
:10B7C0001C23E38DB4F858A053457DD1D4E91E0164
:10B7D00050EA010340F09180D4E9200150EA0103CE
:10B7E00003D04C4A0823FFF7C3FE4B4BA3F12A02B8
:10B7F00003F1280518685968144603C40833AB429E
:10B800002246F7D11B88238004AD2A462721182021
:10B8100003F07EF800224FF6FF730392ADF8083074
:10B82000964690469446144611464FF00A0935F85C
:10B8300011000530B0FBF9F082B294453EBFCEB2A4
:10B8400094464FF00108934288BFCFB201F1010145
:10B8500084BF13464FF0010E10290444E7D1BEF116
:10B86000000F03D08DF80E70ADF80830B8F1000F5E
:10B8700003D08DF80F60ADF80CC0240902A8ADF814
:10B880000A4000F04BFF0CB0BDE8F087D4E91C2360
:10B89000012A73F10005D4E9001002DAC4E91C1092
:10B8A0008FE78A1A60EB0303142A73F1000388DB25
:10B8B0000122C4E91C10194B1146002002F02EF998
:10B8C000202000F0D3FE7CE7154D83EA0A084FF0F4
:10B8D00000092A8818EA020F07D06B682BB11AEA10
:10B8E000020F14BF01200020984709F10109B9F1A6
:10B8F0000C0F05F10805ECD168E70A4A0423FFF7AD
:10B9000037FE69E790BF002014B601003CB6010085
:10B9100066B60100A9B60100C2BF002086B60100CC
:10B92000CC19020056B90100EFB5010037B500F09F
:10B9300099FD164A49F63F44A0429378D4BF0024AB
:10B940000124A34201D15178E9B92BB149F63F4313
:10B950009842CCBF002301230121137094705170D1
:10B960000B4B0C4A49F63F45A842C8BF134600930B
:10B970000022094B022002F0D1F8204603B0BDE8B6
:10B98000304000F0EBBD03B030BD00BF18C0002058
:10B99000BFB60100B5B60100C9B60100034B1A7865
:10B9A0001AB100221A7006F07ABE704718C0002043
:10B9B00037B5134C134A6078134B144D00280CBF55
:10B9C00019461146A078002818BF1346CDE9001388
:10B9D00000220F4B0121022002F0A0F8A37853B1FE
:10B9E0002B689847AB6843B19847607003B0BDE8D7
:10B9F000304000F007BE6B68F3E7A078F5E700BFC2
:10BA0000C0000020DFB60100E2B6010008010020FE
:10BA1000E6B6010070B506460D4690470C4C28B9B5
:10BA200000220023C4E90223A07070BDD4E90232D1
:10BA3000134302D0A378002BF7D1064B002201213B
:10BA4000022002F06BF80123C4E90265A370ECE761
:10BA5000C000002008B70100F8B51C4D07460E468F
:10BA600000F018FD95F900308342044606D06B784B
:10BA7000AB7000220023C5E902232870652C06D193
:10BA800000230022C5E902230023AB70F8BD662C19
:10BA900006D10F4A38463146BDE8F840FFF7BABF35
:10BAA000672C01D10B4AF5E704F16403DBB2C72B25
:10BAB000ECD800F0B3FD002CB8BF40428442DFDA7E
:10BAC00000230022C5E902230123DEE7C000002095
:10BAD000D5C50000A5C5000073B51E4E337C0446D5
:10BAE0000D461BB1FFF764FF002333747278B378FF
:10BAF0009A4205D100220023C6E9022302B070BD9C
:10BB0000D6E9023253EA02011ED0E41A65EB0205BF
:10BB1000D4F5967465EB45053C2200232046294662
:10BB200009F042F81A430BD1012C75F100050BDB2B
:10BB3000094B009400220121022001F0EFFFDDE714
:10BB4000012C75F10005D9DA02B0BDE87040FFF7AD
:10BB50002FBF00BFC00000203CB7010037B5FEF783
:10BB6000EBFB0B4D6428A8BF6420EB6A20EAE0746D
:10BB7000A3420AD0074B009400220121022001F0C9
:10BB8000CDFFE0B200F056FDEC6203B030BD00BF67
:10BB9000D80000205AB701002DE9F0435D4C87B072
:10BBA000074604A800F0AAFDA38CBDF81220BDF83A
:10BBB00010109342BDF8143003D1608C814200F024
:10BBC000A180CDE901230091534B012100220220E5
:10BBD00001F0A4FF04A8FEF797FB04AB03CB4F4B87
:10BBE000C4F82200596000F0F5FC064600F0DAFCCB
:10BBF00094F82030B342054603D194F821308342B3
:10BC000012D0474B002201210220CDE9006501F04E
:10BC100085FF8DF810608DF811500498FEF782FBB7
:10BC200084F8206084F82150D4E90420D7E9001377
:10BC3000891A3C4A3C4D63EB00038A424FF00002F4
:10BC40009A41A1BFA369BE68F61A384BA2BF96FB02
:10BC5000F3F64FF47A7303FB016697E80F00B8BF61
:10BC60004FF0FF3685E80F0042F210739E420CD968
:10BC700001222F4B00961146104601F04FFF002382
:10BC8000236000220023C4E9022323683344236095
:10BC900000F0F4FBA0FB0653C21706FB0236D4E902
:10BCA0000232D4F80090ED1846EB0206B9F57A7F1F
:10BCB000C4E902564FF0000729D34A463B462846BE
:10BCC000314608F071FF4FF47A72804602900023EB
:10BCD0002846314608F068FF3A46CDE90090154BFA
:10BCE0000121022001F01AFF20684146FEF7C2FA46
:10BCF00000220023C4E90223276007B0BDE8F04317
:10BD0000FFF72CBFE08C83427FF45BAF6BE707B09B
:10BD1000BDE8F083D80000206AB70100FA000020D7
:10BD200090B7010035894100E800002040420F0033
:10BD3000B2B70100E5B7010008B5FEF779FABDE832
:10BD40000840FFF70BBFF4F71BBCF4F713BC00006F
:10BD500010B5044600F048F86168114A40F2E73334
:10BD60008B42A8BF0B4623EAE3730E495360236856
:10BD70008B42A8BF0B463C2BB8BF3C23E168136045
:10BD80002389138140F26D138B42A8BF0B46012B10
:10BD9000B8BF0123BDE81040D36000F041B800BF38
:10BDA00014010020803A090010B5044600F01CF888
:10BDB000044B93E8030084E80300BDE8104000F062
:10BDC0002FB800BF1401002010B5044600F00CF895
:10BDD000044B93E8030084E80300BDE8104000F042
:10BDE0001FB800BF1C01002010B50C4C23681BB904
:10BDF0000120F6F709FD2060206840B94FF050039C
:10BE000083F31188BFF36F8FBFF34F8FFFDEBDE861
:10BE100010404FF0FF31F6F737BE00BF1CC00020C6
:10BE20000348002300681A461946F6F74DBC00BFC8
:10BE30001CC0002010B5084C0146002254F83230D6
:10BE400011EA030003D0054B53F8320010BD013254
:10BE50000A2AF3D1FAE700BFC01A0200BC1A020096
:10BE600010B5074A002352F83340844202EBC30165
:10BE700001D1486810BD01330A2BF4D10020F9E745
:10BE8000BC1A020010B5084C0146002254F83230AA
:10BE900011EA030003D0054B53F8320010BD013204
:10BEA000062AF3D1FAE700BF101B02000C1B0200A8
:10BEB00010B5074A002352F83340844202EBC30115
:10BEC00001D1486810BD0133062BF4D10020F9E7F9
:10BED0000C1B020010B5074A002352F8334084427D
:10BEE00002EBC30101D1486810BD0133102BF4D11E
:10BEF0000148F9E73C1A0200EDB001000A285ED0C3
:10BF000039DC10F1280F5AD010F1270F1CDA10F18C
:10BF1000460F54D010F1450F0CDA10F15A0F4ED0E5
:10BF200010F1500F4BD010F1640F14BF65206FF06B
:10BF30006300704710F13C0F41D010F1320F14BF75
:10BF400065206FF03100704710F10A0F37D010F103
:10BF5000090F09DA10F11E0F31D010F1140F14BFC0
:10BF600065206FF013007047431C28D0002814BFD1
:10BF7000652000207047462821D010DC28281ED0DC
:10BF800006DC14281BD01E2814BF65201E20704715
:10BF9000322814D03C2814BF65203C207047632809
:10BFA0000DD006DC50280AD05A2814BF65205A202C
:10BFB0007047662803D0672814BF65206720704744
:10BFC0002DE9F0414FF48050F6F796F90446002829
:10BFD00060D04FF48052FF210AF03EFB2E4B2246E8
:10BFE00003F10C071E4653F8041B42F8041BBB4226
:10BFF000F9D11B88138059254FF0804316208821E2
:10C00000C3F80051C3F80001C3F80011D3F80021B0
:10C01000002AF5D0F9F71AFF204A136843F0080305
:10C0200013604FF47830F9F7D9FEA0464FF4783515
:10C03000284658F8041B0435F9F738FFB5F57C3F5E
:10C04000F6D1A4F104084FF478352846F9F706FF35
:10C0500058F8043F984203D10435B5F57C3FF4D13C
:10C06000F9F780FE2046F6F7D1F90B4B1A4653F844
:10C07000041B42F8041BBB42F9D11B8813800648FD
:10C080000E224FF478310CF047FCB0FA80F04009F2
:10C0900006F8010CBDE8F08121C0002000C000407E
:10C0A000344B70B5344E4FF478321C46154603CDF0
:10C0B000B542186059602A4603F10803F6D1286892
:10C0C0001860AA889A802D4AB2F80130013B9BB2D1
:10C0D0004FF6FD718B4281BF1C2353707F239370F9
:10C0E000B2F80330013B9BB24FF6FD718B4281BF2A
:10C0F0006FF00C03D3707B231371B2F80530013B52
:10C100009BB24FF6FD718B4281BF332353716FF0A9
:10C110007D039371D2F80730013B033308D9202304
:10C12000D3716FF05E03137207235372002393726F
:10C13000D2F80B100846FFF7E1FE814205D000233C
:10C140006521D1721373537393730A480E224FF40F
:10C1500078310CF0E1FB08B1FFF732FF05480E2201
:10C160004FF478310CF0D8FBB0FA80F0400904F8B5
:10C17000010C70BD21C0002008E0030020C0002099
:10C18000034810F8013B002B18BF4FF4783070477C
:10C1900020C0002038B50246FFF7F2FF094B00F13E
:10C1A0000C04194650F8045B43F8045BA042F9D133
:10C1B0000088188013680B6093888B80BDE8384036
:10C1C000FFF7FEBE21C0002010B50246FFF7D8FFE2
:10C1D000084B00F10C0150F8044B43F8044B884223
:10C1E000F9D101881980044BBDE81040C3F807203D
:10C1F000FFF7E6BE21C0002020C0002010B5024697
:10C20000FFF7BEFF0A4B00F10C0150F8044B43F856
:10C21000044B8842F9D1018819801046FFF76EFE61
:10C22000044BBDE81040C3F80B00FFF7C9BE00BFC8
:10C2300021C0002020C0002008B5FFF7A1FFBDE805
:10C240000840D0F80A00FFF759BE00002DE9F0437E
:10C250001F46531A06EE103AB8EEC66AF3EE0E7A8F
:10C2600026EE276A07EE900AB8EEE77A07EE901AF4
:10C27000F8EEE77A441867EEA77A1444E7EE077AF7
:10C2800080460D4607EE102AB8EEC77AF0EE085A3F
:10C29000E7EE077A164607EE104AB8EEC77A2DED9C
:10C2A000028B67EE476A89B0E7EEA56ADDF8489031
:10C2B000DFED307AB0EEE65AB4EEE75AF1EE10FA5E
:10C2C00014D516EE900A08F035F90122CDE90001E7
:10C2D000294B1146002001F021FC00233B60C9F8E6
:10C2E000003009B0BDEC028BBDE8F083C6EE267AC3
:10C2F000C7ED007AF1EE677A87EEA58A28EE078A05
:10C3000089ED008A3C6818EE100A08F013F907EE70
:10C31000904AB0EEE77ADFED197AB4EE677AF1EE83
:10C3200010FA06D8B0EEC88AB4EE678AF1EE10FAB9
:10C330000DD9CDE90201204608F0FCF80122CDE933
:10C3400000010F4B1146002001F0E8FBC5E7CDE9E5
:10C350000601204608F0EEF8CDE90156CDE90401CA
:10C36000084BCDF8008000220121022001F0D6FB0D
:10C37000B7E700BFBD378635ADB90100FFFF7F7F4E
:10C38000F4B901002ABA010038B5074D0446FFF799
:10C390002BFD0FCD0FC495E8070084E80700BDE82A
:10C3A0003840FFF73DBD00BF2401002010B5044612
:10C3B000FFF71AFD07EE904ADFED0A6A0A4BB8EE66
:10C3C000E77ADFED0A7A1C81E7EE267ABDE81040B5
:10C3D0009FED077A67EE877AFDEEE77AC3ED007A84
:10C3E000FFF71EBD6E858C3A240100209C5EE6BAE4
:10C3F00000007A44F7B5194C0546FFF7F5FC237F9A
:10C4000065819BB9FFF7BCFE0688FFF7B9FE478838
:10C41000FFF7B6FE04F1240382880093394604F145
:10C4200020033046FFF712FF0123237707EE905ACF
:10C43000D4ED086AB8EEE77AD4ED097AE6EE877AA9
:10C440009FED077A67EE877AFDEEE77AC4ED017A11
:10C4500003B0BDE8F040FFF7E3BC00BF24010020BB
:10C4600000007A4410B5FFF7BFFC034B1C68FFF7D0
:10C47000D7FC204610BD00BF2401002010B5FFF7F7
:10C48000B3FC034B5C68FFF7CBFC204610BD00BF3C
:10C490002401002010B5FFF7A7FCFFF7CDFE0446EE
:10C4A000FFF7BEFC204610BD10B50446FFF79CFC0C
:10C4B0002046FFF7A3FEBDE81040FFF7B1BC10B562
:10C4C000FFF792FCFFF75CFED0F80640FFF7A8FCF0
:10C4D000204610BD10B50446FFF786FC2046FFF746
:10C4E00073FEBDE81040FFF79BBC10B50446FFF794
:10C4F0007BFCFFF745FE036823608388A380BDE8CB
:10C500001040FFF78DBC000037B50446FFF76CFC08
:10C510002046FFF73FFEFFF733FE0488FFF730FEAB
:10C520004588FFF72DFE064B8288191D0091204695
:10C530002946FFF78BFE03B0BDE83040FFF770BC23
:10C540004401002010B5FFF74FFC034BDC7BFFF7E5
:10C5500067FC204610BD00BF2401002010B5044632
:10C56000FFF742FC024BDC73BDE81040FFF758BCFC
:10C570002401002008B5FFF737FC034B0122DA74D1
:10C58000BDE80840FFF74CBC2401002010B5FFF7C0
:10C590002BFC034BDC7CFFF743FC204610BD00BFA7
:10C5A0002401002010B5FFF71FFC034B5C7CFFF754
:10C5B00037FC204610BD00BF2401002010B5044602
:10C5C000FFF712FC024B5C74BDE81040FFF728BC7B
:10C5D0002401002010B5FFF707FC034B9C7CFFF7FC
:10C5E0001FFC204610BD00BF2401002010B50446EA
:10C5F000FFF7FAFB024B9C74BDE81040FFF710BC3C
:10C600002401002010B50446FFF7EEFB024B1C741A
:10C61000BDE81040FFF704BC2401002010B5FFF76F
:10C62000E3FB034B1C7BFFF7FBFB204610BD00BF69
:10C630002401002010B50446FFF7D6FB642C044B00
:10C6400028BF64249C81BDE81040FFF7E9BB00BF10
:10C650002401002010B5FFF7C7FB034B5C69FFF70F
:10C66000DFFB204610BD00BF2401002010B50446AA
:10C67000FFF7BAFB034A53692343BDE810405361F7
:10C68000FFF7CEBB2401002010B50446FFF7ACFB3A
:10C69000044A536923EA0403BDE810405361FFF7DD
:10C6A000BFBB00BF2401002010B5FFF79DFB034B6B
:10C6B0009C69FFF7B5FB204610BD00BF2401002098
:10C6C00010B50446FFF790FB034A93692343BDE886
:10C6D00010409361FFF7A4BB2401002010B504466D
:10C6E000FFF782FB044A936923EA0403BDE8104084
:10C6F0009361FFF795BB00BF2401002010B50446ED
:10C70000FFF772FB1CB1044B03CB20606160BDE8F6
:10C710001040FFF785BB00BF4C01002010B5044658
:10C72000FFF762FB1CB1044B2068616803C3BDE8DE
:10C730001040FFF775BB00BF4C01002008B500F0AA
:10C7400031F918B9BDE8084000F0E6BA08BD0000AC
:10C7500007B500F091FBFFF7F1FF084B186050B1EF
:10C76000036800930022064B0121022001F0D6F954
:10C7700003B05DF804FB034BF3E700BF30C00020BB
:10C7800063BA01005EBA010070B50A4C23680D4619
:10C79000164673B19B6898472368314628461B6943
:10C7A000984723685B6998472368BDE87040DB6859
:10C7B000184770BD30C0002070B5074D2B68044687
:10C7C0004BB19B68092098472B68214620461B697E
:10C7D000BDE87040184770BD30C0002070B50F4BE9
:10C7E0000F4C197822680131C9B2197011F01F017C
:10C7F00013690DD101251571984723685B69984726
:10C80000236809221A712368BDE87040DB68184765
:10C810000021984723685B699847F4E72FC0002000
:10C8200030C0002008B5222000F04FFB074B1B79D9
:10C830001B074CBFFF20F72000F04EFB202000F02C
:10C8400044FBBDE80840012000F075BB5401002006
:10C8500008B5344B187100F027FB122000F035FBAF
:10C86000012000F068FB182000F02FFB802000F072
:10C8700033FB222000F029FBB12000F02DFB20200B
:10C8800000F023FB012000F056FB1A2000F01DFBF6
:10C89000642000F021FB002000F01EFB222000F0AD
:10C8A00014FB912000F018FB202000F00EFB01206B
:10C8B00000F041FB112000F008FB032000F00CFB0E
:10C8C000212000F002FB002000F006FB802000F099
:10C8D00003FB442000F0F9FA002000F0FDFA0F20DD
:10C8E00000F0FAFA452000F0F0FA002000F0F4FA27
:10C8F000002000F0F1FA272000F0EEFA012000F00D
:10C90000EBFA4E2000F0E1FA002000F0E5FA4F20AB
:10C9100000F0DBFA002000F0DFFABDE8084000205C
:10C9200000F0DABA5401002070B50D46044648B351
:10C93000154B1B79092B0ED101464FF4945224203C
:10C9400000F0DBFAF5B14FF4945229462620BDE8F9
:10C95000704000F0D2BA21B901464FF4945224201D
:10C96000F5E7242000F0B1FA661E04F59354013D6A
:10C970001F3416F8010F15F8013F184000F0ACFA0B
:10C98000A642F6D170BD00BF5401002008B51020AA
:10C9900000F09BFA012000F09FFABDE808406420F7
:10C9A00004F084BE07B500238DF806308DF80730FB
:10C9B00000F07AFA01220DF106012F2000F0B0FA02
:10C9C0009DF8062002F00302012A03D0002003B0E4
:10C9D0005DF804FB0DF107011F2000F0A1FA9DF89E
:10C9E0000730002BF2D10148F1E700BF54010020CD
:10C9F00010B5224C2379092B36D1012000F09BFA87
:10CA00001F49E022322000F078FA372000F05DFA6A
:10CA1000002000F061FA402000F05EFA202000F0D3
:10CA20005BFA102000F058FA002000F055FA402080
:10CA300000F052FA002000F04FFA002000F04CFA0B
:10CA40003C2000F042FA802000F046FA222000F05C
:10CA50003CFACF2000F040FA202000F036FABDE882
:10CA60001040012000F067BA222000F02EFA23794E
:10CA7000DB074CBFC420F720ECE700BF6C010020AF
:10CA8000BC2D02002DE9F843DFF8888098F80430C7
:10CA90000D46D907044621D51A070ED54FF49452F6
:10CAA0002146242000F029FA95B329464FF49452E8
:10CAB000BDE8F843262000F020BAB5B901464FF48E
:10CAC0009452242000F019FA262000F0FEF94FF4C9
:10CAD0009456002000F000FA013EFAD198F8043094
:10CAE0009B0715D5002CD9D1DEE7242000F0EDF905
:10CAF00004F59356671E05F1FF391F3617F8010F2D
:10CB000019F8013F184000F0E7F9B742F6D1DBE72A
:10CB1000BDE8F8836C01002008B5102000F0D5F9BD
:10CB2000012000F0D9F9BDE80840642004F0BEBD42
:10CB300038B5774D10F00104287100F09C8000F0AA
:10CB4000B3F9012000F0F7F9122000F0BEF901203E
:10CB500000F0F1F9012000F0B8F9272000F0BCF94D
:10CB6000012000F0B9F9002000F0B6F9112000F022
:10CB7000ACF9032000F0B0F9442000F0A6F9002041
:10CB800000F0AAF90F2000F0A7F9452000F09DF968
:10CB9000002000F0A1F9002000F09EF9272000F00D
:10CBA0009BF9012000F098F93C2000F08EF9052057
:10CBB00000F092F9212000F088F9002000F08CF9B3
:10CBC000802000F089F9372000F07FF9002000F084
:10CBD00083F9002000F080F9002000F07DF90020AA
:10CBE00000F07AF9002000F077F9402000F074F9A5
:10CBF000002000F071F9002000F06EF9002000F034
:10CC00006BF9002000F068F94249E322322000F07D
:10CC100074F93F2000F059F9222000F05DF903205B
:10CC200000F053F9172000F057F9042000F04DF9F7
:10CC3000412000F051F9A82000F04EF9322000F018
:10CC40004BF92C2000F041F9402000F045F94E202E
:10CC500000F03BF9002000F03FF94F2000F035F9DB
:10CC6000002000F039F9002000F036F9BDE8384026
:10CC7000012000F060B900F017F9012000F05BF925
:10CC8000122000F022F9012000F055F9012000F0F7
:10CC90001CF9272000F020F9012000F01DF92046A2
:10CCA00000F01AF9112000F010F9032000F014F937
:10CCB000442000F00AF9204600F00EF90F2000F0A1
:10CCC0000BF9452000F001F9204600F005F9204657
:10CCD00000F002F9272000F0FFF8012000F0FCF836
:10CCE0003C2000F0F2F8052000F0F6F8212000F0DA
:10CCF000ECF82B799B074CBF8020402000F0ECF82B
:10CD0000802000F0E9F8182000F0DFF880209CE790
:10CD10006C010020A52E020007B500238DF8063017
:10CD20008DF8073000F0C0F801220DF106012F2028
:10CD300000F0F6F89DF8062002F00302012A03D065
:10CD4000002003B05DF804FB0DF107011F2000F087
:10CD5000E7F89DF807300D2BF2D10148F1E700BF4D
:10CD60006C01002013B588224FF080445920162111
:10CD7000C4F80001C4F80011C4F80021D4F800314F
:10CD8000002BF5D0002280211948F8F7EFFD184854
:10CD9000F8F744FE236C6FF30B032364236C43F416
:10CDA000EE6343F007032364124C134B00930C22F1
:10CDB000082300212046FAF71BFA00220121204611
:10CDC000FAF710FB236843F480432360626912F48E
:10CDD0000002FBD111460748FAF70DFB0749054849
:10CDE000FAF7D8FB064B602283F8332302B010BD5C
:10CDF0000E0060660020064080841E0034C00020C3
:10CE000000E100E01FB58DF80F00084802681368C4
:10CE100043F4801313600023009301220DF10F01EE
:10CE2000FAF7E0FB05B05DF804FB00BF34C000205A
:10CE300013B5034606480468226822F48012226073
:10CE4000002200911146FAF7CDFB02B010BD00BFE1
:10CE500034C0002037B5054606480468236843F40B
:10CE60008013236000230A4600932946FAF7BAFB91
:10CE700003B030BD34C0002010B50A4C002220465B
:10CE80001021F9F743F8012211464FF04020F9F73D
:10CE90003DF8204601222021F9F738F8BDE810407E
:10CEA000FFF760BF8040004010B54FF040240023E2
:10CEB000C4F80038642004F0F9FB0123C4F80038FA
:10CEC0006420BDE8104004F0F1BB4FF04023002285
:10CED000C3F89428FFF796BF4FF040230122C3F810
:10CEE0009428FFF78FBF38B131B14FF040230122B2
:10CEF000C3F89428FFF79CBF704738B50C46154619
:10CF0000FFF7E3FF5CB155B14FF040230122C3F8B6
:10CF1000942829462046BDE83840FFF79BBF38BD1E
:10CF200038B50C461546FFF7D0FF29462046BDE828
:10CF30003840FFF7D8BF38B504464FF040250120F0
:10CF4000F6F7A8FBD5F890385A1E53425341A34236
:10CF5000F5D038BD10B5044604F058FB302120460A
:10CF600004F07AFB236B1B1A5842584110BD20B1C4
:10CF70000368012B01D1FFF7EDBF002070470000CF
:10CF8000034BB3F5004F8CBF4FF4004000207047B7
:10CF900085020000044B1A7C2AB9DA601A1DC3E925
:10CFA000012201221A74704764C0002037B504467C
:10CFB000002844D00090234B00220121032000F0E0
:10CFC000ADFD012C3BD14FF47A70F6F763FB4FF0C7
:10CFD000E022002113691C4C23F001031361072098
:10CFE000F8F750FD59254FF0804316208821C3F8EB
:10CFF0000051C3F80001C3F80011D3F80021002A42
:10D00000F5D0F8F723FF114B0A221B68B3FBF2F3AC
:10D010000F4A00212E202160D060516001215B0069
:10D0200011611BB94FF0FF332360DCE71169013B4D
:10D030000029F6D103B0BDE83040FAF7ACBC03B02C
:10D0400030BD00BF81BA010028B100202C000020B3
:10D0500000C0004070B506464020FFF79BFF0D461C
:10D06000F5F74AF90446B0B10B4A33460D21313089
:10D070000BF0EAFA084A2B46292104F108000BF0CC
:10D08000E3FA064B9A68191D146021609C60626087
:10D09000DA680132DA6070BDE1DA010064C00020B4
:10D0A00038B5FFF777FF0E4C251DE36803B938BD8F
:10D0B000606800210246AA420AD101B1E360D0E9CA
:10D0C000003213605A60C0E90000F5F79FF9ECE701
:10D0D000904208BF03F1FF33126808BF0121EAE75D
:10D0E00064C0002008B5FFF755FF014BD86808BDA4
:10D0F00064C0002008B5FFF74DFF084A52F8043F0E
:10D10000934201D1064807E010B11B680138F7E7E8
:10D11000002BF7D003F1080008BD00BF64C0002059
:10D1200096BA010008B5FFF735FF084A52F8043FE8
:10D13000934201D1064807E010B11B680138F7E7B8
:10D14000002BF7D003F1310008BD00BF64C0002000
:10D15000A5BA010037B50E4D2B785BB9FFF710FF6C
:10D160000446FFF704FF40B90A4B0B4A2321284627
:10D170000BF06AFA064803B030BD04F120030093B7
:10D18000064A04F11003232128460BF05DFAF1E76B
:10D1900078C000208E2F0200B9BA0100B2BA010097
:10D1A00010B5164C2046F8F739FC2046144C4FF4C5
:10D1B000E0220021F8F7DAFB2046F8F72FFC2046A2
:10D1C0004FF080444FF0E0620021F8F7CFFB636B33
:10D1D0006FF30F136363636B43F4885343F01003DF
:10D1E00063630020FAF7DEFBE36943F00103E361C8
:10D1F000E36943F00203E36110BD00BF1CFE03407E
:10D200001FFF0B8007EE902A7FB5B8EEE70A1546A0
:10D2100006460C460DF0AAFC94FBF5F305FB1344FF
:10D22000BDEEC00A002CB8BF6442CDE90063039490
:10D23000044B8DED020A00220121032000F06EFC58
:10D2400004B070BDBFBA010007B50223C0F8F830C2
:10D2500000230193094B01A9986AF5F73CFB019B58
:10D260004BB14FF0E0234FF08052C3F8042DBFF3D1
:10D270004F8FBFF36F8F03B05DF804FB9CC000209D
:10D280002DE9F843DFF8808005460F46D8F82C00DA
:10D290004FF0FF3114469946F5F7F6FB0128064694
:10D2A00030D12346002239462846F8F749FDD5F803
:10D2B000D430D8F82800BE403343C5F8D4304FF0FE
:10D2C000FF316E65F5F7E0FB0128044618D155F8EB
:10D2D000273003F44032B2F5003F11D1A9F80030F5
:10D2E000D5F8D430D8F82C0023EA0603C5F8D4309A
:10D2F00000231A461946F5F7E7F92046BDE8F883FA
:10D300000024EDE70024F8E79CC0002013B50023BB
:10D3100012220446ADF8063009480DF10603114605
:10D32000FFF7AEFF50B14CB1BDF8063043F6F662E0
:10D33000534342F21072B3FBF2F3236002B010BD0C
:10D3400000B0044013B5002310220446ADF80630A7
:10D3500009480DF106031146FFF792FF50B14CB199
:10D36000BDF8063041F67B72534342F21072B3FBB4
:10D37000F2F3236002B010BD0030044073B5052203
:10D38000054600240F48ADF806400DF106030F21B5
:10D39000FFF776FF98B1BDF806100B4E234656F8FE
:10D3A000042BA2F163048C4202DC6332914204DD5F
:10D3B00001330C2BF3D14FF0FF3305B12B6002B0DA
:10D3C00070BD00BF00B00440A02F020013B50023C1
:10D3D00011220446ADF806300A480DF10603114645
:10D3E000FFF74EFF58B154B1BDF806306FF45D72CF
:10D3F0001344054A5343642293FBF2F3236002B0C3
:10D4000010BD00BF0030044046FEFFFF10B54FF0D6
:10D410008043592416208821C3F80041C3F8000135
:10D42000C3F80011D3F80021002AF5D01248134C9C
:10D43000F8F7F4FA002211460F48F8F797FA236834
:10D4400023F0C05343F00063236004212046FAF721
:10D45000DDFA2046FAF7AEFA094BB0FBF3F0236889
:10D4600023F0FF030343236064236360236843F0D6
:10D470008043236010BD00BF0300C05E0001054073
:10D4800040420F007FB57B4C7B480021F8F73AFC07
:10D4900023683BB10020012201930090774B114695
:10D4A00000F03CFB76480021F8F72CFC23683BB1E8
:10D4B000012201930092714B1146002000F02EFBD7
:10D4C0006F4C0021032901F1010507DC07234FF40C
:10D4D000A0222046F8F734FC2946F3E768480623E3
:10D4E0004FF4A022F8F72CFC082D2946EAD101269A
:10D4F000C4F8F860D4F8D0305F4843F08003C4F833
:10D50000D030236D43F0040323655E4B4FF48072EB
:10D51000DA606021022283F86813C0F8F820056DF4
:10D5200045F0080505654FF40060586083F82B133B
:10D53000C4F8F820206D4FF4007240F00800206518
:10D54000DA6083F86913FFF761FF02A8FFF716FF9F
:10D5500020B102994C483246FFF754FE02A8FFF76B
:10D5600035FF20B1029949480A22FFF74BFE02A875
:10D57000FFF7E8FE28B1029945484FF47A72FFF7A9
:10D5800041FE02A8FFF7C2FE28B1029941484FF4BC
:10D590007A72FFF737FE404C404E206800230C2281
:10D5A000CDE9033305930DEB02014FF0FF33F5F79F
:10D5B000B5FC0C2808D04FF0500383F31188BFF35B
:10D5C0006F8FBFF34F8FFFDE9DF91330002B07DA0B
:10D5D0006369BDF8102013446361E3690133E361BB
:10D5E0009DF91730002B07DAA369BDF81420134406
:10D5F000A361236A01332362039B42F21072B3FBDF
:10D60000F2F102FB1133002BC7D1E16921B162694C
:10D61000E361B2FBF1F26261226A2AB1A369B3FB52
:10D62000F2F3A36100232362E06A4FF0FF31F5F7C4
:10D630002BFA48B16369A384A369E3840023E06AF9
:10D640001A461946F5F740F8A08CFEF7D3FEE08C99
:10D65000FEF7ACFEA3680025C4E90555002B9CD05D
:10D660000122009311463346104600F057FAA56098
:10D6700093E700BF24B1002000300440D4BA010079
:10D6800000B0044000E100E0FABA010001BB010073
:10D6900008BB01000DBB01009CC0002013BB0100B2
:10D6A00037B50024FFF77CFD14491548154D234676
:10D6B0004FF4FA72CDE90044F5F73CFD22460C2107
:10D6C0007820F5F791FB286040B94FF0500383F3C1
:10D6D0001188BFF36F8FBFF34F8FFFDE0120F5F787
:10D6E00093F8E8620028F0D0032221460120F4F7E5
:10D6F000C5FFA8620028E8D003B030BD33BB0100ED
:10D7000085D400009CC000203F4A0123F0B5C2F838
:10D71000F8304FF040223D4CC2F8203862683A4D54
:10D7200012F00F0104BF237323744FF0000304BFF2
:10D73000E181618285B0194655F8210000F4403638
:10D74000B6F5003F59D10131042913FA80F3F3D122
:10D75000C3F38F03E1892C4F194489B2E18100257D
:10D76000042057F8206006F4403CBCF5003F47D148
:10D770000130082815FA86F5F3D1C5F38F03608AC6
:10D7800003444FF0402001329BB200256382626067
:10D79000C0F8205812F00F002DD1CDF80A000192E8
:10D7A000ADF808109DF80B20217BADF80C3061F32B
:10D7B000C7128DF80B20227CADF80E004FF000034D
:10D7C00062F3C7138DF80F3000906B4620680C226F
:10D7D00001A9F5F74CFB10B9A3680133A360009BC6
:10D7E0004BB14FF0E0234FF08052C3F8042DBFF34C
:10D7F0004F8FBFF36F8F05B0F0BD00232373A9E7F0
:10D8000000202074BBE700BF00B004409CC0002093
:10D810000148FFF719BD00BF003004400148FFF781
:10D8200013BD00BF00B0044038B5094C4FF0FF31C4
:10D83000E06AF5F729F9012808D10023E06AA58CF0
:10D840001A461946F4F740FF284638BD0025FBE785
:10D850009CC0002001224FF480714FF04020F8F767
:10D8600055BB4FF080435A6C22F470025A645A6CD4
:10D8700042F450025A643022C3F86022D3F8602286
:10D8800022F00F02C3F86022D3F8142222F0405293
:10D89000C3F81422704700000EB430B588B00B9D59
:10D8A00025B38DF81C0002A9012004F059F80021CD
:10D8B0000CAB2A460846019308F0D8F900281ADD77
:10D8C000441C2046F4F718FD00280CAB2A4614BF70
:10D8D000214600210193069008F0C8F9074800236B
:10D8E00040684FF0FF3202A9F4F7EEFE08B0BDE841
:10D8F000304003B0704700200446E5E7CCC000206C
:10D90000014B1868704700BFD4C00020114B10B500
:10D910000C46196089B100F0B5F903F091FA0E4890
:10D9200008F0E8FC03200D4B0022012100F0F6F87E
:10D93000BDE810400A4808F0DDBC00F0A3F903F090
:10D940007FFA2246074BBDE810400121032000F07A
:10D95000E5B800BFD4C0002037BB010065BB0100A3
:10D960009ABB0100BDBB01002DE9F3410F469DF8B4
:10D9700020801446451EB3B12846F4F7BDFC064688
:10D9800070B31E4B1E4A002C18BF23460093294635
:10D990003B460AF059FE3146002003F033FA10B935
:10D9A0003046F4F733FDB8F1000F23D02846F4F7E2
:10D9B000A3FC0646C0B1114B114A002C08BF1C46FF
:10D9C000294600943B460AF03FFE3146012003F011
:10D9D00019FA78B9304602B0BDE8F041F4F716BD47
:10D9E000084808F087FCDEE7074802B0BDE8F041D0
:10D9F00008F080BC02B0BDE8F08100BF00BC0100AF
:10DA000007BC01000EBC01003CBC010080B53B4DD1
:10DA1000DFF804813A4E012398B02B7268684FF00A
:10DA2000FF3202A9F4F7A2FF0128F7D195F90020EF
:10DA30009DF91C309A420DDA0698F4F7E7FC4FF096
:10DA4000E0234FF08052C3F8042DBFF34F8FBFF394
:10DA50006F8FE3E70FA902A80AF03EFE0FAB424624
:10DA60001C2108A80AF092FD049A264B92FBF3F3BE
:10DA70000821254A254F0DA80AF0E6FD069A2448FC
:10DA8000002A08BF3A4608A90AF096FF214B1B68F6
:10DA90000446986808F0E0FE336823B3F5F7A4FF66
:10DAA000022820D14FF0FF313068F4F7EDFF069BDC
:10DAB0001749002B08BF3B4608AA0020F6F748FE8E
:10DAC000002330681A461946F4F7FEFD022CB3DD38
:10DAD0009DF81E300093069A9DF81D3008A9204637
:10DAE000FFF742FFA8E7069B084A0949002B08BF39
:10DAF0001346002008AAF6F72BFEE7E7D8C000205F
:10DB0000E8C0002040420F0083BC010000BC0100BF
:10DB100088BC0100A80400206DBC010008B4F0B569
:10DB20009CB0219E002E31D04D4F97F9003083429A
:10DB30002CDB3C7A22AD002C2DD106A901200595C5
:10DB400003F00EFF13A906A80AF0C6FD13AB454A61
:10DB500020210AA80AF01AFD0AA943480AF02CFF5E
:10DB60000599304608F0A4FE404808F0C3FB3E4942
:10DB70000AAA2046F6F7ECFD314605AA204605958F
:10DB8000F6F796FC3A492046F6F7FCFB1CB0BDE8D8
:10DB9000F04001B070478DF83C008DF83D10012039
:10DBA0000AA98DF83E2003F0DBFE00212B46324609
:10DBB0000846069508F05AF800281DDC00240E944B
:10DBC0000E98069500282B46324614BF21460021A8
:10DBD00008F04CF87868D0B100231A460AA9F4F787
:10DBE00073FD0128D2D0234808F084FB0E9800284A
:10DBF000CCD0F4F70BFCC9E7441C2046F4F77CFBBF
:10DC00000E900028DCD11C4808F074FBBEE70E9B88
:10DC1000002BBBD00C9B194A93FBF2F30293DDE976
:10DC20000A232021CDE9002313A8154A0AF00CFD90
:10DC30000E9D284608F0A4FC044613A808F0A0FC9A
:10DC400020440430022808DD9DF83E3000932A4627
:10DC50009DF83D3013A9FFF787FE0E98C9E700BF76
:10DC6000D8C0002091BC0100A3BC010025C1010067
:10DC70006CC60100D8BC0100A8BC010040420F00E6
:10DC800003BD0100154B164970B500241870154DE1
:10DC90001C7220465C60F6F775FB134808F02AFBFF
:10DCA0002B68A3B1F5F7A0FE022810D128684FF029
:10DCB000FF31F4F7E9FE0D492046F6F763FB2868CB
:10DCC000234622462146BDE87040F4F7FDBCBDE87E
:10DCD000704006490020F6F755BB00BFD8C00020B1
:10DCE0000EBD0100E8C0002031BD01006DBD010086
:10DCF00037B50120F4F788FD144B186010B91448AB
:10DD000008F0F8FA002218214020F4F7B7FC114C73
:10DD1000606028B9104803B0BDE8304008F0EABAA6
:10DD200001230025CDE900350C490D482B464FF461
:10DD30001672F5F7FFF9012806D00A4808F0DAFA5A
:10DD40006068F4F783FF656003B030BDE8C0002071
:10DD5000AABD0100D8C00020E4BD01001ABE010028
:10DD60000DDA000023BE010010B559204FF08044A9
:10DD700016218822C4F80001C4F80011C4F800215B
:10DD8000D4F80031002BF5D00D4A136C23F0F003CA
:10DD900013640120F7F73AFE0120F7F755FE002142
:10DDA0000846F7F76FFE0748F7F760FF064B1122AA
:10DDB0005A63F2F74BFC0023C4F8003110BD00BFDA
:10DDC0000041004000B0710B0002004038B5124D18
:10DDD0002B6801332B60F4F749FB104904460020FF
:10DDE000F6F7B6FC2B680E4922460020F6F7B0FC89
:10DDF00021460C480AF0E0FD0B4B1B68986808F0C0
:10DE00002BFD4FF0500383F31188BFF36F8FBFF3E7
:10DE10004F8F00BEFEE700BFE4C0002058BE0100E7
:10DE200079BE0100A0BE0100A804002008B5054687
:10DE30000C460A4600200D49F6F78AFC2A460C4992
:10DE40000020F6F785FC21460A480AF0B5FD0A4B8A
:10DE50001B68986808F000FD4FF0500383F31188A9
:10DE6000BFF36F8FBFF34F8F00BEFEE7C6BE01004A
:10DE7000ECBE010001BF0100A8040020000000006A
:10DE80007FB5FFF771FFF6F78AFA6749674D684E6D
:10DE90000020F6F777FAF2F799FA4FF080435C68C2
:10DEA000002C3AD0634821460AF086FD630702D56C
:10DEB000614808F01FFAA00702D5604808F01AFA76
:10DEC000E10702D55E4808F015FA220702D55D4841
:10DED00008F010FAE30602D55B4808F00BFAA0063A
:10DEE00002D55A4808F006FA210602D5584808F02B
:10DEF00001FAE20502D5574808F0FCF9AB689B0728
:10DF000004D5554808F0F6F90223AB6033689868E9
:10DF100008F0A2FC4FF080435C60F2F70BFB03209B
:10DF2000F2F742FAFFF716F901464C480AF044FDB1
:10DF3000FFF797FCFFF78EFCFEF7B2F838A3D3E9A2
:10DF40000023002469460120CDE90023029403F058
:10DF500081FD04F06DFB01210320FFF7D7FC01F0E8
:10DF600041FF3F4B224601210220FFF7D7FD3D4BE9
:10DF7000224601210320FFF7D1FD06F0EDF83A4BD0
:10DF8000224601210320FFF7C9FD00F027FC374B93
:10DF9000224601210320FFF7C1FDFFF781FB344B2F
:10DFA000224601210320FFF7B9FDFDF709F8314BA7
:10DFB000224601210320FFF7B1FDFDF7BBF8224601
:10DFC0002D4B01210320FFF7A9FDFFF791FEF4F788
:10DFD0004DFA014629480AF0EFFC294808F08AF971
:10DFE0003368986808F038FC264B274819686A6837
:10DFF0000AF0E2FC3368986808F02EFC6B681BB1ED
:10E00000696822480AF0D8FCF5F7DEF9204808F0E4
:10E0100071F93368986808F01FFCFEE7AFF30080E1
:10E0200080009265000000001DBF01000001044057
:10E03000A80400202ABF010048BF01005BBF010007
:10E040006ABF01007DBF01008BBF010099BF0100C5
:10E05000B2BF0100C0BF0100D6BF0100F7BF010081
:10E0600003C0010012C0010021C001002CC001004A
:10E0700034C001003CC0010044C001005AC001008E
:10E0800088C0010000000440A9C00100D5C0010003
:10E090000BC1010038B5984D984C2B7A102B09D143
:10E0A000A368236823F034032360236843F0080344
:10E0B000236038BD582800F00A813FD8282800F096
:10E0C000D48020D8102800F0B7800BD8002800F0AA
:10E0D0008B80082800F09380884A136843F0080377
:10E0E0001360E6E7182800F0AE802028F4D12368FA
:10E0F000834943F010032360236843F00403236043
:10E1000010232B7277E0402800F0D1800AD8302805
:10E1100000F0C3803828DFD123687A4943F0100328
:10E12000236068E0482800F0C8805028D4D1A36854
:10E130002368754923F0040323605CE0A0284FD0D6
:10E1400035D8782800F0028123D8682800F0FE80B6
:10E15000702800F0E9806028BED12B7A012B40F0B6
:10E16000C180664C00236B7203232B742046092365
:10E170002B72F7F75FFF636943F002036361636922
:10E1800043F0040363615D4A136843F004031360C2
:10E19000A2E7902800F0E48007D8802800F0E08013
:10E1A000882899D1554B9A68EEE09828F9E7B82865
:10E1B00000F0F7800FD8A82800F0F380B0288BD1AA
:10E1C000AF23A360236823F004032360236843F094
:10E1D0002003236080E7C02802D0C8287FF47CAFEA
:10E1E000236843F00403F4E72368484943F010032D
:10E1F000236010232B72802000F0B8FF6CE72368A7
:10E2000023F0200323602046F7F714FF636943F0EF
:10E2100002036361636943F0040363612B7A032B98
:10E2200005D1AB7C5B00A36003232B7454E72B7AEE
:10E230000C2BF9D10023F6E7236823F02003236099
:10E240000A23A36048E76A7AAB7A9A4208D26B7ACB
:10E25000EA68D35CA3606B7A0133DBB26B72E3E7ED
:10E26000236843F010032360BAE76A7AAB7A9A42D4
:10E27000EDD3236843F010032360236843F00403C5
:10E2800023602B7A032B03D104232B720023CCE7CA
:10E290002B7A0C2BFAD10D23F7E723681C4943F0A6
:10E2A00010032360236843F004032360A3E723687B
:10E2B000184943F0040323609DE72368164943F09F
:10E2C00010032360236843F00403236093E7A368EB
:10E2D0002368124943F010032360236843F00403CA
:10E2E000236088E72A7A0E490E4806F043FE0D495E
:10E2F000802000F03BFF46E784010020001008402A
:10E300004AC10100AFC101001BC2010027C10100C9
:10E310007DC10100E1C10100FEC1010038C2010060
:10E3200055C201001CC600202B7A042B01BF062316
:10E330002B7264232B742B7A062B7FF424AF0023DB
:10E340006B7207232B7203232B741CE72368164977
:10E3500023F004032360236843F0200323604AE78B
:10E360002B7A092B02D02B7A072B18D10F4BE96897
:10E3700098686A7A88546A7A882A0AD86A7A01324E
:10E38000D2B26A7203222A741A6842F004021A6036
:10E39000A2E61A68064922F004021A602BE7054932
:10E3A00029E7AF23A3601BE77AC2010000100840F1
:10E3B000A8C20100CBC2010070B51D4D1D4C2B7AC7
:10E3C000012B02BF1C4B14221A70E0686369DB0743
:10E3D00026D5194E2046F7F72DFE337813B1013BB1
:10E3E000337070BD236823F004032360236843F077
:10E3F000080323602B7A092B0DD11049802000F0EF
:10E40000B5FE142333700B4A10232B72536923F08B
:10E4100004035361E5E70A49802000F0A7FEF2E714
:10E42000084B1B68002BDCD0BDE87040184700BFCC
:10E430008401002000100840ECC0002006C3010049
:10E4400055C3010078C2002037B54FF080444FF02B
:10E450004022236B3C4823F07F4343F0084323636F
:10E46000536A43F0C0035362F7F7B2FD3748F7F73A
:10E47000D5FA592016218822C4F80001C4F80011E9
:10E48000C4F80021D4F80031002BF5D02E4C3049CF
:10E49000304D2046F7F77CFD2046F7F7DBFD2E4B8D
:10E4A0000090002201210220FFF738FB00231946CB
:10E4B00020460F22F7F7E0FD204600230E2201211F
:10E4C000F7F7DAFD2046002355220221F7F7D4FDA5
:10E4D0000023204675220321F7F7CEFD20460122B6
:10E4E0000021F7F7D9FD204602220121F7F7D4FDDC
:10E4F000204601220221F7F7CFFD03212046042206
:10E50000F7F7CAFD154B164A1A60602385F82733C2
:10E51000636943F004036361636943F00203636169
:10E520002046F7F791FD80236B6023680D4823F0A8
:10E530003C0343F00C034FF480720021236003B0CE
:10E54000BDE8304008F088B80010084009000040DD
:10E55000A086010000E100E085C3010078C2002030
:10E5600095E00000EDC0002010B51B4C2046F7F7E9
:10E570002FFD2046F7F763FD1848F7F74FFA1849C3
:10E580002046F7F705FD0023194620460F22F7F72E
:10E5900073FD002320460E220121F7F76DFD204672
:10E5A00001220021F7F778FD204602220121F7F72A
:10E5B00073FD236823F030032360236823F03C03BA
:10E5C00043F00C032360074B01221A722046BDE87A
:10E5D0001040F7F739BD00BF0010084009000040A7
:10E5E000A086010084010020024B4FF0FF31186823
:10E5F000F4F74ABA7CC200200348002300681A4698
:10E600001946F4F761B800BF7CC200202DE9F74F2E
:10E610004C4E4D4F4FF00008012301AA4FF0FF313F
:10E620000020F5F7E5FA0446F4F718FF012C05463B
:10E63000F2D03388002B4BD1444C454922684548E1
:10E6400006F098FC434800F0A7FDFFF78DFF226815
:10E650004149404806F08EFC3E4800F09DFD4FF4D5
:10E660000063338000F0DCFD08B100F049FEFFF7E5
:10E67000BBFF3A493A4B4A8AB3F89A30134003F049
:10E680001E0322EA03024A82FFF7B6FF354800F074
:10E6900079FD50B12F49334800F021FD28B92D48AC
:10E6A00000F07AFD304800F077FD4FEA9823B3EB95
:10E6B000952F06D0C5F30E041CB93B7A012B0DD063
:10E6C000A846384600F05CF90120F4F7E3FFA3E721
:10E6D000013B9BB23380002BC4D1ADE723491D48D9
:10E6E000DFF87C90DFF888A0DFF86880DFF878B08A
:10E6F00007F032FB1749412000F088FD39F8022B62
:10E700005146404606F036FC01344146412000F0B7
:10E710007DFD23070AD15946404607F01DFB4120E5
:10E72000414600F073FD0120F4F7B4FF502CE5D111
:10E730000D49084807F010FB0649412000F066FD2E
:10E74000BEE700BF980100208401002000100840AF
:10E750009BC301001CC60020BCC301004404002070
:10E760009C03002010C300206CC60100D8C3010028
:10E77000EAC301002DE9F04783780E2B04460FD041
:10E7800083780F2B23D15427DFF84880DFF8489097
:10E7900000262278F3B29A4204D80020BDE8F08720
:10E7A0001227F1E765781D44BD420CDA032D08D02D
:10E7B000626832F813A0FFF717FF29F815A0FFF7DA
:10E7C0001BFF0136E5E7404600F0E6FCF9E70120D3
:10E7D000E4E700BFF0C301009C03002013B5284B01
:10E7E000284C002201210320FFF798F900F04CFC8F
:10E7F000254B002201210320FFF790F9FFF724FEAB
:10E80000224B002201210320FFF788F900F0AAF82B
:10E810001F4B002201210320FFF780F923686BB909
:10E820000120F3F7F1FF206040B94FF0500383F36C
:10E830001188BFF36F8FBFF34F8FFFDEF3F716FE24
:10E84000144B0090002201210320FFF767F90024F8
:10E850000223CDE90034104910482346FA22F4F788
:10E8600069FC01280146E0D10D4B22460320FFF749
:10E8700055F9202002B0BDE8104000F041BD00BFB6
:10E88000FFC301007CC2002018C401002EC4010097
:10E8900046C4010064C4010096C401000DE60000F6
:10E8A000A6C40100112838B504460D4608D8FFF764
:10E8B0009BFE044B23F81450BDE83840FFF79CBE84
:10E8C00038BD00BF44040020532810B5044608D8C2
:10E8D000FFF78AFE044B33F81440FFF78DFE204605
:10E8E00010BD0024FBE700BF9C030020532810B597
:10E8F000044608D8FFF778FE044B33F91440FFF7BD
:10E900007BFE204610BD0024FBE700BF9C030020D7
:10E9100070B5041E0E46154611DB53290FD8FFF7BC
:10E9200063FE074BAA1EB44203DDBDE87040FFF74B
:10E9300063BE33F8141022F8021F0134F3E770BDF0
:10E940009C030020034B044ADA60044B044A5A60DB
:10E95000704700BF84010020EDC1002080C200206C
:10E9600090C2002008B5FFF7EDFF03490348BDE85A
:10E97000084000F041BA00BF80C20020840100209E
:10E98000F8B5037A012B044600F0B180037C23B96B
:10E99000037A0E2B01D100F031FA237A594D042B62
:10E9A00005D1AC4201BF0623237264232374237C68
:10E9B00083B9237A092B0DD1637A072B03D9637AA4
:10E9C000892B40F29580627A21684F4809F0F4FF64
:10E9D00010232372237A0D2B04D0237CF3B9237ADE
:10E9E0000C2B1BD101232372AC424FF00003A37206
:10E9F000637213D1454E19460F223046F7F73CFBA0
:10EA0000434B4FF480521A80736923F0040330465D
:10EA10007361F7F70FFB3046F7F716FB237C83B9DA
:10EA2000237A062B0DD13B4B1B88DB0707D5627A77
:10EA300039493A4806F09EFA384800F0ADFB1023F9
:10EA40002372237C7BB9237A072B0CD1637ADBB248
:10EA5000A372204600F040FA012804D11023304868
:10EA6000237207F047FC237A082B14D1AC4210D153
:10EA7000264E00230F2219463046F7F7FDFA336879
:10EA800023F03C0343F00C033360214B4FF48052DE
:10EA90001A8001232372237A102B02D1204600F022
:10EAA000ADF9227C02F0FF07CAB9237A032B11D1FA
:10EAB0001C4807F01FFCAC420CD1144E3B460F2201
:10EAC00039463046F7F7D8FA336823F03C0343F071
:10EAD00004033360012323720023A37263722A7C30
:10EAE00002F0FF0312B12B7C013BDBB22B74F8BDAB
:10EAF0000A232372637ADBB2A372204600F05AFA2B
:10EB000068E700BF84010020C1C401000010084074
:10EB1000980100209A030020E5C401001CC60020D3
:10EB200008C501002CC5010070B54368C5681149CE
:10EB30005C680646012000F069FB70682346047893
:10EB4000EA1C03EB4404A34202F1020204D1C368AD
:10EB500063B1BDE87040184712F8021C0902198021
:10EB600012F8015C294423F8021BECE7BDE8704071
:10EB7000FFF700BE41C501002DE9F0438B784D78C9
:10EB8000C76839490F2B0CBF384B394B4FEA450545
:10EB90000CBFED18ED18436804464FF0030883F8E6
:10EBA00003804FF0010085B01E780CBF4FF0540970
:10EBB0004FF0120900F02AFB6168487833184B4582
:10EBC00013DD8A78CB78A57A02950978CDE9000122
:10EBD0002849294806F0CEF92749042000F016FB01
:10EBE0001023237205B0BDE8F0838B783B70710071
:10EBF000C9B287F80180B97005EB46004FF0000CF0
:10EC00005FFA8CF606F10308A84206F104065FFAE3
:10EC100088F8F6B219D14D1D0331E068C9B200F091
:10EC200045F9C0F3072307F80830B855EDB263681B
:10EC3000A5725968187800F0FFFA00232046A374E3
:10EC400005B0BDE8F04300F00BB962682B8852684C
:10EC500022F80C301B0A07F8083035F8023BBB5588
:10EC60000CF1020CCCE700BF4EC501009C03002054
:10EC7000440400205AC501001CC6002010B50446FB
:10EC80000849012000F0C2FA61688B780F2B02D08E
:10EC90008B780E2B04D12046BDE81040FFF76CBFE7
:10ECA00010BD00BF99C5010010B504460B4809F01E
:10ECB00083FE204600F0FEFAA17AE06800F0F6F844
:10ECC00080B228B9064809F077FE0123237210BDEF
:10ECD0000449042000F09AFAF7E700BFB5C5010027
:10ECE000C0C50100C8C501002DE9F84391F80090A6
:10ECF000DFF86C80174F4A4605460E461548164900
:10ED000006F038F91349012000F080FA072404EBDB
:10ED100049094C4508D10120104900F077FA68688C
:10ED2000BDE8F843FFF726BDEB6870681A5DE11F88
:10ED300012024252234402345B781A4492B2425285
:10ED40004146384606F016F93946012000F05EFAD1
:10ED5000DFE700BF1CC60020D1C501006CC6010062
:10ED6000E2C5010038B50446007A0B2827D1E068D7
:10ED70000170E16810204870E16800258D70E1683D
:10ED8000CA70E2681571E2685371E068062100F00C
:10ED90008DF8E368C0F307229A71E368D8710823FD
:10EDA000A3722146012000F045FA0120044900F039
:10EDB0002DFAA5742046BDE8384000F051B838BDA2
:10EDC000E8C50100F8B50A4F05460C460026AE42DC
:10EDD00005D1BDE8F8400749022000F017BA3B888A
:10EDE0009B0703D514F8010B00F04AFA0136EEE751
:10EDF0009A0300206CC601004160704738B5124B81
:10EE0000984204461BD1114D11492A68114806F059
:10EE1000B1F81049042000F0F9F9FFF7A5FB2A68C2
:10EE20000D490C4806F0A6F80A49042000F0EEF956
:10EE30000023A372637223740123237238BD074930
:10EE4000044806F089FFEFE7840100200010084025
:10EE5000F9C501001CC6002013C6010037C6010019
:10EE6000002310B5014604464372022000F0E2F987
:10EE70000B49022000F0CAF9A07AE168FFF7A2FF6F
:10EE80000C23237203232374064B9C4206D1064AAB
:10EE9000136823F03C0343F02003136010BD00BF50
:10EEA00044C60100840100200010084070B5FF2214
:10EEB000074D084E01441346814202D142EA032025
:10EEC00070BD10F8014B5C402B5D5340325DF3E7A1
:10EED0009A0200209A01002070B5044630490220B1
:10EEE00000F094F9617A637A0239042BC9B204D82C
:10EEF0002C4809F061FD012070BDE5686A186B5C63
:10EF00005678284606EB0326FFF7D0FFB6B283B249
:10EF10009E4209D024492548324606F02BF8234961
:10EF2000022000F073F9E6E76B782E78032B0BD103
:10EF3000A97849084B1E532B03D91D4809F03CFD05
:10EF4000D9E72046FFF7F0FDE3685A78102A1DD173
:10EF50009A7812B16268092151721979DA7811B17F
:10EF600061680920487259794B1E3F2B0ED8532AED
:10EF70000CD80A44532A09DC63681A788A420AD1F9
:10EF80009A78B24207D12046FFF78EFE0020082370
:10EF900060722372B0E709225A7210232372F5E7D8
:10EFA00053C601006FC6010077C601001CC60020D1
:10EFB0009CC6010070B5417A04460239C068C9B2E6
:10EFC0004218435C567806EB0326FFF76FFF2B4988
:10EFD0000546022000F01AF9B6B2A07AE168ADB297
:10EFE000FFF7F0FEAE4206D02549042000F00EF9EE
:10EFF0001023237270BDE3685A78102A24D1616807
:10F000001A788A705A78CA709A780AB109224A72B4
:10F01000DA784A701A790AB109224A725B790B7060
:10F020000A234B722046FFF75FFE0B2362682372B0
:10F0300093780F2B02D0134BDB882BB99178137880
:10F0400052782046FFF78EFEE3685A78032AD1D122
:10F050006268197891705978D170997809B109214D
:10F060005172D9785170197909B1092151725B79BE
:10F0700013702046BDE87040FFF700BEB7C6010020
:10F08000C6C601009C030020054BFF221A71002216
:10F090005A715A79D2B29A71024A1A60704700BF07
:10F0A00010C3002018C30020026810B5A2B18479F3
:10F0B00043799C4210D04379DBB2D35C0B70437927
:10F0C00002790133DBB2437143799A4201D90020BE
:10F0D00010BD00234371FAE76FF00900F8E773B53C
:10F0E00006460C4689B101250DF107013046FFF7B0
:10F0F000DBFF20B100232370284602B070BD9DF8CD
:10F10000073004F8013B0546EEE76FF00900F4E72D
:10F11000026830B5A2B183790479B3FBF4F504FB3E
:10F120001533DBB2D154837902790133DBB28371B9
:10F1300083799A4201D9002030BD00238371FAE718
:10F140006FF00900F8E738B50368054653B149B1D7
:10F150004C1E14F8011F09B9084638BD2846FFF7B0
:10F16000D7FFF6E76FF00900F7E70000034B1B88B5
:10F17000034202D00248FFF7E6BF70479A0300201F
:10F1800010C3002002798379417913445B1A93FB01
:10F19000F2F002FB103070472DE9F341184E194F81
:10F1A000451E15F8014F14B902B0BDE8F0810A2CD4
:10F1B000336811D1002BF4D04FF0000807F803801A
:10F1C000F4F712FC012812D1384607F093F8002317
:10F1D0000A2C336004D1E4E740F2FF129342EBD0F3
:10F1E0000D2C1FBF3368FC5401333360D9E7064B45
:10F1F0000097424601210320FEF790FCE7E700BF9D
:10F2000018C400201CC40020E1DA0100034B1B8855
:10F21000034202D00846FFF7BFBF70479A030020A1
:10F22000034B9A6952045ABF1868C0B20020704755
:10F230000010074070470000F8B50D4B1B88DB0736
:10F240000C4614D50B4F0C4E01EB4005AC4204D1DB
:10F25000BDE8F8400948FFF79FBF34F8022B394654
:10F26000304605F087FE3046FFF796FFEEE7F8BD23
:10F270009A030020EAC301001CC600206CC60100EE
:10F2800007B500F00F0302099F288CBF37323032D8
:10F29000092B8CBF373330338DF8053001A820237C
:10F2A0008DF80420ADF80630FFF776FF03B05DF867
:10F2B00004FB00000A4B1B88DB0710B504460DD584
:10F2C00008490120FFF7A2FF63689878FFF7D8FF8D
:10F2D000BDE8104004490120FFF798BF10BD00BFF2
:10F2E0009A030020CEC6010052B1010003880246F5
:10F2F0000B4215BF8B430B43002001201380704746
:10F3000010B5044648B11148FFF746FF632C12D0F0
:10F3100004D8612C07D0622C0BD010BD6E2CFCD110
:10F320004FF4807100E00121BDE810400848FFF76C
:10F33000DDBF0221F8E7074B07491A68074805F0C7
:10F3400019FE0648FFF728FF2021EDE7D0C601008F
:10F350009A0300200010084003C601001CC60020CC
:10F36000044AD2E902310A3B41F1FF31C2E90231DC
:10F37000704700BF20C700201FB500220023CDE941
:10F380000023694600230420029302F0E9FA084AA8
:10F390000099D2E90232093342F100028B42019B0B
:10F3A0009A41B4BF0120002005B05DF804FB00BF06
:10F3B00020C700202DE9F043DFF8C490DFF8C480B7
:10F3C000224D85B04F46002641F2883303AA7F21A3
:10F3D00000200396F4F70CFC01280ABF039C80244C
:10F3E00004F07F0400944346002201210220FEF72E
:10F3F00095FB2046C847814504461AD0B8421AD02A
:10F40000134B984219D0134B984218D0124B984284
:10F4100017D0124B984216D01149124B124A88420B
:10F4200018BF1346009300222B4601210220FEF74D
:10F4300075FBA146C8E70D4BF4E70D4BF2E70D4B0A
:10F44000F0E70D4BEEE70D4BECE700BF85C7010081
:10F45000A9F4000039F5000015F500009DF5000045
:10F4600089F4000063C7010059C70100FFB0010023
:10F4700033C701003CC7010045C701004FC7010069
:10F48000E1F400006FC7010008B5830705D5044B00
:10F49000002201210220FEF741FB024808BD00BF07
:10F4A00099C7010089F40000C20708B510D44307CA
:10F4B00004D5FFF761FF18B9FFF752FF054808BDF3
:10F4C00004F0EEFD04F0BEFE03F0E0F80248F6E7BB
:10F4D0000248F4E7A9F400009DF5000039F50000AA
:10F4E000830613B50AD501246846CDF800D08DF8FF
:10F4F000044000F0B9FC20B1044800E0044802B028
:10F5000010BD0120F4F7C6F8EEE700BFA9F4000033
:10F51000E1F4000008B5830707D504F0C1FD04F04D
:10F5200091FE03F0B3F8024808BD0248FCE700BFB3
:10F530009DF5000015F5000037B510F0040516D054
:10F54000FFF71AFF70B100250124684600958DF879
:10F55000044000F089FC08B10D4806E00120F4F7F2
:10F5600099F8F2E7FFF7FCFE0A4803B030BD430606
:10F57000FAD50124684600958DF8044000F074FC2B
:10F5800008B10548F1E70120F4F784F8F2E700BF7D
:10F5900015F5000039F5000089F4000013B50106E7
:10F5A00048BF40F01000C2061DD51349042002F0E8
:10F5B000D7F904F07BFD04F045FE01246846CDF840
:10F5C00000D08DF8044000F04FFC40B14FF47A7049
:10F5D000F4F760F803F05DF8084802B010BD0120B0
:10F5E000F4F758F8EAE7430603D504F05FFD044852
:10F5F000F3E70448F1E700BF28C70020A9F40000A2
:10F6000089F400009DF500000146034800230068CE
:10F610000122F4F733BB00BF20C7002007B5FFF776
:10F620009FFE064B01930023054900934FF4C872D7
:10F630000448F3F77FFD03B05DF804FB20C700200A
:10F64000B9C70100B5F300001FB50446019018B911
:10F650004FF0FF3004B010BD0171F4F7BFF9206026
:10F660000C48002300684FF0FF3201A9F3F72CF893
:10F670000128EDD1002303934FF0FF3303AA0121AA
:10F680000020F4F7B5FA039BDB07F5D5019B58681A
:10F69000E0E700BF4CC700201420F2F72DBE10B5E4
:10F6A000044608B9002010BD0021FFF7CDFF002857
:10F6B000F8D1206900F00100F5E770B50D46164657
:10F6C000044608B9002070BD0023C0E903330321BC
:10F6D000FFF7BAFF0028F5D10EB1E36833600DB92A
:10F6E0000120F0E723692B60FAE710B540B1C0E9CB
:10F6F000031283600121FFF7A7FFB0FA80F04009F1
:10F7000010BD10B540B18160C0E903230221FFF7AD
:10F710009BFFB0FA80F0400910BD000008B5064814
:10F72000F7F706F8054A536818B923F00303536046
:10F7300008BD43F00103FAE700D0004038C70020BD
:10F740002DE9F14F804688070E461746994605D1A8
:10F750002548C44601B0BDE8F04F6047234CDFF8B0
:10F7600094A02269DAF814309A4215D0A06820B12A
:10F77000F2F74CFE0023A3602361DAF8140058B1BD
:10F780000430F2F7B9FDA06030B1051DDAF814308D
:10F79000236125F00305E560154DDFF85CB0B94441
:10F7A0004FF0000A4F4502D0BAF1000F03D0504687
:10F7B00001B0BDE8F08FA84504D12269E068314668
:10F7C00007F0E0FAE168084801233A46C047D84507
:10F7D000824604D1D4E90312304607F0D3FA2269F5
:10F7E00001371644DEE700BF00D0004038C70020D4
:10F7F0004570000054B10020956E00002DE9F041E5
:10F800006548664F664D86B04FF48071F7F796FAFB
:10F81000FFF784FF3B6813B906B0BDE8F081012112
:10F820000023084605AA049305936E68F4F7E0F9EF
:10F83000059BD90701D5FFF771FF6B6813F001082D
:10F8400003F0020411D1003C18BF01246B689E42F2
:10F8500037D1386840F24C4204A9F3F787F8012801
:10F860004DD00120F3F716FFD4E744BB4A484FF4CC
:10F870008071F7F763FA4848F7F7BEFA024650B1CD
:10F8800001220090474B11462046FEF747F96C686D
:10F89000C4F34004DAE76B6843F002036B60424B49
:10F8A0001969890A039159690291D96801915B68C4
:10F8B000009301213D4B0320FEF730F9E7E70124D7
:10F8C000C4E7CDE901633A4B00930022394B012193
:10F8D0000320FEF723F9F20707D5B8F1000F04D192
:10F8E00031481C22414606F0B7FEC6F34006A64248
:10F8F000AFD0002CADD02020FFF786FEA9E7049CF6
:10F90000002C87D02379032B3ED8DFE803F02D02AB
:10F910001732D4E90323A1682748FFF711FFD8B1B4
:10F9200023690293E368CDE90003244B01221146C9
:10F930000020FEF7F3F84FF0FF3323E0D4E9032370
:10F94000A1681F48FFF7FCFE30B123690293E3680A
:10F95000CDE900031B4BE9E760600122206800232A
:10F960001146F4F78BF955E7002363606B68236158
:10F97000F3E76B689B07DED50B4BDA685B692361A5
:10F98000E26000236360E8E70122009311460E4B1A
:10F990000020FEF7C3F8CEE700D000404CC700209F
:10F9A00038C70020BFC7010054B10020DAC70100EA
:10F9B000D02F020007C80100956E00001EC801008C
:10F9C000457000003AC8010057C801007FB5364BAA
:10F9D000D3F80828D00742BFD3F8002842F001022C
:10F9E000C3F80028D3F82C280392039AD10741BF0B
:10F9F0002E490122CA70C3F82C28039B13F480738C
:10FA000014D02B4B2B4A1B68B3FBF2F30A2253434F
:10FA10000493049B002B42D1234BD3F82C28039250
:10FA2000039A4FF48072C3F82C280123039A92079B
:10FA300007D5039A100748BF039A1B4A0221C2F850
:10FA40002C18039A910441BF1749D1F82C2842F48D
:10FA50000052C1F82C28039AD20441BF1249D1F8B0
:10FA60002C2842F48052C1F82C28ABB105AA1248C8
:10FA7000009201220023006805931146F4F75CF917
:10FA8000059B4BB14FF0E0234FF08052C3F8042D9B
:10FA9000BFF34F8FBFF36F8F07B05DF804FB00BF5C
:10FAA000049B013BB4E700BF00D0004054B10020EC
:10FAB0002C00002040420F0038C7002013B5104C26
:10FAC0004FF010624FF480112046F5F74FFF2046AB
:10FAD000F5F7A4FF0B4B602283F84023042100229A
:10FAE0000120F2F7CBFD084B08491860084B019341
:10FAF00000230093C8220748F3F71CFB02B010BD97
:10FB000006FF430700E100E04CC700206DC801007C
:10FB100038C70020FDF7000008B5044B1868FFF750
:10FB2000BEFD80F00100C0B208BD00BF50C700207C
:10FB300038B5064D2B68044613B9FFF7ADFD2860B4
:10FB40002046BDE83840FFF7E7BF00BF50C70020A0
:10FB5000084608B511461A46034604480068FFF7F0
:10FB6000C4FD80F00100C0B208BD00BF50C7002036
:10FB7000044808B50068FFF7C4FD80F00100C0B27A
:10FB800008BD00BF50C7002013B51446032921D873
:10FB9000DFE801F017020C1B0F4B00211868FFF77C
:10FBA0008CFD80F00100C0B202B010BD0A4B0022F3
:10FBB0001868019201A9FFF780FD20B10CB1019BEB
:10FBC00023800020F0E70120EEE7002AF9D001238E
:10FBD0001360F6E70420E7E750C7002000B50020D7
:10FBE0008DB006F0A1FCCDE9000103A9684608F03C
:10FBF00073FD059B069A0798DB0243EA0243049AC9
:10FC000043EA4213039A43EA5203089A503A43EAFA
:10FC10004263013043EA40500DB05DF804FB08B583
:10FC200000F0C6FABDE808400120FDF7BFB90000AA
:10FC300000B56248624C634E89B006F05BFB624BD4
:10FC40001B68986806F008FE20684FF0FF3202A992
:10FC5000F2F78CFE012840F0AC809DF80C30052BAB
:10FC600000F29F80DFE803F003381A2795991022ED
:10FC700000210DEB020006F0EFFC04A9042001F0C6
:10FC80006FFEFDF73DFE20B1DDE9040101F01CF837
:10FC9000DAE7DDE9040100F01FFCD5E7FDF730FEEF
:10FCA00018B9029800F094FBCEE702980028CBD058
:10FCB000F2F7ACFBC8E7FDF723FE30B1207900383E
:10FCC00018BF012000F0E8FFBEE72079003818BF18
:10FCD000012000F0BDFBB7E7029B2579E3B9002DB9
:10FCE000B2D0FDF70DFE002850D001F02BF8002215
:10FCF00036491046F1F702FB4FF40C7200213448EC
:10FD000006F0AAFC334B002201210320FDF706FF79
:10FD10000220FFF779FC97E7002D95D12A460121B3
:10FD200003203346FDF7FAFE284929480122F1F75E
:10FD3000E5FA30B101220090274B11462846FDF725
:10FD4000EDFE2379002B3FF47FAF0120FFF75CFC31
:10FD5000FDF7D6FD237998B1181E18BF012001F0D8
:10FD60003FF81E4B0FCB04AD85E80F00284600F08E
:10FD700019F910B12846FBF7EBFF00F091FA63E7A1
:10FD8000181E18BF012000F0EFFBEAE700F0E6FBC9
:10FD9000ADE7029800F0D6F956E70298FFF73FFF6B
:10FDA00052E70122009311460D4B0020FDF7B6FEED
:10FDB0004AE74FF47A70F3F76DFC45E771C801002C
:10FDC00054C7002084C80100A804002093C8010083
:10FDD00058C70020BAC8010096C801002C1A0200BA
:10FDE000CDC8010013B500F0C1FBFFF767FEFFF7B8
:10FDF00015FC194B00931948002301224FF47A7126
:10FE0000F4F796F8044640B94FF0500383F3118895
:10FE1000BFF36F8FBFF34F8FFFDEF3F71FFB4FF082
:10FE2000FF3302460093012100232046F4F7A4F893
:10FE3000082100220846F2F721FC094B186000282F
:10FE4000E2D00023CDE90033044906484FF4C872DC
:10FE5000F3F770F902B010BD89FE0000E3C801009D
:10FE600054C7002031FC00000146064808B54FF495
:10FE70007A7200230068F2F727FC431E584258416B
:10FE800008BD00BF54C7002007B500236846009393
:10FE90008DF80430FFF7E8FF03B05DF804FB0000C5
:10FEA000024B1879003818BF0120704754C7002052
:10FEB00030B503782D2B06D101304FF0FF34431EAF
:10FEC00000210A2506E02B2B00D101300124F6E7A2
:10FED00005FB012113F8012F303AD0B20928F7D9D8
:10FEE00004FB01F030BDF7B5002405460E46174669
:10FEF0008DF803400194331B012B0BDD9DF803307B
:10FF00000A2B07D001AB01220DF103013846F1F7AE
:10FF100013FB10B14CB9254609E0019B012BF9D127
:10FF20009DF803302B550134E5E700232B55284677
:10FF300003B0F0BD2DE9F341DFF864800D460646BD
:10FF40004146284614461F4607F0EAFAF8B9114917
:10FF5000204607F0E5FA38B93846FFF7A9FF706088
:10FF6000012002B0BDE8F0810B49204607F0D8FA25
:10FF700020B93846FFF79CFF3060F1E7CDE90084F7
:10FF80000122064B11461046FDF7C8FDE8E7CDE912
:10FF90000054F5E7E6C80100F6C8010001C90100F8
:10FFA000FFBC010070B505464FF40A70F2F7A4F9E2
:10FFB000044650B90122124B1146FDF7AFFD002552
:10FFC0002046F2F723FA284670BD0E490122F1F7C8
:10FFD000CFF920B10C4B012211460020EDE70B4A6E
:10FFE0000B482B462146F4F709FC08B1094BF2E710
:10FFF0002046F1F789FC08B1074BECE70125DFE764
:020000021000EC
:100000002EC9010025C901004FC9010035FF0000BC
:10001000E7FE00006BC9010088C9010070B588B017
:1000200002AC0E46154600900B4A0C4B1721204699
:1000300008F00AFB324621462846F1F799F948B103
:1000400001220020064B00941146FDF767FD0020B9
:1000500008B070BD0120FBE7A6C90100E42F020033
:10006000ACC901001FB5154A0121FFF7D7FF0446AF
:10007000B8B11349342203ABA1F50A700392F1F72A
:100080005BFA04460D48F1F73FFC039B64B9342B3F
:100090000AD10B48FCF76BFF00F001040748F1F7A9
:1000A00033FC204604B010BD0122CDE900430020FE
:1000B000044B1146FDF732FD0020EDE7CCC90020CE
:1000C000F4CB0020CAC9010030B58DB004460090C1
:1000D000164B022000220121FDF720FD2046FFF7EC
:1000E000C1FF38B90122124B11460DB0BDE83040B6
:1000F000FDF714BD0F48214607F012FA98B10E4BD8
:100100000E4A009303AD103B2321284608F09CFAC9
:10011000012102200A4B00950022FDF7FFFC294631
:100120002046FCF797FF0DB030BD00BFF8C90100B5
:100130001FCA0100DC2F020014CC0020B2BA01005B
:100140003DCA0100F7B5174D044629461648F1F798
:10015000EFFB60B10122CDE90050144B11460020A5
:10016000FDF7DCFC0CB10023237003B0F0BD0E4D95
:10017000FCF796FF05F12C0705F135060A483946CC
:10018000F1F71FFC50B995F835303BB195F8343094
:10019000DB06F3D43046FFF797FFEFE70248F1F7AD
:1001A00001FCDFE7E42F020088C900204DCA0100EE
:1001B0002DE9FF4780464FF40A70F2F79DF8064696
:1001C00098B9002425463046F1F79EFB2846F1F702
:1001D0009BFB3046F2F71AF92846F2F717F920464A
:1001E00004B0BDE8F047F2F711B94FF40A720021EC
:1001F00006F032FA4FF40A70F2F77EF8054600284E
:10020000DFD04FF40A72002106F026FA4FF40060A6
:10021000F2F772F804460028D5D032460121404654
:10022000FFF7FCFE0028CED019482A460A21FFF726
:10023000F5FE0028C7D04FF000094FF4006A03AB69
:100240004FF4006221463046CDF80CA0F1F774F966
:1002500038B1104B0090012211460020FDF75EFCE2
:10026000B1E7039A5AB103AB21462846F1F722FAC7
:1002700010B1094B0090EEE7039B9944DFE7CDE90D
:100280000089064B01210220FDF748FC9BE700BFD7
:10029000DC2F020074CA010093CA0100B2CA010037
:1002A00030B5154D154889B0F1F79EFC2846FFF78B
:1002B000D9FEF0B14FF40040FCF759FEC8B14FF43D
:1002C00000431A6B0E4BD3F89C329A4211D102AC08
:1002D0000A4B0C4A00951721204608F0B5F9022078
:1002E000094B009400220121FDF718FC2046F1F78C
:1002F0001FFC09B030BD00BFDC2F0200E42F02005C
:1003000088C90020A6C90100E9CA01000B4A92F879
:10031000481289B192F8493203F18A000133DBB205
:10032000072B01F1FF3188BF002352F8200082F82B
:10033000481282F8493270470846704728CC00209E
:1003400013B5044610B9002002B010BDFF2108F01B
:1003500011FB01AB0246019021460748F1F7AAF9CB
:100360000028F0D10549044801AB0122F1F7A2F9B8
:10037000B0FA80F04009E7E728CC00206DC6010004
:1003800013B560B10D48F1F72FFC10F0F70408D059
:1003900001220B4B009011460020FDF7BFFB02B07D
:1003A00010BD084908483222F0F7E2FF0028F6D0D5
:1003B00001220090054B11462046EEE71DCB0100BF
:1003C00022CB010048CB010028CC002053CB0100F8
:1003D00070B5054698B31D4C94F8486286B194F800
:1003E000480220B194F849328A3354F82300FFF7C9
:1003F000A7FF28B1FFF78AFFF2F708F8013EEED118
:100400002846FFF79DFFD8B994F84832072B03D947
:10041000FFF77CFFF1F7FAFF94F84A3203F18A0202
:100420000133DBB244F8225094F84822072B02F142
:10043000010288BF002384F8482284F84A3270BD44
:100440002846BDE87040F1F7E1BF00BF28CC00208E
:1004500070B58CB0002836D01C4B1D4E00220121F7
:100460000320FDF75BFB1B48F1F7FBF91948F1F797
:100470004BFA06A8FBF798FC079D2C46002C0FDAD8
:100480001821134A6B1C0DEB010008F0DDF806A8DB
:10049000F1F74EFB01200CB0BDE87040FFF770BFD4
:1004A000234632461821684608F0CEF81821631C0E
:1004B00032460DEB010008F0C7F806A96846F1F7CF
:1004C0001AFC013CDAE70CB070BD00BF73CB010031
:1004D00088CB010028CC00202DE9F3411E4CD4E943
:1004E0009432093342F1000283428A4105460E46A6
:1004F00004DA2046F1F7B5F9C4E99456D4E99687B1
:100500006846FBF751FC009B13EB080847EBE377C9
:10051000454576EB07071BDB00270323684600975A
:100520008DF80430FFF7A0FC90B1384605F0FCFFD1
:10053000804668460F46FBF737FC009A4046D317C3
:10054000394604F031FBAD1A66EB0306C4E9965652
:1005500002B0BDE8F08100BF28CC00200148F1F7CF
:10056000D3B900BF28CC0020FFF70ABF08B5074B5E
:10057000002118464FF4187206F06EF84FF0FF3164
:1005800003464FF00040C3E9960108BD28CC002087
:100590002DE9FF470546884661B3DFF8B0A04FF468
:1005A0001C7444430AEB040797F88392B9F1000FD7
:1005B00020D001F01EF80126FF21404687F8846212
:1005C00008F0D8F91834544402460390414603AB6E
:1005D0002046F1F76FF8804690B100903146184BF5
:1005E00032460020FDF79AFA002187F88412284647
:1005F00001F000F84FF00009484604B0BDE8F0876C
:100600001049DDF80CA003AB32462046F1F752F852
:1006100050B1009031460C4B32464046FDF77EFA11
:1006200087F884824146E2E7039987F884025144BF
:10063000284600F0E6FF3146284600F0DBFFDBE706
:1006400094CB01006DC60100BACB010088CE00201A
:1006500013B50446002005F067FF104B83424FF0AE
:1006600000038B41CDE9000108DB0D490A22204639
:1006700006F040FC0023A37202B010BD684606F0ED
:100680001BFC03460028F0D04269643A642AECD887
:10069000044A0B21204607F079FFEDE77F436D38D0
:1006A000E3CB0100ECCB01002DE9F0430746BFB0DE
:1006B00019B3A84C237803B3606808B34FF47A7178
:1006C000F2F7E2F9411E4E424E414FF41C751EA84E
:1006D0007D43FFF7BDFF631993F88332C3B305F57C
:1006E0001E7121441EA806F01BFF034650B926B117
:1006F00060681A461946F1F7E7FF3FB0BDE8F0839E
:100700000646E2E7183525442846F1F7AAF8804660
:100710002846F1F7F9F80546B8F1000F07D0012295
:100720008D4BCDF8008011460020FDF7F7F935B16B
:1007300001228A4B009511460020FDF7EFF94FF496
:100740001C7303FB0743002283F8832283F884226F
:100750006378BBB18248F1F747FA10F0F70F21D068
:10076000012200907F4B11460020FDF7D7F9002EA3
:10077000C3D0002360681A4619463FB0BDE8F04375
:10078000F1F7A2BF784D2846F1F72EFA60B108289C
:100790000DD00122CDE90050744B11460020FDF729
:1007A000BDF9E4E7724DEEE7384600F02CFF0CA9E6
:1007B0002846F1F730F950B99DF83830DA0706D5F8
:1007C0000122CDE9005311466A4BFDF7A7F94FF41A
:1007D0001C757D4305F51E78A0444046FFF738FFA1
:1007E000404605F0CDFE07280DF1240947D905F54F
:1007F0001F72224405F27E230092CDF804805E4AE7
:1008000023440921484607F01FFF5C4B5C4A5D49C1
:10081000002F08BF1A466378CDE90192002B544A95
:10082000594B08BF0B4600934FF030014E4B12A8B6
:1008300018BF1346554A07F007FF0CA912A8F1F795
:10084000EAF8183525448046362212A92846F0F7E2
:100850008FFD082804D1322212A92846F0F788FD1E
:10086000A8B112AB0122019000931146484B002021
:10087000FDF754F9002E3FF440AF002338E7454A16
:1008800010685168127A4B4603C31A70BDE74FF4E3
:100890001C7303FB0743012283F88322B8F1000F86
:1008A00035D193F8853293BB404605F03DFECDE946
:1008B000060106A806F000FB0346002845D0364A8C
:1008C00080211EA807F062FE1EA805F059FE05ABA8
:1008D00002461EA92846F0F7EDFE50B92F4905AB98
:1008E00001222846F0F7E6FE18B92846F0F7B9FFCE
:1008F00030B1012200902A4B11460020FDF70EF97D
:100900004FF41C7303FB0743012283F885224FF445
:100910001C7303FB07430025384683F8845200F01C
:1009200071FE61781F4A174BA94218BF1346019305
:1009300012AB00932A461C4B01210320FDF7EEF871
:10094000002E3FF4DAAE2B46D2E618491EA805F079
:1009500003FAB9E788CE002015CC010047CC01008E
:100960006DCC010075CC0100F3CB01009CCC0100E3
:10097000FBCB0100C5CC0100F3CC01009CD00100F1
:10098000A1D001006EC60100CCC6010000CD01005F
:100990000BCD0100D2CD01002ECD01006DC60100AE
:1009A0008DCD010008CC0100B9CD01005CCD010066
:1009B0002DE9FF412B4C23780646002B4FD0FFF743
:1009C0006FFA054600284AD04FF41C7707FB06470C
:1009D00001A807F51E77FFF73BFE394601A806F090
:1009E0009FFD00283BD0A068D8B14FF47A71F2F790
:1009F0004BF8012833D101A8FFF72AFE394601A898
:100A000006F08EFD18B1237C03F0FF085BB135B30F
:100A10000023A0681A46194604B0BDE8F041F1F77A
:100A200053BE0546E7E730460127277400F0E7FD8F
:100A3000032301A8CDF804808DF80830FFF714FADD
:100A400030B1FFF72DFA18B139463046FFF72CFECA
:100A5000304600F0D5FD00232374002DD9D104B019
:100A6000BDE8F08188CE00202DE9F74305460E460B
:100A700021B101280DD90846F1F7C8FC0122CDE9C2
:100A80000065804B11460020FDF748F803B0BDE833
:100A9000F0837D4C94F80090B9F1000F05D13046F9
:100AA00003B0BDE8F043F1F7B1BCFFF781FF606828
:100AB000002850D14FF000094FF41C7707FB054781
:100AC00097F8603293B3E06880B34FF47A71F1F72E
:100AD000DBFF01282AD197F86022002A60D097F81E
:100AE00061329C2101FB05310133DBB29031082BCF
:100AF00028BF0023013A54F8218087F8602287F844
:100B000061320023E0681A461946F1F7DDFDB8F1BD
:100B1000000F0BD041462846FFF73AFD00283BD195
:100B20004046F1F773FC594805F0E4FB314628468E
:100B3000FFF72EFD0346A8B33046F1F767FCB9F185
:100B4000000FA3D0002360681A46194603B0BDE821
:100B5000F043F1F7B9BD4FF47A71F1F795FF012831
:100B6000AAD06368002BA5D000F06AFC074658B3F2
:100B700000F0A0FC40BB6068E8B900273146284679
:100B8000FFF706FD0346002870D03046F1F73EFC23
:100B9000002F3FF47BAFD5E74046F1F737FC92E7F3
:100BA0009046AEE7B9F1000FDED00246014660681C
:100BB000F1F78AFDD8E74FF47A71F1F765FF012864
:100BC000DCD06368002BD8D0E068002856D04FF402
:100BD0007A71F1F759FF012850D14FF41C7707FBC8
:100BE000054797F86032072B1ED9294805F082FB8C
:100BF000284600F001FD97F86012A9B197F861321C
:100C00009C2202FB053290320133DBB2082B54F8F0
:100C1000220001F1FF3128BF002387F8601287F816
:100C2000613208B1F1F7F2FB4FF41C7202FB05428E
:100C30009C2192F8623201FB05319031013344F876
:100C4000216092F86012DBB2082B01F10101C9B2F8
:100C500028BF0023284682F8601282F8623200F032
:100C6000CAFC0023E0681A4619466FE7002FABD094
:100C7000024601466068F1F727FDA5E7054805F043
:100C800039FB0CE7DBCD010088CE002024CE01002B
:100C90005CCE01008CCE010008B580B1084B1B78FA
:100CA0006BB1084B002201210320FCF737FF002025
:100CB000FFF77EFEBDE808400120FFF779BE08BDC2
:100CC00088CE0020C7CE0100F7B51C4C237805461E
:100CD0000E4683B30027D4E99A32043342F100026E
:100CE000AB42B24113DA94F8833273B104F11800C5
:100CF000F0F7B7FD30B101220090114B11460020F2
:100D0000FCF70CFF384600F079FCC4E99A5604F56C
:100D10001C7477B10020FFF74BFE0120FFF748FE5F
:100D200000F06BFC00F070FC03B0BDE8F04000F098
:100D300033BC0127CFE703B0F0BD00BF88CE002051
:100D4000DECE01002DE9F341224D2B78002B3ED061
:100D5000686800283BD04FF4FA61F1F795FE01284E
:100D600035D12C464FF0000894F88332F3B104F1EA
:100D700018063046F0F775FD07463046F0F7C4FD1B
:100D8000064637B10122144B009711460020FCF7AC
:100D9000C5FE36B10122114B009611460020FCF72A
:100DA000BDFE002384F8833284F8843204F51C7479
:100DB000B8F1000F08D0002368681A46194602B03F
:100DC000BDE8F041F1F780BC4FF00108CCE702B07C
:100DD000BDE8F08188CE002003CF010037CF0100AD
:100DE000074B1B7810B504464BB101460020FFF7B6
:100DF0005BFC21460120BDE81040FFF755BC10BD4B
:100E000088CE0020012838B505460C4611D891B18E
:100E10000A4B1B7823B92046F1F7F8FA012038BDB8
:100E2000FFF73EF80028F6D021462846FFF71CFEC3
:100E3000F4E70020F3E70846F1E700BF88CE002082
:100E400038B52B4D4FF49C620021284605F004FC78
:100E50000120F1F7D9FC45F8140C0120F1F7D4FC7E
:100E600045F8100C0120F1F7CFFC55F8142C45F88B
:100E70000C0C0023A5F11804237402B3A268F2B18C
:100E8000E8B14FF000404FF0FF3104F59C62C4E937
:100E90009C01C2E9000184F88332A4F8843284F80A
:100EA000F334A4F8F43400F09FFA00F0A1FB01231E
:100EB000104825F8183CBDE8384005F01BBA0E482C
:100EC00005F018FA606818B1F1F7C0FE00236360FE
:100ED000A06818B1F1F7BAFE0023A360E06818B16A
:100EE000F1F7B4FE0023E360002304482370E2E737
:100EF000A0CE00206CCF0100C0CF010018D00100AF
:100F00000128034610D8094A107870B14FF41C71BB
:100F100001FB032393F8843223B9107CC0B200F0A4
:100F2000010070470120FAE70020704788CE0020BA
:100F300010B5D0E91842D1E91803844272EB0301DD
:100F400005DBA0429341B4BF0120002010BD4FF04B
:100F5000FF30FBE737B505460C460C4801AA694649
:100F6000F0F77FFD78B9019B5A895B69023B5343D7
:100F7000C3F355032B60009B5A43C2F35502226012
:100F8000012003B030BD0020FBE700BF93C8010083
:100F900013B50E49044604F037FA38B90C49204617
:100FA00004F032FA80B9012002B010BD0020FFF732
:100FB000A7FF0028F7D00320064B00940022012150
:100FC000FCF7ACFD0020EFE70120F0E79BD001002B
:100FD000A0D00100A5D001002DE9F04F9BB07D4BC2
:100FE000079300247C4B059107460893A0460DF11A
:100FF0001C0B5BF828A00FA85146F0F799FC0028BD
:101000006AD109A90FA8F0F7DCFC002861D19DF88E
:101010002D30002B5DD0522B14BF0DF12D050DF19D
:101020002E05284605F0ACFA0B28EAD96B1EE91DFF
:1010300013F8012F303A092AE3D88B42F8D12B7AE2
:101040002E2BDED109356549284604F0DDF98542AD
:1010500005D06349284604F0D7F98542D1D1059BD4
:101060000DF12D06002B48D05E49304604F0CCF936
:101070000028C6D0702505FB04751F22314628467E
:1010800005F038FF0023EB77574A0096534640217E
:1010900005F1200007F0D8FA9DF82D30522B14BF2F
:1010A000B1460DF12E09484605F06AFA072826D800
:1010B0000122CDE900604D4B11460020FCF72EFDCA
:1010C00000231A460134C5E91832642C099BAB662B
:1010D00097D10FA8F0F766FCB8F1000F03D1642C8C
:1010E0004FF0010885D13846414B7022214604F06B
:1010F000A9FA20461BB0BDE8F08F3E49B5E70023B2
:1011000019F80320A2F13000092809D90092012220
:10111000CDE901361146384B0020FCF7FFFCCFE744
:101120000133082BECD199F8002099F8013099F897
:10113000030099F804C099F807100A26303A303BAA
:1011400006FB023399F802203038303A06FB0200E1
:1011500099F805204FF0640E303AACF1300C0EFBDC
:1011600002F24FF47A7E0EFB0C2299F806C0ACF125
:10117000300C303906FB0C220A44591E1E2906D8B1
:10118000411E0B2903D8A2F2E4714F290CD90DF1AD
:101190002D01CDE902210122CDE900301146174B86
:1011A0000020FCF7BBFC8BE7A2F5FA62911040F23D
:1011B0006D1606FB0212124E0121884204D113441F
:1011C000104A5343DA177DE756F804CB01316244E5
:1011D000F3E700BFF5CB0100FDCB01009CD001007F
:1011E000A1D001009BD00100A6C90100D4D001000C
:1011F000310F0100A0D0010025D1010073D1010001
:10120000E82F0200805101002DE9F043ADF52F5D7C
:1012100083B00646012102A8FFF7DEFEB04257D98F
:101220000024DFF8B890851B02AFA0463846FFF7D0
:10123000AFFE60B107F12000F0F77AFC024630B94A
:1012400000974B4601210220FCF768FC013408F1AD
:101250000108454507F17007E8D1002102A8FFF712
:10126000BBFE86421CD2DFF87890871B02AD4FF0A0
:1012700000082846FFF78CFE60B105F12000F0F76A
:1012800057FC024630B900954B4601210220FCF77D
:1012900045FC013408F10108474505F17005E8D126
:1012A00074B10C4B0121CDE9004600220220FCF76D
:1012B00035FC094B596919B10022002320468847A3
:1012C000B4FA84F040090DF52F5D03B0BDE8F0835A
:1012D0000024C2E7F2D1010068040020B5D101006A
:1012E000D2D101002DE9F04FADF52F5D83B08046DE
:1012F000002005F019F9374B03FB08F3C71A61F119
:10130000000902A80121FFF767FE02AD4FF0000AB5
:1013100083462E465446D3451FD1002102A8FFF72D
:101320005BFE00268246B24536D174B12A4B0121BC
:10133000CDE9004800220220FCF7F0FB274B596959
:1013400019B10022002320468847B4FA84F04009EE
:101350000DF52F5D03B0BDE8F08FD6E91823012A03
:1013600073F1000114DBBA4273EB090310DA304663
:10137000FFF70EFE60B106F12000F0F7D9FB024640
:1013800030B9174B009601210220FCF7C7FB01344E
:101390000AF1010A7036BEE7D5E91823012A73F174
:1013A000000114DBBA4273EB090310DA2846FFF799
:1013B000EFFD60B105F12000F0F7BAFB024630B94D
:1013C000084B009501210220FCF7A8FB01340136EF
:1013D0007035A8E78051010063D201006804002045
:1013E0002CD2010046D2010010B5064C012300208A
:1013F000237005F099F8C4E90201BDE810400248E5
:1014000004F078BF6804002099D2010010B50446AA
:10141000FEF746FD20B12046BDE81040FFF762BF51
:101420004FF0FF3010BD10B50446FEF739FD20B176
:101430002046BDE81040FFF7E7BE4FF0FF3010BD7B
:101440001FB503A902A8FFF785FD044640B9012294
:10145000144B1146FCF762FB0024204604B010BD7B
:10146000039BB3F5A05F09D2029ACDE900320122B5
:101470000D4B11460020FCF751FBEEE7B3F5205F62
:1014800007D2029ACDE90032084B012211461046DC
:10149000F1E7B3F5A04FDFD2029ACDE90032044B59
:1014A000F3E700BFB5D20100D0D2010002D30100A2
:1014B00033D301001FB501221146124B0020FCF767
:1014C0002DFB0220FFF7AFFF03A9044602A8FFF798
:1014D00041FD60B1039B0093B3F5A05F0AD20122E6
:1014E000094B11460020FCF719FB6FF00104204660
:1014F00004B010BD054B002201210220FCF70EFBB9
:10150000F5E700BF5FD301008CD30100BED301001B
:101510001FB503A902A8FFF71DFD78B3039BB3F520
:10152000A05F0BD2012200931146184B0020FCF75C
:10153000F5FA05B05DF804EBFFF7BCBFB3F5205F2B
:101540000CD2012200931046114B1146FCF7E6FA2B
:10155000052005B05DF804EBFFF765BFB3F5A04FBC
:1015600011D2009300220B4B01210220FCF7D6FA86
:10157000072005B05DF804EBFFF748BF6FF00200ED
:1015800005B05DF804FB0020FAE700BFECD30100D2
:1015900015D401003DD4010037B5144C237813B3A2
:1015A000002004F0C1FFD4E902232569821A61EB0F
:1015B0000303AA4273F1000302DA002003B030BD36
:1015C000C4E90201FFF7A4FF0028F7D16846FAF743
:1015D000FBFB0198431EB3F5B67FEED203B0BDE826
:1015E0003040FFF713BF6FF00200E7E76804002008
:1015F0007047704770477047704770477047704733
:1016000070477047704770477047000070B5114CC5
:1016100023789BB94FF08043592516208821C3F8C1
:101620000051C3F80001C3F80011D3F80021002ACB
:10163000F5D00720F4F7F2F901232370BDE87040DC
:101640004FF000534FF0FF324FF030614FF0404009
:10165000F4F748BB80D30020114B1A6822F04052A7
:1016600030B51A601A6842F000521A6021F0030285
:101670000446024494420BD11C6824F040541C6080
:101680001C681C6021F003028A4205D3D86830BD73
:1016900054F8045B5D60EDE7845C5C600132F3E765
:1016A00000100340F3F77EBCF3F780BC0130F1F784
:1016B000F1BF000037B504466846F2F72DF9019BEB
:1016C00000204FF47A72B3FBF2F1451802FB11339C
:1016D00025600449009D65604B43B3FBF2F3A360B2
:1016E00003B030BD40420F0038B5334D2A78002A90
:1016F0005CD14FF08043D3F8003143B94FF0500331
:1017000083F31188BFF36F8FBFF34F8FFFDE2B483A
:101710004FF23F01F4F7FAFB284803224FF47C61B3
:10172000F4F7F4FB264B4FF478629A640220F4F746
:101730006DF90220F4F788F90028FAD0214A224CEA
:10174000936843F002039360D4F8003143F00E0332
:10175000C4F800314FF00733C4F808311B4BC4F80C
:1017600004310020F4F75CFD10BB01232B70184BF3
:101770001B686268D50102D501308342F9D24FF06F
:101780008042D2F8F421D40703D40F4A4AF66511F7
:1017900051600D4A5168C90302D401308342F9D225
:1017A000536943F4807343F001035361002038BD53
:1017B0004FF0FF30FBE700BF81D3002040410040E5
:1017C00000410040000200400010044000000307F8
:1017D0002C0000206FF4F66C2DE9F043904600EBEE
:1017E0000C02002AB8BFA0F2AE726FF06305A0F23F
:1017F0006D7494FBF5F46FF4C86504EBA2044FF428
:10180000C87E42194D1E92FBFEF21444214A32F961
:10181000155040F26D19EA17C0FB095215EB080587
:1018200042EBE872651942EBE4721B4C2C1962F131
:10183000000C0229DDE9077611DD81070FD14FF099
:10184000640890FBF8F108FB110121B990FBFEF14F
:101850000EFB110018B9114C2C1962F1000C182262
:10186000A4FB020102FB0C11C0184FF03C0241EB3B
:10187000E371A0FB0203C01902FB013343EBE773E2
:10188000A0FB020102FB0311801941EBE671BDE8E8
:10189000F08300BF183002003507F5FF3607F5FF6B
:1018A00070B51C46154600232B4A03F0CDF900F510
:1018B000382101F6191100F52F20284B00F66C2075
:1018C0008900B1FBF3F148F6AC63013903FB110366
:1018D000A3EB910303F5B77040F2B5568000B0FB5F
:1018E000F6F06426013806FB0101296040F26D160E
:1018F000810806FB00115B1A992003EB830102317A
:101900000133B1FBF0F12160414302310520B1FB0D
:10191000F0F15B1A049905980B602368D91C0C2917
:10192000C3BF093B23602B682160C4BF01332B6018
:101930004FF46161B2FBF1F30360069801FB1323DE
:101940003C21B3FBF1F30360B2FBF1F301FB132283
:10195000079B1A6070BD00BF80510100B13A0200C0
:101960002DE9F04F012887B00F4657D1FFF7BCFE95
:1019700020B104F097FF8623036056E0334EF0F762
:1019800071FBB3693569F468F0F78CFBC5F303426A
:10199000D6F814B0C5F303500A2602F5FA62C5F36F
:1019A000003116FB0020C5F30322C4F30153C4F336
:1019B000034A16FB01211BF0010FC5F3011205F0CC
:1019C0000F05C4F30239C4F3032CC4F3021E04F060
:1019D0000F0816FB025216FB03A31AD10A25142B7B
:1019E00015FB09CC88BF143B15FB0E85CDE900C55E
:1019F000FFF7F0FE164ECDE90201C4F3066474430E
:101A00000A23B4FBF3F40494B7B9002007B0BDE88F
:101A1000F08F16FB09CC16FB0E85E7E7042807D1EB
:101A200002A8FFF747FE0028EED04FF0FF30EDE7A9
:101A300004F038FF16239FE7DDE90223C7E90023FE
:101A4000049B4FF47A725343BB60DEE700100440FE
:101A50002D310100F0B501288BB0054604D119B134
:101A60008A681A4B9A4207D904F01CFF16230360B8
:101A70004FF0FF300BB0F0BDD1E90067FFF734FE47
:101A8000044608BB09AB039308AB029307AB019371
:101A900006AB009304AA05AB30463946FFF700FFBA
:101AA0000498642390FBF3F203FB120000F5FA6044
:101AB000DDE905122346F4F7D3FBDDE908120798A8
:101AC00000942B46F4F7F4FB0020D3E700CA9A3BBE
:101AD0001FB5044669460120FFF742FF431C01D0B1
:101AE00014B9002004B010BDDDE90023C4E90023CF
:101AF000029B4FF47A7293FBF2F3A360F1E708B50F
:101B0000F0F700FA08BD0B680068984284BF03F53F
:101B1000C333A133181A106070471FB50190FFF747
:101B2000EEFF03AA0390114601A8FFF7ECFF039B09
:101B30000A20584305B05DF804FB032000F068BD9F
:101B4000022000F065BD012000F062BD002000F021
:101B50005FBD00004FF0804210B5136C084C23F0BD
:101B6000704343F0404320461364F3F757FF204689
:101B70000022BDE810404FF48071F3F7F7BE00BFBC
:101B8000130090A210B5012104460C48F3F7BCFAEB
:101B90000A480121F3F7ADFA7CB122463223002135
:101BA0000648F3F723FA05480121F3F79FFABDE849
:101BB000104002480121F3F7A1BA10BD00B0054062
:101BC0000C4B1A78013A072A07D8DFE802F004071D
:101BD000090B0D0F110D05221A7070470322FBE748
:101BE0000422F9E70022F7E70122F5E70722F3E7ED
:101BF0000822F1E784D30020014B00221A707047BD
:101C000084D3002008B5FFF7DBFF0248BDE8084099
:101C100000F0AFBD1D1C0100FFF7F4BF30B58DB063
:101C2000F3F7C0F9F2F7C2FEFF2500210123274C8C
:101C30000095084640F22712CDE901337F23F3F7E0
:101C400047F8234800F02EFDA37A0193637A0093AE
:101C5000237A204A1E2104A806F0F6FC2378053BCF
:101C6000032B03D80021284600F046FD04A90120DB
:101C700000F028FDFF21002000F03EFD637B019372
:101C8000237B0093E37A144A142104A806F0DCFCB9
:101C90002378013B032B03D80021FF2000F02CFD0B
:101CA00004A9032000F00EFDFF21002000F024FD18
:101CB00022783AB9094B114609480DB0BDE83040C9
:101CC00000F078BC074B084A0849F5E784D30020A8
:101CD00064D4010073D401008AD40100F03C0200F6
:101CE000303D0200D03C0200103D0200B03C02003A
:101CF00000B500208BB004F017FC09AB039308ABD0
:101D0000029307AB019306AB009304AA05ABFFF760
:101D1000C7FD049A094B642192FBF1F001FB1022EC
:101D20001A72059A5A72069A9A72079ADA72089A81
:101D30001A73099A5A730BB05DF804FB84D3002020
:101D4000074A13780BB900F011BB03F0FB03012B1A
:101D500004D100230348137000F00BBD704700BF8F
:101D600084D300201D1C010008B50D4A1378991E6C
:101D7000022913D9063B022B10D9937B0133DBB226
:101D8000042B08D900239373FFF7B2FFBDE8084086
:101D9000044800F0EEBC9373002BF5D008BD00BFE3
:101DA00084D300201D1C010010B5344A1378023B77
:101DB000062B60D8DFE803F04A51585F040E150087
:101DC000137A2F492F4853606323002200F0C8FE86
:101DD000012010BD537A536029492B480C2301225E
:101DE000F4E7517A907A0C2926D801238B4041F2EE
:101DF000AA54234222D113F4256321D1022916D1FA
:101E0000117A01F5FA6389071CD16424B3FBF4F15C
:101E100004FB113189B2B9B94FF4C871B3FBF1F4C5
:101E200001FB14339BB2002B0CBF1D231C235060FD
:101E3000134916480122C9E70023F8E71F23F6E7F4
:101E40001E23F4E71C23F2E71D23F0E7D37A536047
:101E50000B490F4817230022B8E7137B536008494A
:101E60000C483B230022B1E7537B536004490A48E6
:101E70003B230022AAE70020ABE700BF84D3002069
:101E800088D300209FD40100AAD40100B6D4010059
:101E9000C0D40100CBD40100D8D4010008B50B4B4D
:101EA0001A784AB905221A70FFF77EFF60B9BDE8BB
:101EB0000840074800F05DBC052A01D10622F2E780
:101EC000012AF1D10222EEE708BD00BF84D3002031
:101ED0001D1C010010B5254C237886B023B9FFF7EF
:101EE00007FF234800F02CFC2378023B062B3BD84D
:101EF000DFE803F03134373A042B2E006368237295
:101F0000FFF75EFE207A6423B0FBF3F203FB1200BE
:101F1000637B0193237B0093C0B2E37AA27A617A58
:101F200000F5FA60FFF756FC0023CDE9020102A993
:101F300001200493FFF78EFDFFF736FFA0B90C4890
:101F400006B0BDE8104000F014BC63686372D7E7C8
:101F50006368A372D4E76368E372D1E763682373AD
:101F6000CEE763686373CBE706B010BD84D300206F
:101F70001D1C01000048704770470200064AD369E3
:101F80000BB900F0F3B9013B042B28BF042303482D
:101F9000D36100F0EEBB00BF98D300202D200100DC
:101FA00000B510498DB0022000F08CFB0E4A918CD8
:101FB000138CA1F500410191528CA2F50042A3F5CA
:101FC000004300922821094A02A806F03DFB02A91D
:101FD000032000F077FB0649042000F073FB0DB0EE
:101FE0005DF804FBE5D4010098D3002007D501007B
:101FF00025D5010008B50949022000F063FB084916
:10200000032000F05FFB0749042000F05BFBBDE804
:1020100008400549052000F055BB00BF3CD5010034
:1020200061D5010089D50100AFD5010070B58EB032
:10203000F2F7B8FFF2F7BAFCFF24002101230025D4
:102040000846CDE90133184E00947F2340F2271251
:10205000F2F73EFE154B164A01940321022000952B
:10206000F2F702FF134CF36954F833200192052272
:10207000013300922821104A04A806F0E5FA04A9C9
:10208000284600F01FFB0D4B0D482A46294600F05C
:1020900091FAF36904EBC30463681BB10EB0BDE8A9
:1020A000704018470EB070BD98D300203C0000204F
:1020B000CBD50100A8470200E6D50100D03C0200C4
:1020C000303D020030B5164C8DB000F01DFB4120B4
:1020D000A58EFCF7F9FBA5F50045A0F500402B46C1
:1020E000104A0090282102A806F0AEFA02A90320A7
:1020F00000F0E8FA628D238D1344A28D1A44E38D1B
:1021000013449B08084AA3F50043282102A806F0BF
:102110009BFA02A9042000F0D5FA0DB030BD00BF33
:1021200098D30020F1D5010012D6010008B504496A
:10213000022000F0C7FABDE80840FFF7C3BF00BFA8
:1021400023D6010008B50449022000F0BBFABDE81F
:102150000840FFF7B7BF00BF3ED6010008B50449ED
:10216000022000F0AFFABDE80840FFF7ABBF00BFA8
:1021700057D60100024B03480022DA6100F0E0BAB2
:1021800098D300202D20010010B5144C144BE269A7
:1021900003EBC203134A5B68934202D0124A934294
:1021A00017D1FBF741FB236BA08603F11402013327
:1021B000042B24F812000D4A28BF00232363137850
:1021C00083F0010111703BB1BDE81040084800F0F8
:1021D000D0BA084A9342E4D010BD00BF98D3002083
:1021E000A84702005D2101004521010094D3002091
:1021F0002D2001002D21010038B5234C234DE3692A
:1022000005EBC3035A68224B9A4203D101210920EE
:10221000FCF748FBE36905EBC3051E4B6A689A426D
:102220001BD0618D238D0B44A18D1944E38D0B448C
:1022300019498A42C3F38F031AD12384022109204A
:10224000FCF730FBE36915480133052B28BF002359
:10225000E361BDE8384000F08CBA10210920FCF79A
:1022600021FB0F48FAF750F9BDE8384000F07EB87E
:102270000C498A4202D163840821E0E70A498A4274
:10228000E0D1A3840421DAE798D30020A847020014
:10229000F51F0100A11F01005D2101002D2001009B
:1022A000B8D30020452101002D21010000487047CE
:1022B0008C47020000B100477047000007B58DF859
:1022C0000000F1F7CBF80190044800231A46694654
:1022D000C06FF0F7F9F903B05DF804FBD4D3002028
:1022E0000420FFF7EBBF00001FB58DF80800F1F7E1
:1022F000BBF803900B480023C06F019301AA02A909
:10230000F0F794FA019B4BB14FF0E0234FF080526D
:10231000C3F8042DBFF34F8FBFF36F8F05B05DF887
:1023200004FB00BFD4D30020F0B40F4F97F87060C7
:10233000032E044615D80FCC1C2505FB06750FC5CA
:1023400094E8070085E80700C6EBC603013607EBF3
:10235000830287F8706057F82300BA67F0BCFFF774
:10236000A9BFF0BC704700BFD4D3002010B50F4CFC
:1023700094F87020A36F9AB113B15868FFF79AFFD1
:1023800094F87030013BDBB284F870301C22013BC2
:102390005343E218E058A267BDE81040FFF78ABF38
:1023A00013B15868A267F7E710BD00BFD4D300206F
:1023B000BFB5584C584E594FFAF7CAF9F2F7FAFD23
:1023C000D4F88050F1F74AF8002302460093012127
:1023D0002846F1F7D1FD01F0FDFAFFF7A5FF504DBA
:1023E000E06F04A94FF47A72F0F7C0FA01280146B1
:1023F00014D19DF81030042B54D0009300223346A2
:102400000320FBF78BFB9DF81030082BE8D8DFE8A2
:1024100003F00C0C0C0C494E53606D002B4600224F
:1024200001210320FBF77AFBDAE7A36F002BD7D05B
:10243000F1F714F8DDF814909DF810804845A0EBF2
:10244000090038BF00F1FF3040F2DC5398420CD94C
:10245000F1F704F80122CDE90190CDF800803B4668
:1024600011461046FBF75AFBBAE7B8F1030F08D93B
:102470004FF0500383F31188BFF36F8FBFF34F8F7B
:10248000FFDE40F6C410FFF77DFB0A20FFF70EF9D0
:102490000020FFF777FBA36F03EB8803D868FFF7F3
:1024A00009FF9DE7A36F002B9AD09868F7E701F02A
:1024B0009DFBFFF739FF93E7A36F002B90D0D3F874
:1024C000008001F093FB0368984589D1FFF74EFF28
:1024D00086E7A36F13B900F0F9F9EAE7D3F80080B3
:1024E00000F0F4F903689845F5D179E7A36F2BB9AB
:1024F00094F8703053B901F033FBDAE7D3F8008079
:1025000000F0E4F903689845F2D169E7002384F804
:102510007030F0E7D4D30020E0D60100F4D60100FB
:10252000C2D60100074A92F87030012B08D91C214D
:10253000023B4B430068D3581B1A5842584170471E
:1025400000207047D4D3002073B515460E461C46B4
:10255000024648B100234FF0FF0CCDE9003C6F214B
:10256000134B1D20F2F780FC4EB10023FF20CDE974
:10257000003032460E4B6F216120F2F775FC4DB1F1
:102580000023FF21CDE900312A46094B6F21AA2003
:10259000F2F76AFC4CB10023FF22CDE900326F2133
:1025A000034B2246FE20F2F75FFC02B070BD00BF75
:1025B0003400002073B50E4615461C4640B110236A
:1025C0004FF0000CCDE9003C6F221D21F2F7ACFC6E
:1025D00046B100201023CDE900306F22682130463B
:1025E000F2F7A2FC45B100211023CDE900316F22A2
:1025F000B3212846F2F798FC44B100221023CDE91C
:102600000032FE216F222046F2F78EFC02B070BD30
:1026100003280CD8DFE800F0020507090020FFF7C7
:1026200063BE0120FBE70220F9E70320F7E77047CC
:1026300013B5114CFFF78EFA4FF47F4300220821A7
:102640001020A4F87430F0F719F80C4BE067012261
:1026500000934FF47A7100230948F1F769FC0023D5
:10266000C4F8800007490848CDE900334FF4FA72F6
:10267000F0F760FD02B010BDD4D30020E1220100CC
:102680001AD7010024D70100B12301000520FFF76C
:1026900015BE0620FFF712BE0720FFF70FBE082069
:1026A000FFF70CBE07B50023FF21CDE9003102463C
:1026B000034B03210220F2F7D7FB03B05DF804FBC4
:1026C0003C00002007B50A4BC0EBC0000A464000A2
:1026D00093F875100191143093F87430009380B220
:1026E0000146044B0320F2F7BFFB03B05DF804FB87
:1026F000D4D3002034000020024B83F8740083F808
:1027000075107047D4D300201FB50C4A137883F09E
:102710000103002B13700CBFFF2200220123CDE91F
:1027200001330092062340F22712002140F22310C9
:10273000F2F7CEFA05B05DF804FB00BFD0D300205D
:1027400008B58047F2F72EFCBDE80840014600229C
:102750000120FAF719B810B58047F2F723FC0446B8
:10276000F2F724FC21460246BDE810400220FAF7A9
:102770000BB810B50446F2F715FCFAF71DF8A047A0
:10278000F2F710FCBDE81040FAF728B808B5F9F7E1
:1027900061FF074B186018B9BDE80840FFF7E6BDB8
:1027A0000448FFF7E6FFBDE808400348FFF7D3BF42
:1027B00058D40020FD270100BD2701001FB5F2F706
:1027C000F5FBF2F7F3F80123CDE901330021FF23F4
:1027D000009308467F2340F22712F2F779FA50233C
:1027E0000022CDE9003204481622C821F2F79CFBF2
:1027F00005B05DF804FB00BF303002002DE9FF4159
:10280000F2F7D0FBF2F7D2F801230021CDE9013332
:10281000FF230846009340F227127F23F2F758FA6D
:102820001B48FFF73FFF1B4B1E6800253446DCB9F1
:10283000012DCCBF4FF002084FF00308AC421DDA67
:10284000032C16D03046F9F71DFB0746F9F730FB8D
:1028500026EA00063846F9F73DFB014608EB04007E
:10286000FFF730FF0134E9E704F001031D44640879
:10287000DDE7094908F10300FFF724FF00231A46AA
:102880001946184604B0BDE8F041FFF793BE00BFFB
:1028900028D7010058D4002072D7010008B5F9F7F5
:1028A000D9FE074B1A68824208D018600548FFF726
:1028B00060FFBDE808400448FFF74DBF08BD00BFFA
:1028C00058D40020FD270100BD27010000487047B3
:1028D000D0470200054BD3E90412914201DA1A6194
:1028E00002E09A699142FADC704700BF5CD4002094
:1028F000044B1A78012A04BFD3E903211160002296
:102900001A7070475CD4002070470000034B044AE3
:102910009B690021084605F097BE00BF5CD40020EB
:10292000E0C8010008B5FFF7F1FF064B9B68C31A2A
:10293000013B01200A22002B00DC08BD5043013B73
:10294000F9E700BF5CD4002070B5144C2378012B4C
:102950001ED1FFF7E7FF0A21226992FBF0F595FBF4
:10296000F1F301FB13535E1C092B01FB00F392FBF7
:10297000F3F300FB03F308BF00264B43012806FBDB
:102980000033C4BF00FB15229B182361FFF7A2FF91
:10299000BDE870400248FFF7ECBE00BF5CD40020E9
:1029A000312A010070B5134C2378012B1DD1FFF79C
:1029B000B9FF0A25216991FBF0F696FBF5F205FBBC
:1029C0001262013A05FB00F391FBF3F300FB03F302
:1029D00048BF09226B43012802FB0033C4BF00FB40
:1029E00016115B182361FFF775FFBDE870400248C0
:1029F000FFF7BFBE5CD40020312A010038B50A4C75
:102A00002378012B0AD1FFF765FFA5680135A56082
:102A1000FFF77CFF854224BF0023A360BDE8384058
:102A20000248FFF7A6BE00BF5CD40020312A010097
:102A30002DE9F0418AB0F2F7B5FAF1F7B7FFFF25BB
:102A40000123CDE9013340F209125F23192123202C
:102A50000095F2F73DF900240223DFF8EC800094A2
:102A6000CDE9013440F209125F2319212320F2F746
:102A70002FF998F80030012B4FD1D8F8042032B14B
:102A8000CDE90045294B23212820F2F7EDF910224A
:102A9000202105A803F0E0FDFFF738FF244FD8F808
:102AA0001030244A0093044605ADC0F10F00FF2604
:102AB0002346C4F111012844002505F0C5FD3B461D
:102AC00005AA41212820CDE900568DF82450F2F7BF
:102AD000CBF9D8F80820B8880F32121B02F128036E
:102AE000CDE900650DEB030110FB02F0283011F871
:102AF000142C3B46412180B2F2F74CF9B88800957E
:102B00000134012310FB04F0CDE90133301A5623C0
:102B10003246194680B2F2F759F8074B074A08497E
:102B200008480AB0BDE8F041FFF744BD3C00002072
:102B300044000020CFBA0100F03C0200103D02002A
:102B4000B03C0200D03C02005CD40020024B0348A1
:102B500000229A60FFF7F4BD5CD40020312A010006
:102B600030B40C4C257895B9E160096860608A4200
:102B7000C4E905234FF00105B8BF0A4625709A4203
:102B8000D4BF2261236130BC0348FFF7CDBB30BC0A
:102B9000704700BF5CD40020EC470200014B0022CC
:102BA0001A60704778D40020044A05481368013B36
:102BB000032B28BF03231360FFF7DBBD78D400206D
:102BC000E12B0100044A054813680133042B28BF98
:102BD00000231360FFF7CDBD78D40020E12B010066
:102BE00030B585B0F2F7DEF9F1F7E0FEFF24002101
:102BF0000123CDE90133009408467F2340F22712D8
:102C0000F2F766F80F4B104A10491148FFF7D2FC53
:102C1000104B11491A6801940C235A4300248D1853
:102C20000E4B8A58009432211920F2F71DF94823DF
:102C3000A868019400931422D221F2F775F905B027
:102C400030BD00BFD03C0200103D0200B03C02008D
:102C5000303D020078D400202448020044000020C7
:102C600008B5064B1A68064B0C2101FB02335B6862
:102C70009847BDE80840FFF757BB00BF78D4002055
:102C8000244802000148FFF75BBD00BFE12B0100B3
:102C90000048704708480200FFF768BB1FB5F2F70D
:102CA00081F9F1F783FE0123CDE901330021FF23F0
:102CB000009308467F2340F22712F2F709F80348F1
:102CC00005B05DF804EBFFF7EDBC00BF5DD7010078
:102CD00010B590B0F2F766F9F1F768FE0124002113
:102CE000FF23084640F22712CDE9014400937F23D9
:102CF000F1F7EEFF2248FFF7D5FCFAF72BFA214A4D
:102D00000346292105A805F09FFC204605A9FFF7E9
:102D1000D9FC00231A4619461B48FFF74BFCFAF76B
:102D2000E1F91A4B1A780446CAB1194905A803F00B
:102D300013F8002405A90320FFF7C4FC6CB100229E
:102D4000144B11461046FFF735FC012C05D000232B
:102D5000114A12491846FFF72DFC10B010BD5868F3
:102D6000A04204D30E4905A802F0F6FFE2E7FAF705
:102D7000C1F90C4A0346292105A805F065FCD9E7ED
:102D800076D7010086D70100303D02007CD40020B8
:102D900097D70100D03C0200103D0200B03C020079
:102DA000B4D70100C5D7010070B5094C237803F0F2
:102DB000FF0663B9656801356560FAF793F98542E6
:102DC00028BF66600348BDE87040FFF7D2BC70BD05
:102DD0007CD40020D12C010038B50A4C23787BB973
:102DE0006568013D6560FAF77DF9854203D3FAF71E
:102DF00079F901386060BDE838400348FFF7B9BC95
:102E000038BD00BF7CD40020D12C010008B50020C3
:102E1000FAF7CCF8064B1A7802F0FF013AB95A7863
:102E20002AB159700348BDE80840FFF7A2BC08BDAD
:102E30007CD40020D12C010073B50D4C0D4E012324
:102E400023700425684600948DF80450FDF70CF8B3
:102E5000024638B108480123637002B0BDE87040F3
:102E6000FFF76EBC334601210320FAF757FEE9E76E
:102E70007CD40020D4D70100D12C010007B508482C
:102E8000FFF75EFC074B5868FAF74CF905230090F2
:102E900068468DF80430FCF7E7FF03B05DF804FBEB
:102EA0009D2C01007CD4002000487047544802004B
:102EB000044A054893680133192B28BF0023936007
:102EC000FFF757BC84D40020212F0100044A054895
:102ED0009368013B182B28BF18239360FFF749BC68
:102EE00084D40020212F0100044A05481368013BC7
:102EF000012B28BF01231360FFF73BBC84D40020C3
:102F0000212F0100044A054813680133022B28BF12
:102F100000231360FFF72DBC84D40020212F010073
:102F2000F0B585B0F2F73EF8F1F740FD1B4D1C4CB3
:102F300000210123FF270846CDE9013340F2271283
:102F40007F230097F1F7C4FE2B6801970C2606FB40
:102F500003F200230093A258124B03210220F1F741
:102F600083FF2B6806FB03439B682BB129790E4B2B
:102F70000E4A002918BF13460D4A0E490E48FFF7A6
:102F800019FB2B680C2202FB034463681BB105B0DC
:102F9000BDE8F040184705B0F0BD00BF84D4002064
:102FA0008C4802003C000020F03C0200D03C0200B3
:102FB000103D0200B03C0200303D020038B50A4D21
:102FC00000242C602C71F9F765FA084A12F93410C4
:102FD000814203D00134192CF8D10024AC6004489C
:102FE000BDE83840FFF7ACBB84D40020A448020001
:102FF000212F0100044B1A790AB9FFF7B7B9002253
:1030000002481A71FFF7B5BB84D40020212F0100BC
:10301000074B1A7982F001021A711A68054B0C21CC
:1030200001FB02339B6803B118470348FFF7A1BBBC
:1030300084D400208C480200212F010008B5094BE0
:103040001A7972B100221A71EDF780FA30B1EDF7FA
:1030500077FABDE808400448FFF78BBBEDF76AFA42
:10306000F7E708BD84D40020212F010008B5EDF753
:103070006DFA28B10349BDE808400220FFF722BBE2
:103080000149F8E7EFD7010008D8010070B5134EE9
:103090003379CBB1124D0FCD06F110040FC495E872
:1030A0000700002333610F4B84E8070033620E4BA7
:1030B0007362A4F110000D4BB362FFF735F9BDE860
:1030C00070400B48FFF755BBB2680A4B13F932004A
:1030D000F9F7EAF9BDE87040FFF748B984D4002059
:1030E00070480200CD2E0100B12E01006D230100B9
:1030F000212F0100A448020037B5134D0023FF2201
:10310000B5F904403021CDE9003203202B460F4AA7
:10311000F1F7AAFE0E4B0F4A99681B792401002B88
:1031200002EBC102A4B20BBF0023FF23FF21002149
:10313000E01CCDE9003152682B46302180B2F1F716
:1031400093FE03B030BD00BF3400002022D8010040
:1031500084D40020A4480200004870477048020050
:10316000054A06499068064B884218BF0B46054839
:103170009360FFF7FEBA00BFB0D4002020A1070083
:1031800090D00300C1310100044A05481368013B97
:10319000012B28BF01231360FFF7EBBAB0D4002046
:1031A000C1310100044A054813680133022B28BFCE
:1031B00000231360FFF7DDBAB0D40020C131010055
:1031C000F0B585B0F1F7EEFEF1F7F0FB1B4D1C4CAE
:1031D00000210123FF270846CDE9013340F22712E1
:1031E0007F230097F1F774FD2B6801970C2606FBEF
:1031F00003F200230093A258124B03210220F1F79F
:1032000033FE2B6806FB03439B682BB129790E4BD9
:103210000E4A002918BF13460D4A0E490E48FFF703
:10322000C9F92B680C2202FB034463681BB105B08B
:10323000BDE8F040184705B0F0BD00BFB0D4002095
:10324000884902003C000020F03C0200D03C020013
:10325000103D0200B03C0200303D02002DE9F04379
:1032600091B002A8F9F741F94A20FBF72DFBADF820
:1032700010004B20FBF728FBADF812004C20FBF7A9
:1032800023FB2249ADF814000020FFF71BFA204968
:10329000204FDFF89480DFF894900120FFF712FAB6
:1032A00002AC04AE022534F8021B36F8020B57F8C4
:1032B000043BA0F50040A1F50041002B08BF4346A8
:1032C000019000914A46282106A805F0BDF928463C
:1032D00006A90135FFF7F6F9052DE4D14D20FBF7DE
:1032E000F3FA00F0E00040280CD0A0280CD00A49E6
:1032F0000A4B202818BF19460520FFF7E3F911B043
:10330000BDE8F0830649F7E70649F5E7F2D9010081
:1033100005DA0100A0490200CFD90100ABD90100B4
:1033200076D901008CD9010071D901002BDA010096
:1033300030B5154C237989B0A3B1144D0FCD01AC34
:103340000FC495E8070000230193114B84E80700A0
:1033500001A8CDE90533FEF7E7FF0E48FFF709FAAC
:1033600009B030BDF9F7ABF8A368984206D018460B
:10337000F9F7B0F8F9F7A3F8F7F74CFE09B0BDE894
:103380003040FEF7F3BF00BFB0D400206C4902000C
:1033900061310100C131010010B50E4C8AB0A26844
:1033A0004FF47A732821B2FBF3F368460A4A05F01A
:1033B0004BF923791BB10021FF20FFF79DF96946E6
:1033C0000320FFF77FF9FF210020FFF795F90AB0EE
:1033D00010BD00BFB0D4002041DA010010B5064C8A
:1033E000002323602371F9F76AF8A060BDE810405C
:1033F0000248FFF7A5B900BFB0D40020C1310100D9
:10340000044B1A790AB9FEF7B1BF002202481A71BB
:10341000FFF7AFB9B0D40020C1310100074B1A79D2
:1034200082F001021A711A68054B0C2101FB02336C
:103430009B6803B118470348FFF79BB9B0D400203D
:1034400088490200C131010008B5064B1A793AB12A
:1034500000221A71FEF72AFFBDE80840FEF764BF9C
:1034600008BD00BFB0D40020004870476C4902007E
:10347000FEF77CBF044A05481368013B032B28BFB5
:1034800003231360FFF775B9BCD40020AD340100ED
:10349000044A054813680133042B28BF0023136036
:1034A000FFF767B9BCD40020AD3401001FB5F1F7B8
:1034B00079FDF1F77BFA0123CDE901330021FF23E8
:1034C000009308467F2340F22712F1F701FC0849D8
:1034D0000848094A0023FFF76DF8084B1A68084BA3
:1034E00053F82230984705B05DF804EBFFF70CB9AC
:1034F000B03C0200303D0200103D0200BCD4002070
:10350000C849020070B5A2B007A8F8F73DFF5048BF
:10351000FFF7C8F84620FBF7D7F96425B0FBF5F6AE
:103520000E20FBF7E3F90A2410F10A0F90FBF4F2E6
:1035300012B2CCBF20202D20002AB8BF5242BDF8C5
:1035400028100491B6B292B2B6FBF4F3B2FBF4F1D8
:1035500004FB136604FB1122CDE90212CDE90060E1
:103560003C4A50210EA805F06FF80EA90020FFF785
:10357000A9F80898079A00F13201963091FBF5F10D
:1035800002F1320292FBF5F2CCBF20252D25002955
:10359000B8BF494292FBF4F3B1FBF4F004FB1322F1
:1035A00004FB1011CDE90201CDE9002550212A4A82
:1035B0000EA805F049F80EA90120FFF783F8442072
:1035C000FBF782F99DF82D1009B1C0F340019DF879
:1035D0002E30002B37D0214C214A002914BF23461E
:1035E000134610F0010F18BF2246009250211D4AC9
:1035F0000EA805F029F80EA90220FFF763F89DF840
:103600002C10164A164B0EA8002918BF1346164A4E
:10361000502105F019F80EA90320FFF753F8F8F729
:103620004EFF124A50214FF47A73B0FBF3F30EA809
:1036300005F00AF80EA90420FFF744F822B070BD87
:10364000064B074AD1E70029FAD1054B1A46CCE7C9
:1036500076DA01007EDA0100A2DA0100DFB60100AD
:10366000E2B60100BFDA0100D5DA0100E4DA0100B8
:10367000024B034800221A60FFF762B8BCD4002056
:10368000AD34010010B5074CD4E900230133022BFF
:10369000636006D1022A04D80348FFF76AF80023C2
:1036A000636010BDBCD40020AD34010070B5174874
:1036B000FEF7F8FFF8F7F8FF0023054604463CB98B
:1036C000002B1FDC12490120BDE87040FEF7FABF55
:1036D00004F0010213446408F1E70134052C02D11F
:1036E0000C492046F0E72846F8F7A4FB0646F8F711
:1036F000B7FB25EA00053046F8F7ECFB014620460B
:10370000FEF7E0FF002DE8D170BD00BFF7DA010041
:1037100000DB010072D7010013B50446053414F52F
:10372000AF5F0846114605DC0B4A02B0BDE8104009
:1037300004F08ABF642294FBF2F302FB13440A22D2
:1037400094FBF2F4002CB8BF6442044A009404F0E5
:103750007BFF02B010BD00BF09DB010011DB0100DF
:103760002DE9F04F324E93B0354610242046FBF73A
:10377000BDF80134182C25F8020FF7D10820FBF70B
:10378000B5F82C4C20870A20FBF7B0F860872A4850
:10379000FEF788FF01254FF00009EB1C0093274A34
:1037A0002B463C2103A804F04FFFB3464FF000081E
:1037B0000DF10C0A3C27062082443F1A3A463BF999
:1037C000020F514608F10108FFF7A6FFB8F1040FF8
:1037D00003D0002801DB8742EEDC09F1010703A9D1
:1037E0003846FEF76FFF022F05F1040506F10806C3
:1037F0004FF00109D1D10DA90DF13E05B4F9380002
:103800000A22FFF789FF2946B4F93A000A22FFF796
:1038100083FF0B4A00950DAB3C2103A804F014FF75
:1038200003A90420FEF74EFF13B0BDE8F08F00BFE0
:10383000E2D40020BCD4002019DB01002DDB010004
:1038400036DB01002DE9F04F284D9FB02E4618249D
:1038500064272046FBF738F80134282CB0FBF7F03A
:1038600026F8020FF5D12248FEF71CFF0024631C46
:10387000204A0092264604341F4A01941C2103A8C2
:1038800004F0E2FE1D4A03AB50210AA804F0DCFE5E
:103890000AAB1B4A03EB0008C0F1500BAA460027F5
:1038A0004FF064093AF8020FB0FBF9F309FB13007B
:1038B000009059464046013704F0C6FE042F104AD6
:1038C0000BD1B0100AA90130FEF7FCFE102C05F157
:1038D0000805CCD11FB0BDE8F08F0028F1DB83458F
:1038E000EFDD8044ABEB000BDCE700BFC2D400206F
:1038F00051DB01006BDB010062DB01006EDB0100CC
:1039000074DB010000487047AC49020008B5FEF7BF
:103910002DFD00F025F9BDE80840FEF705BD0000CB
:10392000024B034800221A70FEF70ABFF8D40020A9
:10393000353901001FB5F1F735FBF1F737F8FF24F2
:10394000002101230846CDE9013340F227127F23ED
:103950000094F1F7BDF90748F1F7CCFA0023009382
:10396000054A064B019433211920F1F77DFA04B082
:1039700010BD00BF3C1B02007EDB010034000020B4
:1039800013B5124C2378092B19D8684602F0CCFDE8
:10399000B1F1FF3F08BFB0F1FF3F0BD00C4A009BD5
:1039A0009A42019A4FF00003934103DBFEF7E2FADB
:1039B000FEF7BAFC23780133237002B010BD002358
:1039C000237002B0BDE81040FFF7A0BFF8D400207C
:1039D00012EB646400487047D849020008B5FFF74D
:1039E00057F9BDE80840FEF79FBC000070B588B0ED
:1039F000F1F7DCFAF0F7DAFF01240021FF267F233C
:103A000040F227120846CDE901440096F1F760F92B
:103A1000F1F7C8FAF0F7CAFF2A4D009600217F237C
:103A200040F22712CDE901440846F1F751F96A78CE
:103A30005023002A3DD00022CDE900322248142232
:103A4000C821F1F771FA6B683022C3F16403534364
:103A5000642293FBF2F39BB24BB12833CDE90144CE
:103A600000969BB2FD222821E320F1F731F96B6823
:103A7000164A0A2105A804F0E7FD68781449154A9A
:103A80000024FF23A04218BF0A46CDE900432821A5
:103A9000114B3220F1F7E8F92B78A3420F4B224665
:103AA00008BF23462146204608B0BDE87040FEF717
:103AB0004BBDCDE900320A481422C821F1F734FA8F
:103AC000D5E700BF8004002090390200A6DB01008A
:103AD000DFB60100E2B601004C000020A2DB0100CD
:103AE0005033020038B5F8F7DFFD094C0038237871
:103AF00018BF0120834216BF012500252070F8F76A
:103B000021FD637883421CBF01256070284638BDC3
:103B10008004002008B5FFF7E5FFBDE80840014834
:103B2000FEF70EBEED39010008B5064B1B782BB130
:103B300000F024F9BDE80840FEF7F6BBBDE80840F8
:103B4000FFF74CBF8004002008B5FFF7CBFF20B182
:103B5000BDE808400148FEF70CBE08BDED39010084
:103B600000487047F449020008B51020FBF74CFDEF
:103B7000BDE80840FEF7FABB0148FEF7E1BD00BF13
:103B8000853B01001FB5F1F70DFAF0F70FFFFF2499
:103B900000210123CDE90133009408467F2340F240
:103BA0002712F1F795F801943221002408460B4BB7
:103BB0000B4A0094F1F758F95023009309480194F7
:103BC0001422C821F1F7B0F90748234622462146BE
:103BD00004B0BDE81040FEF7B7BC00BF3C000020B9
:103BE000ADDB010070360200BBDB0100004870470E
:103BF000104A0200024B1B7A0BB9FEF7B7BB7047A5
:103C0000FCD40020064A5368002B04DD053B054820
:103C10005360FEF7AEBD137A0BB1FEF7A7BB70473A
:103C2000FCD40020293C01002DE9FF47F1F7BAF947
:103C3000F0F7BCFE01230021CDE90133FF23084644
:103C4000009340F227127F23274FF1F741F82748CE
:103C5000FEF728FD3D6800262C46D4B9002E3DDC39
:103C600023490120FEF72EFD3B7A7A68002B38D1DC
:103C7000002A20482049D8BF0021204C00230532CB
:103C80009642CCBF22461A4604B0BDE8F047FEF784
:103C900091BC04F0010216446408DEE72846F8F7F8
:103CA000C9F88246F8F7DCF825EA00055046F8F72F
:103CB00011F97B6804F10109994501460ADD0533D4
:103CC0009945D1DCB4FBF8F303EB8303E31A581CEA
:103CD000FEF7F8FC4C46002DE0D1C5E74FF0050893
:103CE000F9E705490020C8E7FCD40020F7DA010015
:103CF00000DB0100303D0200B03C0200103D02003C
:103D000008B5F8F7D1FC054B1A68824205D0186057
:103D1000BDE808400248FEF72CBD08BDFCD40020D9
:103D2000293C010010B5084C00236360F8F7BCFC87
:103D30002060FFF7E7FDFEF7F5FB2072BDE81040BD
:103D40000248FEF7FDBC00BFFCD40020293C010066
:103D5000084A136800213BB9536805338B4208DADF
:103D600005485360FEF705BD03F0010001445B0800
:103D7000F1E77047FCD40020293C0100004870475F
:103D80002C4A020000B591B00020F3F729FF28B9B2
:103D9000F3F75CFF0120EFF77DFCF5E76946402271
:103DA0000020F3F729FF694602460020F3F798FF49
:103DB000EAE700000B46014608B9044A137013B144
:103DC000034804F0F9BD0348FBE700BF08D5002015
:103DD000C0DB0100DEDB010010B50446F3F700FF95
:103DE00021460246034804F0E7FD2046BDE81040A6
:103DF000F3F71ABFFFDB01002DE9F0410A46074641
:103E00000D4601460020F0F7A3FA104B1B78CBB902
:103E1000BDE8F08134463B5D0A2B02D00134A54257
:103E2000F9D1A21BB9190020F3F75AFFAC42EFD029
:103E3000022241460020F3F753FF01342644AE42EC
:103E4000E8DBE5E7DFF808800026F8E708D5002082
:103E50006CC6010010B5FBF71FFC054C04F11802FD
:103E600004F114012061FBF728FC206910BD00BF9C
:103E70000CD500201FB50F48019000F2EF500290C2
:103E80000D480390BDF804409DF8060088700C8032
:103E9000BDF808009DF80A1091701080BDF80C1054
:103EA0009DF80E209A701980044B01221A7704B0F5
:103EB00010BD00BF53475300302E30000CD50020FA
:103EC00008B50820FBF7A0FB054B187F30B1186937
:103ED00008B9FFF7BFFF003818BF012008BD00BFB9
:103EE0000CD5002070B5084C23690D46164623B149
:103EF000A3692B606369338070BDFFF7ABFF236953
:103F0000002BF9D0F4E700BF0CD5002008B52BB189
:103F100022B9034B10201A77FBF776FB012008BD6E
:103F20000CD500202DE9F047164C089D0F469A4607
:103F30009046FDF7E4FDA369BB42814603D84FF0EC
:103F4000FF30BDE8F08766694645F8D9B8F1000F43
:103F5000F5D1B5FBF6F206FB1256002EEFD1206923
:103F600053463946FBF7C1FB0028E8D04846FDF729
:103F7000D4FD2368034423606368013363602846EB
:103F8000DFE700BF0CD500202DE9F047164C089D57
:103F90000F469A469046FDF7B2FDA369BB428146A3
:103FA00003D84FF0FF30BDE8F08766694645F8D981
:103FB000B8F1000FF5D1B5FBF6F306FB1356002E52
:103FC000EFD120693A465146FBF79BFB0028E8D029
:103FD0004846FDF7A2FDA3680344A360E3680133EC
:103FE000E3602846DFE700BF0CD5002013B50B784F
:103FF0001E2B044610D00122114610460093074B99
:10400000F9F78CFD0023202205212046F4F776F9EC
:104010004FF0FF3002B010BD0020FBE723DC0100B1
:1040200000487047BD4B0200044B054A1878054B09
:1040300000280CBF10461846704700BF6CD5002002
:10404000EE4A02004A4A020010B568B9124B1B68DA
:104050001A88124B5A8001230133DBB20F485B00F0
:1040600043F44073038010BD072813D80A4B53F85C
:104070002040204602F084FAC3B21F2B28BF1F2322
:10408000064A2046E1188842E6D010F8014B22F893
:10409000024FF8E70020E6E7880400202CD5002036
:1040A000014B01221A7070476CD50020014B002291
:1040B0001A7070476CD50020164C1748174D184ED3
:1040C00008B502F017F92368986802F0C5FB0020D4
:1040D000F4F7FEFE00214FF0FF30F5F703F9002062
:1040E000F3F7B4FD2B680133B3F5FA6F2B600CD1F5
:1040F000304602F0FFF82368986802F0ADFB094BE8
:10410000002201210220F9F709FD0120EFF7C2FA90
:10411000E0E700BFA804002090DC010070D500207B
:10412000C7DC0100F0DC010008B5F4F795FE58B1DA
:10413000F4F7AAFE4FF4FA60EFF7ACFAF4F7B2FE28
:104140004FF4FA60EFF7A6FABDE808400020EFF759
:10415000CFB80020F5F726BE13B588224FF0804473
:1041600059201621C4F80001C4F80011C4F8002138
:10417000D4F80031002BF5D01F4A2048136943F4CE
:1041800080731361136A23F0F00343F0300313626A
:10419000E36A23F4837323F0010343F48273E3623D
:1041A000F1F73CFC4FF0402215491368154823F005
:1041B0007C531360636B9BB26363636B43F06E432A
:1041C00043F46E036363104B6022002483F83523AD
:1041D0000423CDE900344FF496722346EEF7AAFF8C
:1041E0000323009309490194234664220848EEF70B
:1041F000A1FF204602B010BD000200409B3C80425F
:1042000029DD0100B940010000E100E02EDD0100E0
:10421000853D010008B50220044B00220121F9F779
:104220007DFCBDE808400420FBF7EEB932DD01005B
:10423000024B002201210220F9F770BC41DD010090
:104240007047704707B50748EFF748FA034630B99B
:10425000CDE90000034904483222EEF76BFF03B0BA
:104260005DF804FB53DD01002941010081F00041AC
:1042700002E000BF83F0004330B54FEA41044FEA4B
:10428000430594EA050F08BF90EA020F1FBF54EAE6
:10429000000C55EA020C7FEA645C7FEA655C00F082
:1042A000E2804FEA5454D4EB5555B8BF6D420CDD53
:1042B0002C4480EA020281EA030382EA000083EAD6
:1042C000010180EA020281EA0303362D88BF30BD76
:1042D00011F0004F4FEA01314FF4801C4CEA1131CC
:1042E00002D0404261EB410113F0004F4FEA03332B
:1042F0004CEA133302D0524263EB430394EA050FB6
:1043000000F0A780A4F10104D5F1200E0DDB02FA24
:104310000EFC22FA05F2801841F1000103FA0EF2B8
:10432000801843FA05F359410EE0A5F120050EF17E
:10433000200E012A03FA0EFC28BF4CF0020C43FAAF
:1043400005F3C01851EBE37101F0004507D54FF0BC
:10435000000EDCF1000C7EEB00006EEB0101B1F50C
:10436000801F1BD3B1F5001F0CD349085FEA300052
:104370004FEA3C0C04F101044FEA445212F5800F5D
:1043800080F09A80BCF1004F08BF5FEA500C50F1FA
:10439000000041EB045141EA050130BD5FEA4C0CDD
:1043A000404141EB0101013C28BFB1F5801FE9D23A
:1043B00091F0000F04BF01460020B1FA81F308BF5D
:1043C0002033A3F10B03B3F120020CDA0C3208DD29
:1043D00002F1140CC2F10C0201FA0CF021FA02F104
:1043E0000CE002F11402D8BFC2F1200C01FA02F174
:1043F00020FA0CFCDCBF41EA0C019040E41AA2BF99
:1044000001EB0451294330BD6FEA04041F3C1CDA60
:104410000C340EDC04F11404C4F1200220FA04F080
:1044200001FA02F340EA030021FA04F345EA03012A
:1044300030BDC4F10C04C4F1200220FA02F001FAEC
:1044400004F340EA0300294630BD21FA04F029466E
:1044500030BD94F0000F83F4801306BF81F4801107
:104460000134013D4EE77FEA645C18BF7FEA655C7A
:1044700029D094EA050F08BF90EA020F05D054EA4C
:10448000000C04BF1946104630BD91EA030F1EBF51
:104490000021002030BD5FEA545C05D14000494155
:1044A00028BF41F0004130BD14F580043CBF01F548
:1044B000801130BD01F0004545F0FE4141F470012E
:1044C0004FF0000030BD7FEA645C1ABF1946104609
:1044D0007FEA655C1CBF0B46024650EA013406BF0A
:1044E00052EA033591EA030F41F4002130BD00BFC9
:1044F00090F0000F04BF0021704730B54FF4806486
:1045000004F132044FF000054FF0000150E700BF06
:1045100090F0000F04BF0021704730B54FF4806465
:1045200004F1320410F0004548BF40424FF0000152
:104530003EE700BF42004FEAE2014FEA31014FEA95
:1045400002701FBF12F07F4393F07F4F81F06051E4
:10455000704732F07F4208BF704793F07F4F04BF2F
:1045600041F40021704730B54FF4607401F000450C
:1045700021F000411CE700BF50EA010208BF70476C
:1045800030B54FF000050AE050EA010208BF70475D
:1045900030B511F0004502D5404261EB41014FF4C6
:1045A000806404F132045FEA915C3FF4D8AE4FF0CE
:1045B00003025FEADC0C18BF03325FEADC0C18BFB1
:1045C000033202EBDC02C2F1200300FA03FC20FA02
:1045D00002F001FA03FE40EA0E0021FA02F114444F
:1045E000BDE600BF70B54FF0FF0C4CF4E06C1CEA68
:1045F00011541DBF1CEA135594EA0C0F95EA0C0FD9
:1046000000F0DEF82C4481EA030621EA4C5123EA4B
:104610004C5350EA013518BF52EA033541F480117A
:1046200043F4801338D0A0FB02CE4FF00005E1FB2D
:1046300002E506F00042E0FB03E54FF00006E1FB77
:1046400003569CF0000F18BF4EF0010EA4F1FF04BA
:10465000B6F5007F64F5407404D25FEA4E0E6D41FA
:1046600046EB060642EAC62141EA55514FEAC5200B
:1046700040EA5E504FEACE2EB4F1FD0C88BFBCF587
:10468000E06F1ED8BEF1004F08BF5FEA500E50F138
:10469000000041EB045170BD06F0004646EA0101FE
:1046A00040EA020081EA0301B4EB5C04C2BFD4EB30
:1046B0000C0541EA045170BD41F480114FF0000E29
:1046C000013C00F3AB8014F1360FDEBF002001F097
:1046D000004170BDC4F10004203C35DA0C341BDC11
:1046E00004F11404C4F1200500FA05F320FA04F0E3
:1046F00001FA05F240EA020001F0004221F0004117
:1047000010EBD37021FA04F642EB06015EEA430E89
:1047100008BF20EAD37070BDC4F10C04C4F12005B9
:1047200000FA04F320FA05F001FA04F240EA02006C
:1047300001F0004110EBD37041F100015EEA430E3D
:1047400008BF20EAD37070BDC4F1200500FA05F25D
:104750004EEA020E20FA04F301FA05F243EA0203DC
:1047600021FA04F001F0004121FA04F220EA0200EB
:1047700000EBD3705EEA430E08BF20EAD37070BD31
:1047800094F0000F0FD101F00046400041EB010111
:1047900011F4801F08BF013CF7D041EA060195F0F3
:1047A000000F18BF704703F00046520043EB0303AD
:1047B00013F4801F08BF013DF7D043EA060370479A
:1047C00094EA0C0F0CEA135518BF95EA0C0F0CD0A5
:1047D00050EA410618BF52EA4306D1D181EA0301EB
:1047E00001F000414FF0000070BD50EA410606BFE5
:1047F0001046194652EA430619D094EA0C0F02D12A
:1048000050EA013613D195EA0C0F05D152EA03366E
:104810001CBF104619460AD181EA030101F000418C
:1048200041F0FE4141F470014FF0000070BD41F0D5
:10483000FE4141F4780170BD70B54FF0FF0C4CF4AF
:10484000E06C1CEA11541DBF1CEA135594EA0C0FCE
:1048500095EA0C0F00F0A7F8A4EB050481EA030E1B
:1048600052EA03354FEA013100F088804FEA033302
:104870004FF0805545EA131343EA12634FEA0222D0
:1048800045EA111545EA10654FEA00260EF0004191
:104890009D4208BF964244F1FD0404F5407402D2E3
:1048A0005B084FEA3202B61A65EB03055B084FEA74
:1048B00032024FF480104FF4002CB6EB020E75EB71
:1048C000030E22BFB61A754640EA0C005B084FEA99
:1048D0003202B6EB020E75EB030E22BFB61A754616
:1048E00040EA5C005B084FEA3202B6EB020E75EB61
:1048F000030E22BFB61A754640EA9C005B084FEAD9
:104900003202B6EB020E75EB030E22BFB61A7546E5
:1049100040EADC0055EA060E18D04FEA051545EAD4
:1049200016754FEA06164FEAC30343EA52734FEA7D
:10493000C2025FEA1C1CC0D111F4801F0BD141EAF6
:1049400000014FF000004FF0004CB6E711F4801F5B
:1049500004BF01430020B4F1FD0C88BFBCF5E06F3B
:104960003FF6AFAEB5EB030C04BFB6EB020C5FEA4B
:10497000500C50F1000041EB045170BD0EF0004EA0
:104980004EEA113114EB5C04C2BFD4EB0C0541EAD2
:10499000045170BD41F480114FF0000E013C90E6CF
:1049A00045EA060E8DE60CEA135594EA0C0F08BF93
:1049B00095EA0C0F3FF43BAF94EA0C0F0AD150EA92
:1049C00001347FF434AF95EA0C0F7FF425AF104625
:1049D00019462CE795EA0C0F06D152EA03353FF44D
:1049E000FDAE1046194622E750EA410618BF52EACA
:1049F00043067FF4C5AE50EA41047FF40DAF52EA9E
:104A000043057FF4EBAE12E74FF0FF3C06E000BF3A
:104A10004FF0010C02E000BF4FF0010C4DF804CD47
:104A20004FEA410C7FEA6C5C4FEA430C18BF7FEA07
:104A30006C5C1BD001B050EA410C0CBF52EA430C35
:104A400091EA030F02BF90EA020F0020704710F1B5
:104A5000000F91EA030F58BF994208BF90422CBF44
:104A6000D8176FEAE37040F0010070474FEA410C3D
:104A70007FEA6C5C02D150EA013C07D14FEA430C5B
:104A80007FEA6C5CD6D152EA033CD3D05DF8040BCC
:104A9000704700BF8446104662468C4619466346FE
:104AA00000E000BF01B5FFF7B7FF002848BF10F1D5
:104AB000000F01BD4DF808EDFFF7F4FF0CBF01201A
:104AC00000205DF808FB00BF4DF808EDFFF7EAFF96
:104AD00034BF012000205DF808FB00BF4DF808ED51
:104AE000FFF7E0FF94BF012000205DF808FB00BF46
:104AF0004DF808EDFFF7CEFF94BF012000205DF8D0
:104B000008FB00BF4DF808EDFFF7C4FF34BF0120DC
:104B100000205DF808FB00BF4FEA410212F50012C9
:104B200015D211D56FF47873B3EB625212D94FEAF4
:104B3000C12343F0004343EA505311F0004F23FADE
:104B400002F018BF404270474FF00000704750EA33
:104B5000013005D111F0004008BF6FF000407047F0
:104B60004FF00000704700BF4A0011D212F500124A
:104B700011D20DD56FF47873B3EB62520ED44FEAB5
:104B8000C12343F0004343EA505323FA02F0704735
:104B90004FF00000704750EA013002D14FF0FF3073
:104BA00070474FF0000070477BB972B90029BEBF53
:104BB00000204FF0004106E008BF00281CBF6FF046
:104BC00000414FF0FF3000F0B5B9ADF1080C6DE9D0
:104BD00004CE002909DB002B1ADB00F04DF8DDF8CC
:104BE00004E0DDE9022304B07047404261EB41017B
:104BF000002B1BDB00F040F8DDF804E0DDE90223C8
:104C000004B0404261EB4101524263EB4303704701
:104C1000524263EB430300F02FF8DDF804E0DDE9D6
:104C2000022304B0404261EB41017047524263EB02
:104C3000430300F021F8DDF804E0DDE9022304B0CD
:104C4000524263EB4303704753B94AB9002908BF86
:104C500000281CBF4FF0FF314FF0FF3000F06AB961
:104C6000ADF1080C6DE904CE00F006F8DDF804E0C3
:104C7000DDE9022304B070472DE9F047089D0E4698
:104C800004460F46002B4AD194468C45B2FA82F274
:104C900060D942B1C2F12003974020FA03F30CFA25
:104CA00002FC1F4394404FEA1C4E1FFA8CF6B7FBE0
:104CB000FEF1230C0EFB117743EA074301FB06F0DC
:104CC00098420AD91CEB030301F1FF3780F01581EC
:104CD000984240F21281023963441B1AA4B2B3FB1A
:104CE000FEF00EFB103344EA034400FB06F6A64236
:104CF0000AD91CEB040400F1FF3380F00081A642C6
:104D000040F2FD806444023840EA0140A41B0021C7
:104D10001DB1D4400023C5E90043BDE8F0878B42B4
:104D200005D90DB1C5E9000100210846F5E7B3FA40
:104D300083F1002946D1B34202D3824200F2F580CA
:104D4000841A66EB030201201746002DE5D0C5E961
:104D50000047E2E7002A40F09380A1EB0C034FEA02
:104D60001C471FFA8CFE0121B3FBF7F607FB163038
:104D7000230C43EA00430EFB06F0984208D91CEBD3
:104D8000030306F1FF3802D2984200F2D080464673
:104D90001B1AA4B2B3FBF7F007FB103344EA034439
:104DA0000EFB00FEA64508D91CEB040400F1FF33FE
:104DB00002D2A64500F2B6801846A4EB0E0440EAE3
:104DC0000640A5E7C1F120078B4022FA07FC4CEA18
:104DD000030C06FA01FE20FA07F426FA07F344EA68
:104DE0000E0400FA01F84FEA1C404FEA1449B3FBE5
:104DF000F0FE1FFA8CF600FB1E3349EA03430EFB5C
:104E000006F9994502FA01F20BD91CEB03030EF1E6
:104E1000FF3A80F08580994540F28280AEF1020E23
:104E20006344A3EB0909A4B2B9FBF0F300FB1399A7
:104E300044EA094403FB06F6A64208D91CEB040425
:104E400003F1FF3068D2A64266D9023B644443EACC
:104E50000E40A41BA0FB02E6B4427346B14652D3F7
:104E60004FD05DB1B8EB030264EB090404FA07F715
:104E700022FA01F31F43CC40C5E9007400214CE73E
:104E8000C2F1200120FA01F30CFA02FC26FA01F12A
:104E9000964033434FEA1C471FFA8CFEB1FBF7F0F4
:104EA00007FB1016190C41EA064100FB0EF68E4274
:104EB00004FA02F408D91CEB010100F1FF382DD2ED
:104EC0008E422BD902386144891B9BB2B1FBF7F6A5
:104ED00007FB161143EA014306FB0EF1994208D97C
:104EE0001CEB030306F1FF3814D2994212D9023E9B
:104EF00063445B1A46EA004136E73946EDE6184658
:104F000002E7F045ADD2BEEB020366EB0C060138BA
:104F1000B146A6E74646ECE7034698E74046D3E7A6
:104F2000D6467EE76444023847E708460DE7023E6E
:104F300063442DE7704700BF0CB410B59CB01EABA6
:104F4000029106916FF0004104910791084953F8CE
:104F5000042B0591002402A901931B9401F03EF853
:104F6000029B1C701CB0BDE8104002B0704700BF2F
:104F70000802FFFF0EB430B59CB06FF000411FABCC
:104F8000049107910A4953F8042B029000240690DB
:104F9000084D0868019302A905951B9401F01EF8BD
:104FA000029B1C701CB0BDE8304003B0704700BFCE
:104FB000A80400200802FFFF01292DE9F0415BD978
:104FC0004FF00108C64600244FF0FF35434608E085
:104FD000A3EB05081C464FF0010E04EB0E039942AB
:104FE00010D900EB050CC75C1CF80E60B742EFD37C
:104FF00032D04FF001082546C646444404EB0E0368
:105000009942EED80127C2F80080BE4600244FF036
:10501000FF363B4607E09F1B1C464FF0010E04EB9A
:105020000E03994210D900EB060C10F803801CF80F
:105030000EC0E045EFD817D001272646BE463C44B7
:1050400004EB0E039942EED80136681C864201D368
:1050500017603046BDE8F081C6450ABF74440EF1C2
:10506000010E4FF0010EB8E7BE450ABF74440EF1C1
:10507000010E4FF0010ED2E701270026E8E700BF3E
:105080002DE9F04F174687B005AA80468946384675
:1050900019461C46FFF790FF059B02938246024685
:1050A000F918384603F038FC00285FD144F4006357
:1050B0000193029BE31A06460546A9EB04010393FC
:1050C000CAF1010BA9421BD35645334638BF53469C
:1050D0009C4223D9581EEA183844424402E0013366
:1050E0009C421BD012F801CB10F801EFE645F6D038
:1050F0009C4213D95D441D44A9424FF00006E3D2FF
:10510000019908EB090003F035FC8144A9EB040187
:10511000A942D9D2002007B0BDE8F08F56450AF168
:10512000FF336FD205EB0A02424407EB0A000095F9
:1051300002E09E4211D0734610F801CD12F8015DD5
:10514000AC4503F1FF3EF4D0009D013301369E4291
:1051500007D8029B039E1D44B4E701369E42009D82
:10516000F7D908EB050007B0BDE8F08FA4EB0A0300
:10517000534538BF534601330193059344F400630C
:105180000025A9EB040100930AF1FF36CAF1010BD7
:10519000A94216D3544520D905EB0A024244B81956
:1051A000534602E001339C4217D012F801CB10F8AD
:1051B00001EFE645F6D09C420FD95D441D44A9425B
:1051C000E8D2009908EB090003F0D4FB8144A9EB75
:1051D0000401A9429ED35445DED8BAF1000FC0D0D5
:1051E00005EB0A00404407EB0A0201E0BB42B8D0DD
:1051F00012F801ED10F801CDE6451346F6D0019BFB
:105200001D44C5E75346A1E72DE9F04F9346ADF2A3
:105210001C4D05AA80468A46584619461C46FFF78B
:10522000CBFE134681460DF2144243F8044F9342DD
:10523000FBD16CB1601E58440BF1FF3206AD12F881
:10524000011FA31A013B5B44824245F82130F6D18D
:10525000059B01934A460BEB0301584603F05CFBA8
:10526000002878D144F4006307460546AAEB040EF3
:105270000293661EAE4511D308EB050C06AA1CF876
:10528000063052F82330C3B11FB1019A9A4288BF49
:10529000A31A1D44AE454FF00007EDD208EB0A00FB
:1052A000029903F067FB8244AAEB040EAE45E3D2F9
:1052B00000200DF21C4DBDE8F08F4F453B4638BF36
:1052C0004B469E4218D9591EEA185944424400954B
:1052D00002E001339E420ED012F8010B11F8015F7B
:1052E0008542F6D09E42009D06D9C9F101022A44AA
:1052F000D5180027BEE7009D4F4509F1FF3380F028
:10530000818005EB090242440BEB09010095CDF8C1
:105310000C9002E09F4213D04B4611F8015D12F849
:10532000010D854203F1FF39F4D0009DDDF80C90AA
:10533000013301379F4209D8019B1D44E71A99E7C1
:1053400001379F42009DDDF80C90F5D960460DF2C3
:105350001C4DBDE8F08FA4EB09034B4538BF4B460D
:1053600001330193059344F400630025AAEB040E76
:105370000093661EAE4509D308EB050006AA835DBF
:1053800052F823306BB11D44AE45F5D208EB0A004C
:10539000009903F0EFFA8244AAEB040EAE45EBD27B
:1053A00086E7B14517D209F1FF3105EB09025944EF
:1053B00042444B4602E00133B3420CD012F8017B69
:1053C00011F801CFBC45F6D09E4204D9C9F10102C3
:1053D0002A44D518CEE7B9F1000F3FF46AAF05EBC8
:1053E000090141440BEB090202E05B453FF461AF68
:1053F00012F801CD11F8017DBC451346F5D0019B93
:105400001D44C1E74B4694E72DE9F0410D4609786C
:1054100090B00446002954D06A78002A00F08280B7
:10542000AB78002B51D0E8782E68002800F08180FE
:105430002B79002B56D0284601F0A2F8064640F4FE
:105440000071204603F096FA86425AD8FE2E00F2EA
:105450008880801B27184022711C684601F0FCF8E8
:105460007EB16A1E5FFA86FC901912F8013F03F0C4
:105470003F0340336B44A91A6144904203F8401C37
:10548000F3D1013CA35D03F03F0340336B4413F8B9
:10549000403C1C44A74203D238E04444A74235D3E1
:1054A00014F806C00CF03F0C0CF140030DEB030C9C
:1054B0003246294620461CF8408C03F02DFA00287D
:1054C000EBD1204610B0BDE8F081007842EA0142FD
:1054D000B8B140EA03439A42214614F8010FF7D1CC
:1054E0004C1EEEE7227862B131BA01E08B421ED049
:1054F00042EA0323204614F8012F002AF6D18B42FA
:1055000015D00024204610B0BDE8F081BB5DB8196D
:10551000002BF6D04FF4006103F02CFA0744A742A9
:10552000AFD2EEE710B0BDE8F04100F023B8C41EE2
:10553000C7E7120442EA0162217842EA0323002904
:10554000DFD0024601E00029DBD041EA0200B3EBE4
:10555000002F25464FEA002214F8011FF3D1AC1E9C
:10556000AFE7014633462A46204610B0BDE8F04179
:105570004AE600BF11F0FF01034600F0030239D0F4
:105580008ABB026810B501EB012E0EEB0E4E8EEABF
:105590000204A2F1013323EA0203A4F1013222EA58
:1055A0000402134313F0803F0FD150F8044F84EAF4
:1055B0000E0CA4F10133ACF1013223EA040322EA18
:1055C0000C02134313F0803FEFD0037823B936E089
:1055D00010F8013F002B32D09942F9D110BD8A4218
:1055E00028D09A0729D01A7818460133002AF6D114
:1055F00010467047CAB90268A2F1013323EA0203D8
:1056000013F0803F08D150F8042FA2F1013323EAB0
:10561000020313F0803FF6D003785BB110F8013F2E
:10562000002BFBD17047990705D0184613F8012BC2
:10563000002AF8D170471846DDE71846A1E718465A
:1056400010BD00BF2DE9F04F9BB08346019210467C
:105650004BEA02021D46930740F00683071F18BF5E
:105660000127019B9A0805925B000022079209938B
:10567000019A02FB01F30BEB03005A44062908923E
:10568000049040F2698101984FEA51081B1A0729DA
:105690000BEB030400FB08B813D0282900F20082AA
:1056A0002646DA46414650460292A8470028029A0A
:1056B000C0F2E681314640460292A8470028029A8D
:1056C0004BDD002F53D1DBF80030D8F80010CBF8B9
:1056D0000010C8F80030089B06931E46019B0392F9
:1056E0004FF0000AD046C3F10009A246A642334655
:1056F0005ED8594630460296A8470028029B40F3E0
:10570000FB8052460293C24690460CE02368D8F8CC
:1057100000102160C8F80030C8444FF0010A4C4422
:10572000A64200F2908059462046A84700282EDB6A
:10573000F5D1002FEAD0012F77D0019A41462346B8
:1057400004EB020E08781A7803F8010B01F8012B1C
:10575000AEEB0302002AF5DCDEE731465046A847EF
:105760000028029AC0F29A81B046002FABD0012FD8
:1057700000F00F82089E5B4698F80000197803F845
:10578000010B08F8011BF11A0029F5DCA3E7029BC5
:10579000C246002F40F0A180336822683260236047
:1057A000019B1E444C44A6424FF001083346A0D949
:1057B0005146C246039A8846BAF1000F48D0069A6D
:1057C000B11AA2EB0B028A42A8BF0A46002A40F097
:1057D0002781049A0198A2EB0802A8EB0404121A8C
:1057E000A24228BF2246002A40F0B181049BA14278
:1057F000A3EB040605D3224633460C465E4611460B
:105800009B46019B994240F2F180079A072A00F2D9
:105810008E81B4FBF3F4B1FBF3F11AAB03EBC203DB
:1058200043E91064531C079322E7059BC4462046B6
:10583000013B0268DCF8001040F8041B002B4CF818
:10584000042BF5DC68E7DDE90232BAF1000FB6D1CE
:10585000089B04998B4233D2019BDDF81490DDF84C
:1058600024805C4216465E4525D9029607E0DAF8A8
:1058700000203168CAF8001032605E451AD9B2467D
:10588000264451463046A847002813DD002FEED0AD
:10589000012F54D0324606EB080C11789AF80030EC
:1058A0000AF8011B02F8013BACEB0A03002BF4DC05
:1058B0005E45E4D8029E019B1E44049B9E42D2D3C7
:1058C000079B002B00F08280079B1AAA013B0793DD
:1058D00002EBC30353E910B1CAE6012F1FD0019AAE
:1058E000164422461078197803F8010B02F8011BC0
:1058F000F11A0029F6DC55E702D0019B1E44F5E6BB
:10590000002F7CD1069932680B680A603360019BD6
:105910001944019B06911E444FF00108E6E6059AE2
:105920002046A446013A1968046843F8044B002A4B
:1059300040F8041BF6DC019B64461E4432E7304607
:105940004A46013ADAF8003001684AF8041B002A96
:1059500040F8043BF5DC90E78242B1D2019BDDF8D0
:105960001490DDF824805C421646B34525D2029699
:1059700007E0DAF800203168CAF8001032605E45AE
:105980001AD9B246264451463046A847002813DDAE
:10599000002FEED0012F1CD0324606EB080C1178F8
:1059A0009AF800300AF8011B02F8013BACEB0A033D
:1059B000002BF4DC5E45E4D8029E019B1E44049B50
:1059C0009E42D2D3079B002B7FF47EAF1BB0BDE875
:1059D000F08F30464A46013ADAF8003001684AF85A
:1059E000041B002A40F8043BF5DCC8E7019B9C42FD
:1059F0007FF666AF019BB4FBF3F1B34638E6012FA7
:105A000000F0B680069A0199511893F800C01078FA
:105A100002F801CB03F8010B881A0028F5DC78E7BF
:105A2000022FA6EB020040F0E0805A44DC4690F8DA
:105A300000909CF800E00CF8019B00F801EBA2EB51
:105A40000C0EBEF1000FF2DC049A0198A2EB0802E2
:105A5000A8EB0404121AA24228BF2246002A3FF4EF
:105A6000C5AE0498A0EB020C32449CF80060187894
:105A700003F8016B0CF8010BD01A0028F5DCB5E631
:105A800031464046A8470028029AFFF61AAE314632
:105A90005046A8470028029AFFF666AED04610E6A8
:105AA000C90800FB01F60BEB060A73005146584685
:105AB00002920393A8470028029A0BEB4609C0F212
:105AC000C480494650460292A8470028029A75DDD4
:105AD000A8EB06034146184603920293A847002804
:105AE000039A08EB0609C0F2A0804946404603929B
:105AF000A8470028039A59DD7300A4EB03094E441C
:105B0000314648460292A8470028029A5EDB2146A9
:105B100030460292A8470028029A3FF7C3AD2146BB
:105B20004846A8470028029A5DDB2646BAE5019A56
:105B3000B1FBF2F1904658462B46FFF783FD4445F2
:105B40007FF6C2AE019BB4FBF3F1B34690E5049837
:105B5000022FA0EB020C87D09208013A1868DCF8FB
:105B6000006043F8046B002A4CF8040BF5DC3DE6BA
:105B7000DDE90520A446013A01681C6840F8044BA1
:105B8000002A43F8041BF6DC0699019B644619447D
:105B9000BFE6059B5846013B0168D8F8006040F815
:105BA000046B002B48F8041BF5DC94E50298494689
:105BB000A8470028039A45DBC8469DE74946584652
:105BC000A8470028029A4DDBCA4681E721463046A5
:105BD000A8470028029AFFF665AD21464846A84727
:105BE0000028029AA1DB4E465CE592085E468E468E
:105BF0009C46013A3368016846F8041B002A40F8C5
:105C0000043BF6DC049A0198A2EB0802A8EB04041A
:105C1000121AA24228BF224671466346002A3FF468
:105C2000E5AD0498A0EB020C96E749464046A8472C
:105C30000028039AFFF660AF02984946A84700285B
:105C4000039AB9DBDDF8088056E749465046A84775
:105C50000028029AFFF63CAF49465846A84700285C
:105C6000029AB1DBDA4633E70227FAE410B51C4C9E
:105C7000002924689AB02DDB009004904FF4027044
:105C8000ADF80C004FF00000199013D001394FF619
:105C9000FF7002910591ADF80E006946204600F0B4
:105CA0009DF9421C01DA8B232360009B00221A70AD
:105CB0001AB010BD4FF6FF7002910591ADF80E00BD
:105CC0006946204600F08AF9431C01DA8B232360E1
:105CD0001AB010BD8B2323604FF0FF30F8E700BFF0
:105CE000A804002030B51446002C9BB005462EDBDE
:105CF0001A464FF40273ADF80C304FF000030091D8
:105D00000491199313D04FF6FF73013CADF80E3098
:105D100069461E9B0294059400F060F9421C01DA6A
:105D20008B232B60009B00221A701BB030BD4FF6F6
:105D3000FF73ADF80E3069461E9B0294059400F087
:105D40004DF9431C01DA8B232B601BB030BD8B2334
:105D500003604FF0FF30F8E780EA0102844612F05A
:105D6000030F4FD111F0030F32D14DF8044D11F054
:105D7000040F51F8043B0BD0A3F101329A4312F007
:105D8000803F04BF4CF8043B51F8043B16D100BFE0
:105D900051F8044BA3F101329A4312F0803FA4F171
:105DA00001320BD14CF8043BA24312F0803F04BFF8
:105DB00051F8043B4CF8044BEAD023460CF8013B65
:105DC00013F0FF0F4FEA3323F8D15DF8044B70470F
:105DD00011F0010F06D011F8012B0CF8012B002A4D
:105DE00008BF704711F0020FBFD031F8022B12F03C
:105DF000FF0F16BF2CF8022B8CF8002012F47F4FF7
:105E0000B3D1704711F8012B0CF8012B002AF9D1FE
:105E1000704700BF2DE9F0478F681D46AF420B6801
:105E20000C46164636D8B1F90CC01CF4906F0ED152
:105E30003D46184631462A4600F04CFEA368DF1B5B
:105E40002368A7602B4400202360BDE8F0874A69DF
:105E5000096902EB42025F1A02EBD2726B1C52100C
:105E60003B44934292BF914699461A461CF4806F78
:105E7000804611D0114600F04FFD824600B32169E3
:105E80003A4600F07FFFA38923F4906343F0800338
:105E9000A38105E02F46CCE701F060F8824658B1B7
:105EA0000AEB0703A9EB0707A760C4F810A0C4F822
:105EB000149023602F46BCE72169404600F0ACFDFA
:105EC000A3890C2243F04003C8F800204FF0FF30B4
:105ED000A381BAE72DE9F04F9368176883B0924623
:105EE000002B74D04FF0000B8B680A6881460C467B
:105EF0005D4645E0B4F90C3013F4906F2CD0D4E932
:105F00000401161A01EB410202EBD272711C52100D
:105F10002944914292BF904688460A465B0539D58E
:105F20001146484600F0F8FC019000283DD032466A
:105F3000216900F027FFA289019B22F4906242F0C0
:105F40008002A2819819A8EB0606A660C4F8148006
:105F500023612060A8462E463246594600F0BAFD1D
:105F6000DAF80810A3682268A3EB08033244491B3F
:105F7000A3602260CAF8081049B3D7E900B5083712
:105F800098461046002DF8D09D421E46B2D2A84633
:105F90002E46E1E70146484600F0E0FF03460028B0
:105FA000D0D12169484600F037FDA3890C2243F087
:105FB0004003C9F800204FF0FF30A38100220023E6
:105FC000CAF80820CAF8043003B0BDE8F08F0020FA
:105FD0000023CAF8043003B0BDE8F08F2DE9F04F7C
:105FE0001C468B891D069DB088468146934603D585
:105FF0000B69002B00F0F1800023099343F220038A
:10600000ADF829309BF800307D4D03940126002B1C
:1060100073D0DA4603E01AF8013F002B75D0252B28
:10602000F9D1BAEB0B0473D19AF80020002A64D09E
:1060300000234FF0FF32CDE905230AF1010A049352
:1060400007938DF853301A9305E0049A06FA03F388
:106050001A430492A2465446052214F8011B28460E
:1060600000F0DEFDA346431B0028EED1049BD806BA
:1060700044BF20228DF8532019079AF8001044BF1E
:106080002B228DF853202A2950D1039A116804320B
:10609000002903927CDB07919AF801102E295BD02E
:1060A000584C0322204600F0BBFD38B1049B001B76
:1060B0004022824013430BF1010B04931BF8011B98
:1060C00051488DF82810062200F0AAFD002865D05E
:1060D0004E4B002B55D003AA00924D4B424604A9CB
:1060E0004846AFF3008007467A1C06D0099B3B4424
:1060F00009939BF80030002B8BD1B8F80C305B066D
:106100007AD409981DB0BDE8F08FBAEB0B04F4D037
:1061100023465A4641464846FFF77CFE0130ECD004
:10612000099B9AF80020234409937FE7A1F13002EC
:10613000092A88BFD346B1D8079B00E001342178F3
:1061400003EB830302EB4303A1F13002092AF5D9E3
:106150002E290793A346A3D19BF801102A2927D102
:10616000039B9BF802101A6805920433002A0BF176
:1061700002000393B8BF4FF0FF338346B8BF0593C7
:106180008EE7039B073323F0070308330393ADE740
:10619000494243F00203079104937DE703AA00926A
:1061A0001B4B424604A9484600F09CFF07469BE76C
:1061B000A1F130020023092A05930BF1010B3FF6F0
:1061C0006FAF1BF8011F03EB830302EB4303A1F145
:1061D0003002092AF5D9059362E7402100F09CFBC3
:1061E000C8F80000C8F8100018B14023C8F81430EF
:1061F00002E70C23C9F800304FF0FF3082E700BF00
:10620000D04B0200D84B0200DC4B02000000000023
:10621000155E010070B50F4B0F4DAB42A3EB0506A9
:1062200007D0B610002455F8043B01349847A64225
:10623000F9D804F03DFE094D094B5E1BAB424FEA15
:10624000A60606D0002455F8043B01349847A64220
:10625000F9D870BD68050020680500206805002099
:106260006C050020036A2DE9F041846880460E46E3
:10627000002B3BD0A3891B0717D52369ABB1013E87
:10628000A36816F8015F013BA360EDB1002B07DAAC
:10629000A7699F4222462946404610DC0A2D0ED0AF
:1062A00023685A1C22601D70EAE72146404600F030
:1062B00007FD0028E3D04FF0FF30BDE8F08102F089
:1062C0003FFD0130DCD1F6E7002B09DA22460A2136
:1062D000404602F035FD0130EDD00A20BDE8F081E6
:1062E00023680A22591C21601A70F6E700F0F4F8BE
:1062F000C0E700BF024B01461868FFF7B3BF00BFFD
:10630000A804002000207047024A0349034800F017
:1063100061BC00BFF804002021680100AC0400202B
:106320000C4B4168994210B5044601D000F078FA50
:10633000A168094B994202D0204600F071FAE16849
:10634000064B994204D02046BDE8104000F068BAE0
:1063500010BD00BF74D50020DCD5002044D600203D
:10636000002070472DE9F8432A4C2B49DFF8BC90F8
:10637000DFF8BC80294FC4F8381100250423082217
:10638000294604F15C00264EE360C4E90055C4E9E7
:106390000455A5606566A56100F05EF9214B636751
:1063A0000822294604F1C400C4E90849C4E90A875F
:1063B000C4E91A55C4E91E552567C4F8CC50C4F881
:1063C0008050266300F048F9174BC4F8DC302946AA
:1063D00004F16803082204F59670C4F88830C4E913
:1063E0002398C4E92576C4E93455C4E93855C4F87E
:1063F000D850C4F83451C4F8E85000F02DF904F135
:10640000D003C4E93D98C4E93F76C4F8F030BDE854
:10641000F88300BF74D5002009630100ED8E0100F0
:10642000118F01000900010012000200858E010099
:10643000AD8E0100F8B5254BD3F838310646002B58
:106440003CD0234FD7E90134013B04D51DE05A1C51
:1064500004F1680419D0B4F90C50013B002DF6D1B9
:106460001C4BE360C4E90155C4E904556566256029
:10647000A5610822294604F15C0000F0EDF8C4E9AA
:106480000D55C4E912552046F8BD3D680DB12F46A3
:10649000D8E74FF4D671304600F03EFA044680B19A
:1064A0000423C0E900530C302946A0604FF4D07299
:1064B000254600F0D1F83C602F46C3E7FFF752FFB6
:1064C000BFE70C2338603360DDE700BF74D50020E0
:1064D000F80400200100FFFF036A03B17047044B7A
:1064E000044AD3F838310262002BF7D13AE700BFF3
:1064F00074D5002021630100704700BF704700BFC2
:10650000024A0349002000F065BB00BFF8040020E8
:1065100005630100024A0349002000F05BBB00BF95
:10652000F80400206163010070B50C4B84B04FF09B
:10653000FF366946044600221868CDE9006602F07D
:1065400075FC0028B7BF3546DDE900013046294615
:106550000CB1C4E9000104B070BD00BFA804002064
:10656000000000000000000000000000000000002B
:10657000000000000000000000000000000000001B
:1065800030B490F800F020F007016FF0000C10F02C
:10659000070491F820F040F048804FF000046FF0BD
:1065A0000700D1E9002391F840F000F1080082FAD9
:1065B0004CF2A4FA8CF283FA4CF3A2FA8CF34BBBA4
:1065C000D1E9022382FA4CF200F10800A4FA8CF21D
:1065D00083FA4CF3A2FA8CF3E3B9D1E9042382FAEB
:1065E0004CF200F10800A4FA8CF283FA4CF3A2FA00
:1065F0008CF37BB9D1E9062301F1200182FA4CF238
:1066000000F10800A4FA8CF283FA4CF3A2FA8CF39E
:10661000002BC6D0002A04BF04301A4612BAB2FAC0
:1066200082F200EBD20030BC7047D1E9002304F0C5
:106630000305C4F100004FEAC50514F0040F91F8FA
:1066400040F00CFA05F562EA05021CBF63EA050397
:1066500062464FF00004AAE7830730B547D0541EC6
:10666000002A3ED0CAB2034601E0013C39D303F808
:10667000012B9D07F9D1032C2CD9CDB205EB0525B3
:106680000F2C05EB054535D9A4F1100222F00F0CB3
:1066900003F1100EE6444FEA121C1A46C2E90055F7
:1066A000C2E9025510327245F8D10CF1010214F022
:1066B0000C0F03EB021204F00F0C13D0ACF1040327
:1066C00023F003030433134442F8045B9342FBD1E9
:1066D0000CF003042CB1C9B21C4403F8011BA34203
:1066E000FBD130BD64461346002CF4D1F9E70346D4
:1066F0001446C0E71A46A446E0E700BFB1F90C30E3
:106700002DE9F0411E070C4680463DD44A68002A18
:1067100056DDE56A002D34D00022D8F80060C8F8B4
:10672000002013F48052216A57D101234046A84724
:10673000451C024666D0B4F90C30E56A216A580758
:1067400005D56368D21A636B0BB1236CD21A002390
:106750004046A847431C42D000236360236923605E
:10676000A389DF0400D56065616BC8F8006041B1A2
:1067700004F14403994202D0404600F04DF9002351
:1067800063630020BDE8F0810E69002EF9D09B07FD
:106790000D6808BF4B690E6018BF0023AD1B8B60EE
:1067A0000BE02B463246216AA76A4046B847B0F153
:1067B000000CA5EB0C05664406DD002DF1DCE0E7DE
:1067C0000A6C002AA5DCDCE7B4F90C3043F0400386
:1067D000A3814FF0FF30BDE8F081626DAFE7D8F8DC
:1067E0000010B4F90C301D29F0D80C4ACA40D50766
:1067F000ECD52269226000226260DA04B4D5002957
:10680000B1D0B1E7D8F80030002B94D01D2B01D0C7
:10681000162BD9D1C8F80060B3E700BF01004020B3
:106820000B69B3B110B5044682B008B1036A5BB11D
:10683000B1F90C3013B9002002B010BD204602B0EF
:10684000BDE81040FFF75ABF0191FFF745FE0199DF
:10685000EEE70020704700BFB8B138B50D4A0369B4
:10686000156804462BB10DB12B6A53B1B4F90C3045
:106870000BB9002038BD21462846BDE83840FFF757
:106880003DBF2846FFF728FEF0E7034A03490448C6
:1068900000F0A0B9A8040020F8040020216801003D
:1068A000AC040020014B1868704700BFA80400200A
:1068B000034B024618680B46816802F0E9B800BF36
:1068C000A80400208C4613468168624602F0E0B8B6
:1068D00070B5104E336805460C46B3B121462846C4
:1068E00002F0BEFA431C0CD0C41C24F00304A042E6
:1068F00005D0211A284602F0B3FA013001D0204613
:1069000070BD4FF0FF34204670BD194602F0A8FA62
:106910003060E3E7B0D600202DE9F843CD1C25F028
:10692000030508350C2D38BF0C25002D064618DB55
:10693000A94216D8DFF8DC8000F016FDD8F8042054
:10694000A2B1144603E0636822467BB11C4623686B
:106950005B1BF8D40B2B1FD89442636854D0536050
:106960000CE00C2333600020BDE8F8832946304654
:10697000FFF7AEFF431C044619D00560304600F017
:10698000F5FC04F10B00231D20F00700C21A1CBF08
:106990001B1AA350BDE8F88361199442256014BF07
:1069A0005160C8F80410635163684B60E6E7D8F89B
:1069B00004701FB33C467F68002FFBD12368394623
:1069C000304604EB030902F04BFA814516D12368E7
:1069D000ED1A29463046FFF77BFF01300ED02368C1
:1069E000D8F804202B442360536883B1A34203D01A
:1069F0001A465B689C42FBD10023B0E70C2333604E
:106A0000304600F0B3FCAEE7C8F80430B6E7C8F88B
:106A10000470B3E7B0D60020002950D038B551F843
:106A2000043C0C1F002BB8BFE418054600F09CFC8A
:106A3000274A13682BB1A3420CD9216860188342FE
:106A40002CD0636028461460BDE8384000F08EBC4E
:106A5000A3420FD81A465B68002BF9D11168501871
:106A6000844217D02CD3636054602846BDE8384078
:106A700000F07CBC11685018A04214D020D82168C6
:106A800060188342EFD118685B680844C4E90003CA
:106A90005460EAE723680B441360E6E718685B6814
:106AA00008442060CDE720680144501883421160FB
:106AB000DBD1D3E900040144C2E90014D5E77047F3
:106AC0000C232B602846BDE8384000F04FBC00BFC7
:106AD000B4D6002088420ED98B1883420BD900EB24
:106AE000020C002A6ED0624613F801CD02F801CDE7
:106AF0009942F9D170470F2A0FD8034602F1FF3CA3
:106B0000002A5FD00CF1010C013B8C4411F8012BE1
:106B100003F8012F6145F9D1704740EA01039B0753
:106B200051D1A2F1100370B501F1200C23F00F0533
:106B300001F1100E00F11004AC441B095EF8105C6A
:106B400044F8105C5EF80C5C44F80C5C5EF8085C81
:106B500044F8085C5EF8045C44F8045C0EF1100E26
:106B6000E64504F11004E9D1013312F00C0F01EBFA
:106B7000031102F00F0400EB031328D0043C24F0AF
:106B800003064FEA940C1E441C1F8E465EF8045BFD
:106B900044F8045FB442F9D10CF1010402F003029D
:106BA00003EB840301EB840102F1FF3C4AB10CF1D9
:106BB000010C013B8C4411F8012B03F8012F6145B6
:106BC000F9D170BD704702F1FF3C03469AE72246B7
:106BD000EAE700BF2DE9F8430746884616464FF01E
:106BE0000009D6E90154013D10D4A389012B08D92D
:106BF000B4F90E3001332146384602D0C04749EA85
:106C00000009013D6B1C04F16804EED13668002ECA
:106C1000E7D14846BDE8F88300000000000000000E
:106C200001F0FF01102A2BDB10F0070F08D010F83D
:106C3000013B013A8B422DD010F0070F42B3F6D141
:106C4000F0B441EA012141EA014122F007047FF05A
:106C500000070023F0E80256083C85EA010586EAB1
:106C6000010685FA47F5A3FA87F586FA47F6A5FAED
:106C700087F68EB9EED1F0BC01F0FF0102F00702F9
:106C800032B110F8013B013A83EA010313B1F8D1A4
:106C90000020704701387047002D06BF3546033885
:106CA000073815F0010F07D1013015F4807F02BFBE
:106CB000013015F4C03F0130F0BC0138704700BF0F
:106CC00038B52F4B1B6805460C4613B11A6A002ACB
:106CD0004BD0B4F90C3018071CD5226922B313F03D
:106CE000010107D0616900204942A060A1613AB169
:106CF000002038BD980758BF6169A160002AF7D10C
:106D0000190658BF1046F4D543F04003A3814FF055
:106D1000FF3038BDD9062CD55A0712D4226943F06A
:106D20000803A381002ADAD103F42071B1F5007FB2
:106D3000D5D02146284600F061FBB4F90C30226919
:106D4000CDE7616B51B104F14402914204D0284671
:106D5000FFF762FEB4F90C30002262632269002161
:106D6000C4E9002123F02403D9E71846FFF7B4FB58
:106D7000AFE7092243F040032A60A381C7E700BFC1
:106D8000A8040020844641EA000313F003036DD1F8
:106D9000403A41D351F8043B40F8043B51F8043BDE
:106DA00040F8043B51F8043B40F8043B51F8043BE5
:106DB00040F8043B51F8043B40F8043B51F8043BD5
:106DC00040F8043B51F8043B40F8043B51F8043BC5
:106DD00040F8043B51F8043B40F8043B51F8043BB5
:106DE00040F8043B51F8043B40F8043B51F8043BA5
:106DF00040F8043B51F8043B40F8043B51F8043B95
:106E000040F8043B51F8043B40F8043B51F8043B84
:106E100040F8043B403ABDD2303211D351F8043B24
:106E200040F8043B51F8043B40F8043B51F8043B64
:106E300040F8043B51F8043B40F8043B103AEDD2D3
:106E40000C3205D351F8043B40F8043B043AF9D224
:106E5000043208D0D2071CBF11F8013B00F8013BF7
:106E600001D30B8803806046704700BF082A13D304
:106E70008B078DD010F003038AD0C3F10403D21A1C
:106E8000DB071CBF11F8013B00F8013B80D331F850
:106E9000023B20F8023B7BE7043AD9D3013A11F8D0
:106EA000013B00F8013BF9D20B7803704B7843703B
:106EB0008B7883706046704738B50B4B1D68696BE3
:106EC000044621B12046BDE8384001F005BC24202D
:106ED00002F08CFB014668630028F3D10A46034B9D
:106EE0000348322101F07CFFA8040020E44B02009B
:106EF000FC4B020040EA01039B0710B501D1032AB5
:106F000017D8844601F1FF3E07E01EF8011F03F881
:106F1000011B541E29B19C4622466346002AF4D127
:106F200010BD9444002CFBD003F8011B6345FBD13A
:106F300010BD8E468446DEF80040A4F1013323EAFA
:106F4000040313F0803F71460EF1040EDAD1043AC7
:106F5000032A4CF8044BEED87146D3E72DE9F041F3
:106F6000144641B30AB306460D4601F0D5FF8442EC
:106F7000074602D8B4EB500F13D821463046FFF72E
:106F8000CBFC804650B1BC422246294628BF3A4637
:106F9000FFF7F8FE29463046FFF73EFD4046BDE8C4
:106FA000F081A8464046BDE8F081A046FFF734FDD9
:106FB0004046BDE8F081BDE8F0411146FFF7ACBCAA
:106FC0002DE9F84F92461F460A698B68DDF8289034
:106FD0009A42B8BF1A46CAF8002091F843300C46CE
:106FE000064613B10132CAF80020226891065FD527
:106FF000DAF800300233CAF80030226812F0060FC7
:1070000011461DD1E1689942D8BF114618DD4FF0F5
:10701000000804F1190B05E0E568DAF80030ED1A14
:1070200045450CDD01235A4639463046C8470130F4
:1070300008F10108F0D14FF0FF30BDE8F88F21686A
:1070400094F84330003B18BF01238A060AD5E118A3
:107050005A1C302081F84300224494F8451082F8ED
:107060004310023304F1430239463046C847013029
:10707000E1D02368DAF80050216903F00603042BFD
:10708000D4E902201BD08A4220DD4FF00008521ABA
:1070900090441A34002501E0454517DA01232246C1
:1070A00039463046C847013005F10105F4D1C2E741
:1070B00012F0060F0DD0003B18BF0123D2E7401B92
:1070C0008A4220EAE078E2DC0028E2DC0020BDE829
:1070D000F88FE168DAF800309942D8BF114696DCA3
:1070E000AEE700BF2DE9F047174684B00A7E0C9D3D
:1070F0000C460646984601F1430C002A35D0A2F111
:107100005803D9B2202969D8202B67D8DFE813F0BB
:10711000E6006600660066006600660066006600BF
:10712000660066006600AC007000660066006600DF
:10713000660070006600660066006600210083003D
:10714000C60066006600B600660083006600660042
:10715000EC002B6822686169181D286010061B6806
:1071600002D4520600F1E08019600023E146236159
:10717000CDF800803B4603AA21463046FFF720FFAA
:10718000013020D023694A4639463046C047013095
:1071900019D02368E068DDF80C909B0718D54845A6
:1071A00016DD002504F1190A04E0E068A0EB0903EC
:1071B000AB420DDD0123524639463046C04701300F
:1071C00005F10105F1D14FF0FF3004B0BDE8F087C3
:1071D0004845B8BF484604B0BDE8F08784F842206F
:1071E000012004F142090023206184F84330BFE705
:1071F0002A682368111D1806296002D4590600F177
:1072000095801068014600286268C0F29380544857
:107210004FF00A0E15E020682B6810F0800F53F82D
:10722000041B02D1400648BF89B26F2A4C482B602C
:1072300014BF4FF00A0E4FF0080E0023626884F866
:107240004330002AA26051DB236823F0040323604B
:1072500000294BD1002A7BD1E146BEF1080F56D060
:10726000ACEB0903236183E72B681A6804332B60B6
:1072700004F1420984F842200120B4E72B686268D7
:10728000191D2960D3F8009000214846FFF7C8FC7B
:10729000002863D0A0EB09006060A4E7236843F0F6
:1072A0002003236078222F4884F845202A6813F0B1
:1072B000800F52F8041B03D113F0400F18BF89B29E
:1072C0002A60DA0744BF43F02003236019B923681A
:1072D00023F0200323604FF0100EAEE7582384F80C
:1072E00045301F482368E1E72368DBE77546E14640
:1072F000B1FBF5F305FB131A0A46AA4210F80A106F
:1073000009F8011D1946F3D2BEF1080FA8D1236870
:10731000DD07A5D5626823699A42A1DC302309F80C
:10732000013C09F1FF399BE719801EE7B2F9001013
:10733000084668E72D20002AA26084F8430002DB9B
:1073400023F0040323600A2505484942AE46CEE7F0
:10735000037884F8423004F142097EE7606842E72E
:107360002C4C0200404C0200704700BF704700BF29
:10737000002A3ED030B584460446084380070B46B9
:107380002ED1032A07D82BE0043A25D01EF0803FE7
:1073900022D1032A22D92068194653F8045BA0F1B0
:1073A000013EA842A4462EEA000E04F10404EBD0EC
:1073B0009CF800000C7884421DD1E64668B11EF8A6
:1073C000010F11F8014FA2EB0E03A04203F1FF33AE
:1073D00011D11CEB0303F1D1002030BDA4461946A6
:1073E0009CF800000C78A04205D1012AF4D0E646B2
:1073F000E4E710467047001B30BD00BF70B5B1F91F
:107400000C300C46990796B007D504F147030122CA
:10741000C4E90432236016B070BDB4F90E1000291F
:10742000054629DB6A4602F06DF9002822DB4FF49D
:1074300080612846019EFFF76FFA88B3A389206018
:1074400043F0800306F47046A381B6F5005F4FF465
:107450008063C4E90403DED1B4F90E10284601F0BC
:10746000BFFA0028D7D0A38923F0030343F0010318
:10747000A381D0E7B4F90C3013F0800F14BF40267D
:107480004FF4806631462846FFF746FA40B1A3899B
:10749000206043F08003C4E90406A38116B070BDE8
:1074A000B4F90C309A05B6D423F0030304F1470273
:1074B00043F002030121C4E90421A3812260AAE769
:1074C00070B50C46B1F90E10002996B015461E464F
:1074D0000FDB6A4602F016F900280ADB019B03F471
:1074E0007043A3F50053B3FA83F34FF480625B0952
:1074F00008E0A28912F0800F4FF0000314BF402271
:107500004FF48062002033602A6016B070BD00BF67
:10751000000000000000000000000000000000006B
:1075200002780B78012A28BF9A4240F0D8806DE992
:10753000044540EA0104CDE902676FF0000C4FEA10
:1075400044721AB380EA010414F0070F6BD100F003
:10755000070420F0070004F0030521F007014FEABB
:10756000C505F0E8042314F0040FF1E804670CFAF1
:1075700005F462EA040266EA04060BD063EA040337
:10758000624667EA0407664604E000BFF0E80423A9
:10759000F1E8046782FA4CF582EA0604A4FA8CF456
:1075A0006CBB83FA4CF583EA0705A5FA8CF595B90F
:1075B00050E9022351E9026782FA4CF582EA060497
:1075C000A4FA8CF483FA4CF583EA0705A5FA8CF546
:1075D0002543DBD09CB92DBAB5FA85F424F0070415
:1075E00027FA04F1DDE9026723FA04F303F0FF0050
:1075F00001F0FF01FDE80445A0EB0100704724BA4B
:10760000B4FA84F424F0070426FA04F1DDE90267F1
:1076100022FA04F202F0FF0001F0FF01FDE8044548
:10762000A0EB0100704714F0030F3CD110F00304ED
:1076300028D150F8082B51F8083B82FA4CF582EA21
:107640000305A5FA8CF55DB950F8042C51F8043CFB
:1076500082FA4CF582EA0305A5FA8CF5002DE8D0F4
:107660002DBAB5FA85F424F0070423FA04F122FABE
:1076700004F202F0FF0001F0FF01FDE80445A0EB79
:10768000010070474FEAC40420F0030050F8082BB3
:1076900021F0030151F8083B0CFA04F462EA0402F9
:1076A00063EA0403C9E710F003041DD0A1EB040151
:1076B00020F00300E40750F8042B06D012D28B7898
:1076C0005FFAA2F4E41A06D12BB1CB785FFAB2F4D8
:1076D000E41A00D133B920465DF8104B7047A2EB95
:1076E0000300704701F1040150F8042BCC0721F08E
:1076F000030151F8043B48D824D222F07F4482FA97
:107700004CF594EA1325A5FA8CF50AD165B951F820
:10771000043B84EA0204B4EB036F0ED150F8042B4F
:10772000EBE74FEA132355E035F07F454DD108785C
:10773000FDE80445C0F1000070474FEA126203F013
:10774000FF0347E002EA1C4482FA4CF594EA134531
:10775000A5FA8CF50AD165B951F8043B84EA020414
:10776000B4EB034F0CD150F8042BEBE74FEA134373
:1077700030E015EA1C4528D10B884FEA124229E077
:107780004FEA124203EA1C4324E002F0FF0482FAAB
:107790004CF594EA1365A5FA8CF50AD165B951F850
:1077A000043B84EA0204B4EB032F09D150F8042B04
:1077B000EBE74FEA13630DE015F0FF0F05D10B68FF
:1077C0004FEA122223F07F4304E04FF00000FDE86F
:1077D0000445704712BA1BBA82FA4CF482EA0304D9
:1077E000A4FA8CF5B5FA85F402FA04F203FA04F36C
:1077F0004FEA1260FDE80445A0EB1360704700BF3C
:107800004269002A40F26C73A8BF6FF0630313440F
:10781000920710B407D1274C274A284904FB0322BA
:10782000B1EBB20F30D3244A224C254904FB032389
:10783000B1EB331F2CBF01220022D0E906315B00DF
:1078400003EB0113134441F2A26293422DD00BDCEF
:10785000012B1BDD0A3B172B29D81A48D84040F3CF
:1078600000005DF8044B704741F2B462934213DDAF
:10787000A3F5B653023B152B19D813485DF8044BFA
:10788000D84000F0010070470122D6E7DB43DB0F50
:1078900058425DF8044B704741F2B1608342D4BF57
:1078A000002001205DF8044B70470120D9E700203B
:1078B000D7E700BF295C8FC250B81E05285C8F0235
:1078C0000AD7A300CF00CC001F002A002DE9F04FFB
:1078D000144612788FB083460E4642B9154616B14B
:1078E00000230BF8053028460FB0BDE8F08F9A460C
:1078F000252A4FF0000302931D460CD0731EAB42A5
:1079000040F28F800BF80520013401352278002ADF
:10791000E5D0252AF2D16778302F6CD02B2F6AD092
:107920003946A1F13103082B04F101044FF000079F
:1079300068D945294FF000086ED04F296CD0A1F1CD
:107940002502552A6DD8DFE812F0B2016C006C00F8
:107950006C006C006C006C006C006C006C006C00C7
:107960006C006C006C006C006C006C006C006C00B7
:107970006C006C006C006C006C006C006C006C00A7
:107980006C00B602D802190246026C006A027F023D
:10799000710088006C006C006C00BB016C006C0016
:1079A0009F006C005A0470042F044104680378039C
:1079B0008A03FF0391036C006C006C006C006C0088
:1079C0006C00DD03D800BE01FA00FA006C00FA0278
:1079D000D8006C00A80171008800AD01C5016C00E1
:1079E0009F00CE010201180147045004D801F5019F
:1079F000280461041D03A178A1F13103082B04F1CF
:107A0000020496D806A920460A2201F035FB069CFE
:107A100021784529804690D1617801348FE701F0C3
:107A2000CDFD002528460FB0BDE8F08FC74BC84AF2
:107A30006B2908BF1A46DAF80830711B0BEB0500FA
:107A400000F002FE0028ECDB0544AE42E9D92378C1
:107A5000002B3FF444AF013458E7DAF80830002B2C
:107A600000F026840C2B09D0BA4880FB0320DA17DB
:107A7000C2EB600202EB4202A3EB8203B348B44ABA
:107A8000492918BF0246D8E7DAF808300B2BB24B69
:107A9000D4BF0022012203EB8203D3F8A480404626
:107AA000FEF76EFD0028D2D0731E9D42B9D208F1B8
:107AB000FF330BEB060CDFF8BC921F180CF1FF3CF8
:107AC0000BEB050201E09445ABD0207850289E4690
:107AD00013F8011F07D119F8010000F00300012875
:107AE00004BF2031C9B29F4202F8011BEBD10EF155
:107AF0000203A3EB08031D44A9E7974BDAF8102013
:107B000053F822703846FEF73BFD00289FD0731EC5
:107B1000AB4286D95D44411906EB0B007B1E013850
:107B200002E0A8423FF47DAF13F8012F2A702A46E5
:107B30000135A942F5D1CBF10105154487E7844B06
:107B4000824A642908BF1A46DAF80C3075E7824B7E
:107B5000D3F8E4703846FEF713FD3B78002B3FF472
:107B600076AF3A465346711B0BEB0500FFF7AEFEAE
:107B700000287FF756AF054469E7DAF82030002B7C
:107B800080F29E834FF0000CE146DAF81480B8F1E1
:107B900045034FEAE87262F10002002AA6EB0501F4
:107BA0000BEB050002DA033342F1000208F1FF3764
:107BB0000397A8F146070497DFF8BCE1039F9B08F1
:107BC00043EA82739210059208F22B128EFB07781B
:107BD000039FFF17C7EB68178EFB028ED217C2EB0D
:107BE000EE12B3EB070E059B63EBE7731EEB020887
:107BF000049F43EBE27340F26D1202FB07FEDAF8DA
:107C00001C7018EB0E0243EBEE7312EB070E43EB06
:107C1000E7731EEB0E0243EB030712EB0E0243EB7E
:107C20000703DB00DAF8087043EA5273D20012EB64
:107C3000070E43EBE7731A014FEA0E17B7EB0E0777
:107C400042EA1E7262EB03039B0043EA9773BA0099
:107C5000DAF8047012EB070E43EBE7773A014FEACC
:107C60000E13B3EB0E0342EA1E7262EB07029200A0
:107C7000DAF8007042EA93729B00DB1942EBE7727C
:107C8000B3EB0C0362EB0902CDE90032334A00F09A
:107C9000DBFC0028BFF6D8AEC3E6DAF81C30304A69
:107CA0000133CAE6DAF810300133294AC5E6731EFB
:107CB000AB427FF6B6AE25230BF805300135C6E69C
:107CC000DAF80430F1E7244BD3F8A0703846FEF719
:107CD00057FC42E7731EAB427FF6A3AE0A230BF8B4
:107CE00005300135B3E6DAF810201E4B83FB021392
:107CF000A3EBE27301331C4A9FE60DF118091B49FF
:107D00004846FEF729F84846FEF73AFC09EB00031F
:107D1000002F00F0A482B8F1050F09F8007003F1FC
:107D2000010700F2188312493846FEF715F853464A
:107D30004A4618E7731EAB427FF673AEDAF8183086
:107D400030330BF80530013581E600BF744C02007A
:107D50006C4C0200ABAAAA2A08500200B44C0200E4
:107D6000984C020056555555A04C0200CC4C0200D0
:107D7000D44C0200054F02001F85EB51CD49DAF8C3
:107D80001430B8F1020F38BF4FF002088B42ACBF7D
:107D900000210121721B002B0BEB05090392C0F29D
:107DA0007083C54A82FB0302D817C0EB6210133000
:107DB000002F40F0C182C14ADFF824C3A8EB0101C3
:107DC000CDE900106346711B484600F03DFC0028D9
:107DD000BFF63AAE25E6DAF81400DAF81070DAF8F1
:107DE0000C30002807F101070BEB0508A6EB05098D
:107DF000C0F23783B04981FB0021C217C2EB611288
:107E0000642101FB1202CDE900324946AC4A3B46EF
:107E1000404600F019FC0028BFF616AE01E6252307
:107E20008DF81830002F00F02982B8F1050F8DF879
:107E3000197000F28B820DF11A073846A149FDF73F
:107E40008BFF534606AA8EE6DAF8142003925046BA
:107E5000FFF7D6FC039A002A8646C0F2CB829648EA
:107E600080FB0230D317C3EB601303F11309944670
:107E7000914BA3FB0C035809BEF1000F4FF06403B4
:107E800003FB10C0C0F28F8200F05083894B9A42EE
:107E9000C0F2668200227044411C00F08D8264288A
:107EA00004BF09F101090020642303FB0903002A30
:107EB00000F0F6814FE1844BDAF8182003EB8203DF
:107EC000DF6F3846FEF75CFB00283FF4C0AD731E41
:107ED000AB427FF6A6AD5D44411906EB0B007B1E5D
:107EE000013802E0A8423FF49CAD13F8012F2A703C
:107EF0002A460135A942F5D11DE6DAF81030724A5A
:107F00000C3352F823703846FEF73AFB00283FF452
:107F10009EAD731EAB427FF684AD5D44411906EB06
:107F20000B007B1E013802E0A8423FF47AAD13F843
:107F3000012F2A702A460135A942F5D1FBE55046AA
:107F4000FFF75EFC0746DAF814000028C0F2B8829A
:107F5000594A82FB0032C317C3EB6213642202FB4F
:107F60001303554AF81882FB0073C117C1EB631164
:107F7000642303FB11001844A2FB0012520903FB07
:107F8000120392E6DAF82030002BFFF664AD01F020
:107F900013FB029B002B00F0FF8101F0AFFBDAF82E
:107FA0002030002BD4BF00230123013303EB8303D4
:107FB0000BEB050950F8337001F000FB434B7F4297
:107FC00083FB07204FEAE7783844711BC8EB601049
:107FD000029101F0D3FA3D4B029983FB003C3C4BEC
:107FE000024683FB07E384443B44D717C7EB6C1777
:107FF000C7EB0717A2EB870200924846354AC8EB49
:10800000E32300F021FB0028FFF60BAD0544AE4250
:108010007FF607AD0123029319E55046FFF7F0FB09
:10802000DAF81820002A00F04681013A0028DAF830
:108030001C3040F36081012337E6DAF81830002B5A
:1080400000F03481013BDAF81C200732D21A224BAF
:1080500083FB02131344D217C2EBA30325E61A4B8A
:10806000D3F898703846FEF78BFA76E5DAF82030C8
:10807000002BFFF6F0AC01F09FFA029B002B00F002
:108080005282DAF82030154A002BD4BF0023012396
:1080900052F823703846FEF773FA014678B3731E20
:1080A000AB427FF6BCAC5D4406EB0B007B1E294463
:1080B00001381AE094F8FFFF1F85EB51544C020081
:1080C000784C02008C4C0200085002008988888895
:1080D000C5B3A291D84C0200932449920405002014
:1080E000F04C0200A8423FF49AAC13F8012F2A701A
:1080F0002A460135A942F5D1CBF10105154401F01D
:108100005DFA87E7DAF81830AD4A183352F8237071
:108110003846FEF735FA00283FF499AC731E9D42AD
:10812000BFF47FAC5D44411906EB0B007B1E0138A8
:1081300002E0A8423FF475AC13F8012F2A702A46DA
:108140000135A942F5D1F6E4DAF814309D4A93429C
:1081500080F2A480D31A2D228DF81820B8F1000FD8
:1081600001D008F1FF380DF119000DF11809252291
:108170000270002F6FD1013093490393FDF7ECFD9E
:10818000039B00934A464346711B0BEB050000F02E
:108190005BFA0028BFF658AC43E4894BD3F89C70D7
:1081A0003846FEF7EDF9D8E4DAF800300193DAF852
:1081B00004300093DAF80830844A711B0BEB050099
:1081C00000F042FA0028BFF63FAC2AE4DAF81C209F
:1081D000DAF81830073239E7731EAB427FF621AC6C
:1081E00009230BF80530013531E4731EAB427FF6ED
:1081F00018ACDAF81830002B5FD137235CE5DAF8D9
:1082000004300093DAF80830714ABDE7DAF8140058
:108210000028C0F26D816F4A82FB0032C317C3EBA6
:108220006213642202FB13033FE5DAF800303CE5F9
:1082300042F20F72934240F2A5808DF81870B8F1A7
:10824000000F01D008F1FF3825228DF819200DF11B
:1082500019000DF118093022427002308CE75F1CC2
:108260002B2309F8003004230EA9C91B38465A4AAB
:1082700000F0EAF90028C8BF3F1854E52B238DF819
:10828000193004230DF11A07534A1E21384600F015
:10829000DBF900287FF7D1AD3844CFE503F26C73EA
:1082A0002B2FC5D00DF11809484660E70623CAE612
:1082B0000C23FFF7E3BB0622B8E63033DBB2FBE466
:1082C00001F07AF9029B002B63D001F017FADAF87B
:1082D0002030002BD4BF00230123013303EB8303A1
:1082E00050F8337001F06AF97F4201230293BC46D3
:1082F0004FEAE77949E43BD0DAF814100029A2EB01
:10830000030340F26B72A8BF6FF0640211448A0746
:1083100040F0F3803148324A00FB012200F18040F6
:108320000138B0EBB20F80F0E88001229B1A042BD9
:10833000CCBF34233523B8E4632830DD294A2A4BE7
:108340002B2F0CBF94469C46284A37E5B8F106030C
:108350003FF471AD96E7B8F106033FF4E4AC83E770
:10836000431E002800F0D880642202FB0933F2E6A5
:108370000A339B1A1E4A82FB03121A44DB17C3EB13
:10838000A20392E425220DF118098DF81820484621
:1083900061E700F0FDFF98E700F0FAFFFDE5134A02
:1083A000DFF844C00AE57044064B9A42ACBF002295
:1083B0000122431C7FF478AD09F1FF39632073E596
:1083C0000850020094F8FFFF944C0200BC4C0200DD
:1083D000A84C02001F85EB51884C0200295C8FC21B
:1083E00050B81E05644C0200F04C02005C4C0200C8
:1083F00093244992049002F26C70039200F02CFDD9
:10840000584BDAF814C083FB009EBCF1000F4FEA12
:10841000E070C0EB6E19DDE9032EBFF629AD0CF25A
:108420006C70CDE9032E00F017FD4E4BDDF810E027
:10843000039A844683FB0C034FEAEC70C0EB631095
:10844000BEF1000F4FF0640303FB10C074DADAF8DA
:108450001410A3F2CF739942A5DA4FF0010E7246C1
:1084600019E500F26C70039300F0F6FC3D49039BA4
:1084700081FB0021C217C2EB6112642101FB1202D1
:10848000C1E403F26C700491039300F0E5FC024632
:10849000344880FB020CD017DDE90331C0EB6C10CF
:1084A000002F35D042F20F7C624552DCDFF8D4C099
:1084B0002D4ADFF8CCE02D4F7345B8BFBC467DE4B4
:1084C00000F26C7000F0C8FC264A82FB0032C31731
:1084D000C3EB6213002F4FF0640202FB13032EDA8A
:1084E000DAF81410A2F2CF729142B8BF012738E532
:1084F00000F26C7000F0B0FC8DE61D481D4A00FBD8
:1085000001221D49B1EB321F2CBF012200220DE7D1
:10851000DFF870C0194ACCE709F1FF33642202FB8F
:1085200003F3633317E600F033FFAAE5144B9A42D6
:10853000ACBF00220122B7E47FF4A8AC34E73FF4DB
:1085400010AD0F4ADAF814109142B8BF4FF0FF3760
:1085500007E50C4ADFF830C02B2F18BF9446024ABB
:10856000A7E700BF1F85EB515C4C0200684C02007E
:10857000295C8FC250B81E050AD7A300544C0200D4
:1085800094F8FFFFF04C0200644C0200FFF79EB924
:10859000FFF79CB908B5064B044613B1002101F062
:1085A00071FC044B1B6803B19847204602F07EFC27
:1085B000859E0100ACD60020002301461A461846CD
:1085C00001F046B808B410B5002A9DB0044636DB69
:1085D0004FF40273ADF814304FF000031B93029177
:1085E000069120AB17D0013A4FF6FF710492079223
:1085F000ADF816101F9A019302A9FDF7EFFC421C7B
:1086000001DA8B232360029B00221A701DB0BDE8A3
:10861000104001B070474FF6FF7104920792ADF819
:1086200016101F9A019302A9FDF7D8FC431C01DA2A
:108630008B2323601DB0BDE8104001B070478B2331
:1086400003604FF0FF30F5E70CB410B5214B002963
:108650001C689CB038DB4FF000034FF402721B9390
:10866000ADF81420029006901FAB18D001394FF6D8
:10867000FF7204910791ADF8162002A91E9A01938A
:108680002046FDF7ABFC421C01DA8B232360029BE2
:1086900000221A701CB0BDE8104002B070474FF6BF
:1086A000FF7204910791ADF8162002A91E9A01935A
:1086B0002046FDF793FC431C01DA8B2323601CB09A
:1086C000BDE8104002B070478B2323604FF0FF30AD
:1086D000F5E700BFA80400202DE9F0410C4607464D
:1086E00001F00CF821460646384600F065FE436965
:1086F0009907044603F26C780AD17F4A7F4B02FB4C
:10870000083302F18042013AB2EBB30FC0F0A98006
:108710007B4A82FB08324FEAE873C3EBE2134FF463
:10872000C87202FB1383002B0CBF30250025754B4C
:108730001D4400F041FF00F02BFE734B1B68A3B1FA
:108740007368434540F08F803068D7E90013D6E95D
:108750000872002840F09180B94273EB0202C0F227
:108760009A8001232362306D01E02362B06A674A78
:10877000674982FB0032C6170244C6EBE2234FF47E
:1087800061621E4602FB130381FB03121A44D917D0
:10879000C1EB6211D4E90002521AC1EB0111A3EB43
:1087A0008103C01AA3683B28A3EB0603C4E90002B7
:1087B000A3604EDD01323C38C4E900023B2A41DDB2
:1087C00001333C3AC4E90123172B1EDDD4E906210D
:1087D0000132072AA8BF00220131C4E90621D4E9E9
:1087E0000321183B0132C4E9023255F821309A4284
:1087F00006DDD21A0B29E26001F1010344D02361A6
:1088000000F0DCFE2046BDE8F081002BF8DAD4E968
:108810000621013A48BF06220139C4E90621E2686F
:108820001833013AA360E260002AE9D12369013BD1
:108830003DD423619B00EB58E36000F0BFFE20466F
:10884000BDE8F081002ABFDA013B3C32C4E90123D4
:10885000BAE70028B2DA013A00F13C01C4E900129B
:10886000ACE7302563E7404600F078FF00287FF44E
:108870006BAF4FF0FF33236278E7B94273EB02022C
:1088800009DA0023236271E7636900220133C4E936
:108890000423E261B4E7B26C9142F26C9341B4BF3D
:1088A000012300232362002B7FF45DAF5EE7636941
:1088B0000B215A1EC4E90412920703F26B730ED106
:1088C0000D490E4A01FB032201F180410139B1EB50
:1088D000B20F04D240F26D13E3612C23ABE7074AD9
:1088E000054901FB03230B4AB2EB331F2CBF0123C5
:1088F000002303F5B673EFE7295C8FC250B81E055D
:108900001F85EB5104510200BCD60020C5B3A291D3
:10891000898888880AD7A300032A30B415D941EA88
:108920000004A40784460B4604D0541E0FE0043A0A
:10893000032A08D91946604653F8044B5CF8045BD7
:10894000A542F4D0F1E760461946541E7AB1431EA1
:108950000139021901E09A4209D013F8010F11F808
:1089600001CF6045F7D0A0EB0C0030BC7047002071
:1089700030BC704771B1034600EB010C01E0634568
:1089800006D01A46013311780029F8D1101A704721
:10899000181A7047084670470EB400B582B003AB92
:1089A000816853F8042B019300F072F802B05DF86F
:1089B00004EB03B0704700BF0FB400B5074983B0A4
:1089C00004AB086853F8042B8168019300F060F849
:1089D00003B05DF804EB04B0704700BFA8040020AA
:1089E00038B5074D0022044608462A60E7F71EFE08
:1089F000431C00D038BD2B68002BFBD0236038BD52
:108A0000480A00209368013B002B936011DA10B4F0
:108A10009469A34209DB0A2907D01368581C106027
:108A2000197008465DF8044B70475DF8044B00F080
:108A300087B91368581C106019700846704700BF4A
:108A40009BB1F8B5134406460F46541E5D1E01E067
:108A5000AC4208D014F8011F3A463046FFF7D2FF67
:108A6000431CF5D1F8BD0020F8BD0020704700BFC1
:108A7000936810B514461BB918460023636010BDF7
:108A800000F006FB0023A3600023636010BD00BF5D
:108A90002DE9F04FA1B08B4691461C46049018B1C9
:108AA000036A002B00F01C81BBF80C30180740F162
:108AB0009580DBF81030002B00F090800023CA4630
:108AC0000D9343F22003ADF839309AF80030864E0A
:108AD00007940127002B79D0D14604E019F8013F13
:108AE000002B00F08580252BF8D1B9EB0A0840F067
:108AF000828099F80030002B68D000234FF0FF32BD
:108B0000CDE9092309F1010908930B938DF863302E
:108B10001E9305E0089A07FA03F31A430892A14648
:108B20004C46052214F8011B3046FEF779F8A246A0
:108B3000831B0028EED1089BD90644BF20228DF864
:108B4000632099F800101A0744BF2B228DF8632088
:108B50002A2966D1079A1168043200290792C0F2C7
:108B60009A800B9199F801102E2970D05F4C032246
:108B70002046FEF755F838B1089B001B4022824082
:108B800013430AF1010A08931AF8011B58488DF89B
:108B900038100622FEF744F8002800F08280554B7A
:108BA000002B69D007AA0092534B04985A4608A993
:108BB000AFF300800390039B013307D00D9B039A12
:108BC00013440D939AF80030002B85D1BBF80C307C
:108BD0005B060AD40D9821B0BDE8F08F0498594681
:108BE000FEF76EF800283FF469AF4FF0FF30F2E770
:108BF000B9EB0A08EAD00AF1FF35CDF81490A9467E
:108C0000049D01E0A0453ED94C465A4619F8011F83
:108C10002846FFF7F7FE02340130A4EB0A04F1D135
:108C2000D4E7A1F13002092A88BFCA469CD80B9B21
:108C300000E00134217803EB830302EB4303A1F14D
:108C40003002092AF5D92E290B93A2468ED19AF823
:108C500001102A292FD1079B9AF802101A6809924D
:108C60000433002A0AF102000793B8BF4FF0FF3324
:108C70008246B8BF099379E7079B073323F00703C0
:108C8000083307939AE70D99DDF81490414499F859
:108C900000300D912FE7494243F002030B910893F6
:108CA00060E707AA0092144B04985A4608A9FEF7F9
:108CB00019FA03907FE7A1F130020023092A0993F2
:108CC0000AF1010A3FF652AF1AF8011F03EB8303C2
:108CD00002EB4303A1F13002092AF5D9099345E7D4
:108CE000FDF7FAFBE0E600BFD04B0200D84B0200D4
:108CF000DC4B020000000000418A010010B4054C6A
:108D00008446134620685DF8044B0A466146FFF727
:108D1000BFBE00BFA804002038B5074D074C2C1B70
:108D2000A41005D0013C55F8043D9847002CF9D11A
:108D3000BDE8384002F0C2B8700500206C05002084
:108D4000F8B50D461446064610B1036A002B37D01D
:108D5000A389A269A2601A0719D52369BBB1226849
:108D60006169D31AEDB299422F4620DD0133A16823
:108D70000139A160511C2160157062699A420DD0C1
:108D8000A389DB0701D50A2D08D03846F8BD214656
:108D90003046FDF795FF38B92369E0E721463046B4
:108DA000FDF73EFD0028F0D04FF0FF37EDE72146FC
:108DB0003046FDF735FD0028F6D122680123D6E7BD
:108DC000FDF78AFBC4E700BF10B4044C03460A4613
:108DD00020685DF8044B1946FFF7B2BFA8040020D5
:108DE00000B50B4C25681446EE681A4685B003465C
:108DF0000D464CB107490095CDE9011430460649AE
:108E000000F012FC00F0BEFB04490C46F3E700BF83
:108E1000A8040020E44C0200F44C0200F04C0200D4
:108E200008B513460022FFF7DBFF00BF70B50C4604
:108E3000084D03460026204611461C462E60F8F7D2
:108E400047FE431C00D070BD2B68002BFBD0236075
:108E500070BD00BF480A00200028B8BF40427047DC
:108E600038B5074D0022044608462A6002F010F883
:108E7000431C00D038BD2B68002BFBD0236038BDCD
:108E8000480A002010B50C46B1F90E1000F098FB0E
:108E9000002803DB636D0344636510BDA38923F4DD
:108EA0008053A38110BD00BF002070472DE9F04121
:108EB0000C46B1F90C101F46CB05054616460BD4DF
:108EC00021F48051A1813B46B4F90E103246284668
:108ED000BDE8F04100F012BDB4F90E1002230022EB
:108EE00000F026FCB4F90C10EAE700BF10B50C4600
:108EF000B1F90E1000F01CFCB4F90C30421C0EBF8E
:108F000023F4805343F480536065A38110BD00BFF8
:108F1000B1F90E1000F03EBB51F8043C181F002BB5
:108F2000BCBF0B58C01870472DE9F04707464948A9
:108F30000E46354616F801EB10F80EC01CF0080C72
:108F4000F7D1BEF12D0F5AD0BEF12B0F03BF96F80B
:108F500000E06446AE1C64464BB9BEF1300F5CD0F5
:108F60000A23DFF8F4804FF0050A99460AE0102B37
:108F70004AD04FF0FF38B8FBF3F803FB08FA6FEA6A
:108F80000A0A99460025284605E02CD009FB00C0B6
:108F9000012516F801EBAEF1300CBCF1090F06D932
:108FA000AEF1410CBCF1190F0BD8AEF1370C634593
:108FB00010DDB5F1FF3FECD04045E6D94FF0FF356D
:108FC000E7E7AEF1610CBCF1190F03D8AEF1570C15
:108FD0006345EEDC6B1C0BD004B140420AB165B9AD
:108FE0001160BDE8F087D445D0DD4FF0FF35D0E704
:108FF00022233B602846002AF3D0711EF0E796F842
:1090000000E00124AE1CA7E7BEF1300F11D04FF0F5
:109010000F0A6FF070489946B4E7337803F0DF0326
:10902000582B0BD008234FF0070A6FF06048994681
:10903000A8E7307800F0DF005828E8D14FF0100999
:1090400096F801E04FF00F0A02366FF070484B4679
:1090500098E700BF054F02009999991964E700BF8E
:1090600010B4044C8446134620685DF8044B0A464D
:10907000614659E7A804002010B4044C8446134606
:1090800020685DF8044B0A4661464DE7A8040020BD
:109090009368002B00F0F8802DE9F04FB1F90CC077
:1090A0001CF0080F83B0904681460C4631D00B6906
:1090B0007BB31CF00207D8F8006038D00027D4F842
:1090C00028B0216ADFF8C4A23D4655452B463A46F2
:1090D00028BF53464846C5B1D847002840F3CA8048
:1090E000D8F808301B1A07442D1AC8F80830002B8E
:1090F00000F0B68055452B46D4F828B0216A28BF29
:1091000053463A464846002DE6D1D6E90075083662
:10911000DBE721464846FDF7D3FD002840F0AF804D
:10912000B4F90CC0D8F800601CF00207C6D11CF0DE
:10913000010A63D12368A168574618468B46002F61
:1091400058D01CF4007F00F0B580B9420A4600F206
:10915000E1801CF4906F2FD0216962695D1A02EBE7
:10916000420202EBD2726B1C52103B44934292BFFC
:1091700093469B461A461CF4806F00F0EA80114625
:109180004846FDF7C9FB002800F0F9802A4621690E
:109190000090FDF7F7FDA289009B22F4906242F057
:1091A0008002A2815819ABEB0505C4F814B0236105
:1091B000A5602060BB463A4651460092FDF78AFC06
:1091C000A1682368009AA1EB0B011A443D46A160F7
:1091D00022600027D8F808305B1BAA44C8F8083082
:1091E000002B3DD02368A168B4F90CC018468B460B
:1091F000002FA6D1D6E900A708369EE73846BB4621
:109200003D460097002D41D0002846D0009A2068A6
:10921000A168D4E90473AA4228BF2A46B84204D9F7
:1092200001EB030A524500F38580934275DC216A05
:10923000A76A5A464846B847B0F1000A1ADD009BB3
:10924000B3EB0A0300930FD00120D8F80830A3EB4A
:109250000A03D344A5EB0A05C8F80830002BD1D186
:10926000002003B0BDE8F08F21464846FDF7D8FA4C
:109270000028EAD0B4F90C3043F04003A3814FF04A
:10928000FF3003B0BDE8F08F0020704775683346AB
:109290000836002DFAD0D3F800B02A460A215846E5
:1092A000FDF7BEFC002867D00130A0EB0B03009354
:1092B0001A46ACE722699A4214D36269BA4211D8BD
:1092C0006FF00043BB4228BF3B46A56A93FBF2F315
:1092D000216A02FB03F348465246A847051EC9DD32
:1092E0007F1B77E7B94228BF39460D4618460A4624
:1092F0005146FDF7EFFBA1682368491B2B44A16091
:1093000023600029ECD121464846FDF789FA002860
:10931000E6D0AFE7BB463A464EE759460192FDF725
:10932000D9FB019AA3689B1AA360236813442360A6
:10933000924684E759465246FDF7CCFB23685344D6
:10934000236021464846FDF76BFA00283FF477AFCB
:1093500090E74846FDF702FE034600287FF422AF5F
:1093600021694846FDF758FBB4F90C300C22C9F8C6
:10937000002023F080037FE76A1C009247E70C225D
:10938000B4F90C30C9F8002076E700BF00FCFF7F7D
:10939000014B186800F0C8BAA804002008B500F016
:1093A0000BF9044B186800F0BFFABDE8084000F064
:1093B00005B900BFA8040020F8B5604A0C46002398
:1093C000D0E90001FBF7F0FB002AC0F2AD8000F508
:1093D0002F2000F66C205A49A1FB0251C90A4FF414
:1093E000616303FB1122574BA160A3FB02135B09CE
:1093F0006360C3EB0313A2EB8302534B2260C11CD7
:1094000083FB013C8C44CB17C3EBAC03C3EBC3031E
:10941000CB1A7CD40028A3617BDB4C4BC11783FBA8
:109420000023C1EBE3314A4B4A4A03FB01008308A6
:10943000A2FB0352484D00EBD222A5FB0363474E2B
:10944000A2EBD3120309A6FB0363A2EB1312444B56
:10945000A3FB0263D61A03EB560C9308A5FB035338
:10946000404D4FEA1C22A5FB0265DB09C3EB5513F7
:10947000034440F26D1000FB123303EB830E3A48B5
:109480000EF1020EA0FB0E0C4FEADC1C40F2F95567
:109490000CEBCC00AE4500EB0010344D00F10200A7
:1094A000A5FB00504FF4C8768CBF6FF0090502256C
:1094B00006FB01216544012D98BF01315E1CB3F507
:1094C000997FA6EB90000BD3A3F59973A1F26C7171
:1094D000E3610023E060C4E9045123622046F8BD43
:1094E00096070BD0224E06FB02F2224EB6EB321F3D
:1094F0002CBF012200223B331344E7E71C4E1E4FD2
:1095000002FB06F6B7EBB60FECD20122F3E7073306
:10951000A3610E4BA0F50E31A1F52C7183FB012345
:10952000C917C1EBE3317EE702F5A83200F52F2021
:1095300002F5C07200F66B204DE700BF80510100BC
:10954000C5B3A2918988888893244992BD066B3956
:109550004FC5FDFF7F206B39D97CC65941D67200BB
:1095600061F319671F85EB51D7802BD6CDCCCCCCBE
:10957000295C8FC20AD7A300285C8F020028B8BFDD
:109580004042704708B50620E7F738F8012001F09F
:109590008DFC00BF38B5074D0022044608462A60FE
:1095A000E7F734F8431C00D038BD2B68002BFBD004
:1095B000236038BD480A0020704700BF704700BFD5
:1095C00038B50C46084D8446114620461A460023FD
:1095D0002B606446ECF7A0FD431C00D038BD2B681F
:1095E000002BFBD0236038BD480A0020024B014607
:1095F0001868FDF791B900BFA8040020024B01468E
:109600001868FDF709BA00BFA80400200CB400B523
:1096100083B004AB53F8042B0193FFF739FA03B07E
:109620005DF804EB02B070470EB410B583B005AB23
:10963000064C53F8042B019301462068FFF728FAE3
:1096400003B0BDE8104003B0704700BFA80400207D
:10965000F0B5264C256883B006460F4605B36C6806
:109660001F2C3FDCA6B1D5F8880048B3D0F8001114
:1096700040F824204FF0010C0CFA04FC00EB8402AB
:109680004CEA0101022EC0F80011C2F8803010D05F
:10969000A31C01346C6045F82370002003B0F0BDBA
:1096A00013481449216010B10068C1F88800114DB9
:1096B000D5E7D0F8043143EA0C03C0F80431E7E7FA
:1096C0000D49CDE9002369B14FF48470FFF78EFF97
:1096D00040B10021C0E94011DDE900236C68C5F804
:1096E0008800C5E74FF0FF30D8E700BF68D70020FB
:1096F00000000000C0D60020ED9501000048704732
:109700001005002070B50C46084D03460026204683
:1097100011461C462E60E6F781FF431C00D070BD49
:109720002B68002BFBD0236070BD00BF480A0020CF
:1097300038B50C46084D8446114620461A4600238B
:109740002B606446E6F779FF431C00D038BD2B68D8
:10975000002BFBD0236038BD480A00202DE9F047DC
:109760000446FFF7CBFF40F2B1739C4240F3A68062
:109770006FF4F6675A4A446004EB070C40F26D152B
:10978000A4F26D73A4F2B2714FEAAC0C05FB01CCEC
:1097900082FB0351DB17A3EB61136FF4C86E9C448B
:1097A00004EB0E03A2FB03234E4D0CEBD31C02462D
:1097B00000F1500E117A53694A291CD0442939D13D
:1097C00063449169976ACE17C3FB0516C91946EB26
:1097D000E776C2E9081628329645EBD1046A816C17
:1097E000436AC26C8C429341B4BF012300230360DF
:1097F0000120BDE8F087A6070CEB03010ED13A4F1C
:109800003A4E07FB046607F18047013FB7EBB60FFE
:1098100004D23B2BC8BF01314B1ED2E7324F334E2F
:1098200007FB0466324FB7EB361FF5D33B2BC8BF9F
:109830000131F1E7A10744D0294E86FB0416E11758
:10984000C1EBE6114FF4C87606FB114100290CBFAD
:109850004FF030084FF0000826498844D1680129AC
:109860003CDD4FEA810AAAF10809C144A8F10401CC
:10987000664651F8047F89453E44FAD1AAF10401B5
:1098800088441D4F311D87FB01798944CF17C7EBF1
:10989000A907C7EBC707C91B591A1369D8F8007085
:1098A00003F1FF3348BF0731C3EBC3030B44BB4293
:1098B00002DB073BBB42FCDA334482E70020BDE811
:1098C000F087094E094906FB041106F18046013E66
:1098D000B6EBB10FB0D24FF03008BDE76646D0E727
:1098E0001F85EB5180510100295C8FC250B81E05C5
:1098F0000AD7A300045102009324499238B50C46BC
:10990000084D8446114620461A4600232B606446C3
:10991000ECF7E2FB431C00D038BD2B68002BFBD0DA
:10992000236038BD480A00202DE9F04F8FB005466E
:10993000FFF7E4FEC1490446284600F045FB804697
:10994000002800F01D81BE4E316829B1FDF7E8FD09
:10995000002800F03B8131680846FFF74FFE404683
:10996000FCF70EFE411C2846FCF7D6FF306010B114
:109970004146FCF7F1F9B34EB34FB44D0023C4E9AF
:109980000333C4E90533C4E90D33C4E90F3333604D
:109990003B60A3622365AE4BC5E900334A232372C3
:1099A00084F8303000220023C4E90823C4E91223DC
:1099B00098F800303A2B04BF98F8013008F10108FC
:1099C0003C2B00F006810DF1300BA24AA2495B4608
:1099D000404600F0FFF9002840F3F8800C98C21EC2
:1099E000072A00F2F38018F800202D2A08EB00095E
:1099F00000F006812B2A08BF09F101094FF0010888
:109A00000AAB002202930DF126030093ADF8262045
:109A1000ADF828209149CDF80CB0CDF804B05B46E4
:109A200009AA484600F0D6F9002840F3CF80BDF8D7
:109A300026200C98C2EB0211BDF8282002EB81020F
:109A4000BDF824104FF4616C0CFB012208FB02F3FB
:109A500019F8002005933C2A814400F005817D4BD4
:109A60007D490C331A46069348465B4600F0B2F92E
:109A7000002840F315810C9AD11E072900F2A68018
:109A800019F802102D2909EB020800F0BE802B29DD
:109A900008BF08F101084FF001090AAB0022CDE927
:109AA00001B30DF126030093ADF82420ADF8262074
:109AB000ADF828200C926949CDF80CB05B4609AA94
:109AC000404600F087F9002840F3FE80BDF82620CC
:109AD000C2EB0211BDF8282002EB8102BDF8241070
:109AE0004FF4616000FB012209FB02F20C9907921E
:109AF00000238844A246049398F80090B9F12C0FF3
:109B000004BF98F8019008F10108B9F14D0F00F079
:109B1000DF80B9F14A0F08BF08F101084FF00A02CF
:109B20000DA9404618BF4FF04409FFF7A5FA0D9B59
:109B3000ADF82E00434500F0BA8080B28AF8089054
:109B4000CAF8140098464FF000094FF00203ADF830
:109B50002430ADF82690ADF82890CDF8309098F8E4
:109B600000302F2B00F0E1804FF4E153CAF8183099
:109B7000049B0AF1280A002B4CD101230493BBE774
:109B8000324A37492F482E4DC0F800804A23C2E997
:109B9000001100200021237284F830302A4BC4F8D1
:109BA0002880C4E90801C4E91201C4E90388C4E9B2
:109BB0000588C4E90D88C4E90F882868C4F8508076
:109BC000C3F80080FFF71AFDC5F800800FB0BDE8AC
:109BD000F08F08F101090DF1300B1E4A21495B4657
:109BE000484600F0F7F80028F0DD0C98C21E072A5E
:109BF000ECD819F800203E2AE8D108F10208F2E674
:109C000009F101094FF0FF38FAE608F101084FF0B9
:109C1000FF3942E7059B079AA3620E4B22652B6032
:109C20006068069B6B60FFF799FDA26A236D326046
:109C30009B1A18BF01233B60C8E700BF804E02009B
:109C40004CD70020B8D60020BCD600200405002048
:109C5000F04C020050D70020984E0200A84E02009F
:109C6000244D0200844E0200504B51490C3309F13F
:109C7000010A1A46069350465B4600F0ABF80028EE
:109C80000ADD0C9AD11E0729A0D81AF802103E2925
:109C90009CD109F10209F3E699F801203E2AF0D19E
:109CA000424BC5E90033059BA36233608EE7049AFB
:109CB000002A5BD04D2284F830200B210122C4E918
:109CC0000D120022E2633DE7059BA3F561620DE7FB
:109CD0000DF12E0302930BAB00933649CDF80CB077
:109CE000CDF804B05B460DF12A02404600F072F850
:109CF00003287FF46BAFBDF82A305A1E0B2A3FF6BB
:109D000065AFBDF82C20511E04293FF65FAFBDF8AA
:109D10002E1006293FF65AAFCAE903328AF8089096
:109D2000CAF814100C9B98440DE70AABCDE901B3B7
:109D30000DF1260300932049CDF80CB05B4609AA2B
:109D4000404600F047F8484518DDBDF826300C992C
:109D5000C3EB0312BDF8283003EB8203BDF82420C7
:109D600088444FF4616101FB0233FFE662614D22DA
:109D7000227203200222C4E90302E3E64A23002000
:109D80000021C4E90801C4E91201C4E90399C4E946
:109D90000599C4E90D99C4E90F992372C4F8289074
:109DA00084F83030C4F8509010E700BF50D700203E
:109DB000844E0200BC4E0200D04E020010B5044694
:109DC000FFF7FAFB2046FFF7AFFDBDE81040FFF7B5
:109DD000F5BB00BF0EB470B59DB021AC00254FF4AB
:109DE000017254F8046BADF814201B950290069094
:109DF000FCF7C6FB0B4B0B930B4B03904FF6FF711D
:109E00000790ADF8161018680F953246234602A940
:109E10001495019400F03EF91DB0BDE8704003B008
:109E2000704700BFA98E0100A80400200CB4F0B553
:109E30009DB022AC00254FF401730646084654F845
:109E4000047BADF81430029106911B95FCF798FB4A
:109E50000346039307930A4B0B934FF6FF73ADF83A
:109E600016303A463046234602A90F9514950194C0
:109E700000F010F91DB0BDE8F04002B0704700BF1F
:109E8000A98E01002DE9F04FDFF8B890D9F80060F5
:109E900083B0002E34D0884601907568D6F888705B
:109EA0006C1E2DD4013506EB850507F1800BB8F14A
:109EB000000F28D173682A68013BA34216BF002314
:109EC00074602B60BAB1D6F804A06FB3D7F8001154
:109ED0000123A3400B4227D0D7F8040157F82410E0
:109EE00003422BD1019890477368D9F8002053455D
:109EF00020D1B2421ED1013C631CA5F10405D6D18C
:109F000003B0BDE8F08F57B15BF824304345D1D0A2
:109F1000013C621CA5F10405F2D0002FF4D1013CF4
:109F2000EED3013CFBD2EBE790477368D9F80020F1
:109F30005345DED0002AE3D01646AEE708469047E8
:109F4000D2E700BF68D700202DE9F047DFF8749012
:109F500007460E46904600F03FF8D9F800504DB144
:109F600033781C466BB1344602E014F8013F3BB134
:109F70003D2BFAD1384600F031F80020BDE8F087DB
:109F8000A41B28680028F5D022463146FDF7F0F9D9
:109F900028B92868035D3D2B00EB040A04D055F86E
:109FA000040F0028F0D1E5E7D9F80030EB1A9B1038
:109FB0003846C8F8003000F011F80AF10100BDE899
:109FC000F08700BF0000002000B583B001AAFFF7B2
:109FD000BBFF03B05DF804FB704700BF704700BFD4
:109FE00038B54B1C1AD09389144623F020035268CD
:109FF000A381636BCDB2A3B1A36B934209DD236848
:10A000005A1E226003F8015C6368013363602846CE
:10A0100038BD214600F086FC0028F0D04FF0FF3517
:10A02000F5E7236921682BB18B4203D211F8013C7B
:10A03000AB420ED02346C4E90F1204F144000322C0
:10A040006063A26303F8465F0122C4E90032284638
:10A0500038BD01390132C4E90012D8E710B50C4609
:10A06000496B69B104F14403994201D0FCF7D4FC77
:10A07000236C63600020606313B1E36B236010BD49
:10A08000A2892369002142F020026160A2814FF081
:10A09000FF30F3E72DE9F047ADF5247D92F800900D
:10A0A00001930023CDE94533864BA1930DF10808B8
:10A0B000854BA293CDF81C81B9F1000F14D0834FCA
:10A0C00017F80930924613F0080306460C460AF1C9
:10A0D00001052ED1B9F1250F45D06368002B08DDAD
:10A0E00023681A784A450FD045980DF5247DBDE8C0
:10A0F000F087A29B214630469847002840F00B810C
:10A1000023681A784A45EFD1013323606368013B25
:10A110006360469B0133AA4646939AF80090B9F1D2
:10A12000000FE1D017F8093013F008030AF1010518
:10A13000D0D062680DE023681A78BA5C110703F189
:10A1400001030ED562684699013AC4E90032013133
:10A150004691002A21463046EDDCA29B9847002814
:10A16000E9D0AA46D9E7449342939AF801102A29E4
:10A1700005D1102342939AF802100AF10205A1F1C9
:10A180003003092B0DD8002303EB830301EB4301BC
:10A19000A1F13003449315F8011FA1F13002092AFF
:10A1A000F2D9DFF82CA103225046FCF739FD38B173
:10A1B000429AA0EB0A0001238340134301354293E6
:10A1C000AA461AF8013B782B00F28480DFE813F0EE
:10A1D000A900820082008200820082008200820048
:10A1E000820082008200820082008200820082005F
:10A1F000820082008200820082008200820082004F
:10A20000820082008200820082008200820082003E
:10A21000820082008200820082001101820082009E
:10A22000820082008200820082008200820082001E
:10A23000820082008200820082008200820082000E
:10A2400082008200820082008200820082008200FE
:10A2500082008200820082008200C700C700C7001F
:10A2600082008200820082008200820082008200DE
:10A2700082008200820082008200820082008200CE
:10A28000CA0082008200FC008200820082008200FC
:10A290008200820082000701DE00C700C700C700FD
:10A2A00082000E018200820082008200E000EE0047
:10A2B000F20082008200F9008200DE00820082004B
:10A2C000CA0000BFE19F01005DA00100054F020030
:10A2D000D84B0200032348930A2343936368002B5F
:10A2E0004DDD429B580624D5489B022B40F38380CA
:10A2F000042B40F38780474B002B3FF40EAF01AB9C
:10A30000224642A93046AFF3008001283FF4ECAE6C
:10A3100002287FF402AF459818B1A3895B067FF548
:10A32000E4AE4FF0FF30E0E6A29B304698470028AD
:10A33000F1D122681378FB5C1907D5D5636846997B
:10A34000013B481C002B21464690636002F101024C
:10A35000EADD22601378FB5C1907C5D5EEE705231B
:10A360004893BBE7429A42F40072429210226E2B4D
:10A3700043921DD8032348936368002BB1DCA29B52
:10A380002146304698470028ABD0C4E70A22EEE7C2
:10A39000429BDA063FF5C1AE019A4699101D019025
:10A3A000DB0713684CBF19801960B6E60823439396
:10A3B0000423E0E7429B43F4087342931023439342
:10A3C000F6E70223489389E75146404600F05EFADB
:10A3D000429B43F04003429382460123CBE7429BDA
:10A3E00043F0400342930023489377E700234393CD
:10A3F000C0E7554671E601AB224642A9304600F05F
:10A400000BF882E701AB224642A9304600F06CF817
:10A410007BE700BF000000002DE9F8430D4614461D
:10A42000AA68896907462AB9002914BF4FF0FF328C
:10A430000122AA602A68D00603D41A68101D186089
:10A440001668DFF8A0804FF0000901B3012937D06A
:10A4500002293BD123681A7818F80220120735D454
:10A460002A68D10609F1010903D41B7806F8013BDB
:10A4700023686168AA6801390133013AC4E90031EF
:10A48000AA606AB1002904DDA9690029DED1236828
:10A49000E6E7D5F880312146384698470028F3D0C2
:10A4A0002B6813F0100305D1EA680132EA60AA694B
:10A4B00002B133702B694B4400202B61BDE8F88357
:10A4C00023686A691878125C002AC9D1B9F1000FB3
:10A4D000E6D101290846F1D02B6813F01003E9D129
:10A4E000E2E700BF054F02002DE9F04F87B00C46B0
:10A4F000074615468648874A00938B688969864EC9
:10A50000032908BF1046019096E8070003F1FF3CBD
:10A510000DF10C0ABCF5AE7F8AE8070040F2B0806E
:10A520006FF4AE7103EB010940F25D13A360A04626
:10A530004FF0000B58F81C2B42F450622260464644
:10A540002B68DAF8000019780222FCF769FB50B397
:10A55000BBF1010F0CD0BBF1020F00F0B280A36879
:10A560005A1EA260A3B94FF0010B0AF1040AE7E7F3
:10A57000D4E900321AB9082243F40073626023F46C
:10A58000A0632360A3685A1EA260002B00F08A809B
:10A590002B685A1C2A601B7806F8013B6B68013B4C
:10A5A000002B6B6073DD0BF1010BBBF1030FDCD1F2
:10A5B0006168002967D0C1F11001584B60691944E6
:10A5C00000F064F9A368002B00F09F804FF0000AB0
:10A5D00006E02B6801332B60A368013BA36003B343
:10A5E000D5F800E062699EF800C012F80C102268ED
:10A5F0003046B9B1BCF1300F22F4106155D0216062
:10A600009EF8003000F8013B06466B68013B002BCA
:10A61000294638466B60DCDCD4F880319847002846
:10A62000DAD02268D1050CD5464507D916F8011CA9
:10A63000D4F87C312A463846013E9847464562D0D8
:10A64000226812F0100211D132706368019D384601
:10A650004146A84723689A0646D500990B681A1DFB
:10A660000A601B681860E3680133E3602369A6EBA6
:10A670000806564433442361002007B0BDE8F08F3C
:10A680004FF0000953E70A236360062195E7D4F8E9
:10A690008031294638469847002884D022684FF0F8
:10A6A000000ABFE74FF0020B5FE71205A7D50133A1
:10A6B0000AF1010AB9F1000FA7D0A36009F1FF392F
:10A6C000A3E7236803F4C062B2F5007F7FF470AFA4
:10A6D00043F480732360A368102262605A1EA26054
:10A6E000002B3FF465AF53E7009D2A68DF0702F1B6
:10A6F000040103D5296013681880B4E7009B196032
:10A7000013681860AFE70120B7E79A4689E700BFF2
:10A710005D90010059A8010064510200E44E02005E
:10A72000242B2DE9F84F43D8012B41D080464948CE
:10A730001F468E4675461EF801BB10F80B4014F0FC
:10A740000804F7D1BBF12D0F6FD0BBF12B0F08BF61
:10A750009EF800B06FF0004908BF05F1020E73BB10
:10A76000BBF1300F4BD00A273B460025B9FBF7F66B
:10A77000284607FB169A05E03AD007FB00C00125E2
:10A780001EF801BBABF1300CBCF1090F06D9ABF1DF
:10A79000410CBCF1190F19D8ABF1370C63451EDD24
:10A7A000B5F1FF3FECD08642E6D24FF0FF35E7E748
:10A7B000FCF778F8162303600020BDE8F88F102B13
:10A7C000D3D1BBF1300F23D01F46CEE7ABF1610CE4
:10A7D000BCF1190F03D8ABF1570C6345E0DC6B1CDF
:10A7E0002BD054B9002AE8D085BB1160BDE8F88FA2
:10A7F000E245C2DA4FF0FF35C2E74042F2E79EF889
:10A80000003003F0DF03582B08D008273B46ACE7A5
:10A810009EF8000000F0DF005828D5D110279EF8E0
:10A8200001B03B460EF1020E9FE79EF800B04FF0DC
:10A83000004905F1020E012491E72223C8F80030F7
:10A8400032B10EF1FF3148461160CFE78146F8E79B
:10A850004846B2E7054F020062E700BF10B4044C5F
:10A860008446134620685DF8044B0A46614657E764
:10A87000A804002010B4044C8446134620685DF8F8
:10A88000044B0A4661464BE7A804002070B50C78DB
:10A890005E2C864624D00023481C9C46002263F38D
:10A8A000070263F30F2263F3174263F31F620EF58F
:10A8B0008071734643F8042B8B42FBD174B18CF04A
:10A8C00001010EF80410451C15F8013C2D2B0ED08B
:10A8D0005D2B0AD01BB11C462846F2E7013870BD3B
:10A8E00001234C78881C9C46D8E7284670BD90F818
:10A8F00001C0BCF15D0FEED06445ECDC661C02309B
:10A900000EEB060202F8011BA2EB0E03013B9C4575
:10A91000F8DCACEB0403013B6445A8BF002302351F
:10A92000F418D1E701F144032DE9F0410C46496BDD
:10A93000994214D0A66B77003A46FCF70FFB054608
:10A9400030B300EB0608014632464046FCF71AFADF
:10A95000C4E90D57C4F800800020BDE8F0814FF431
:10A960008061FBF7D9FF98B194F846304FF48062CC
:10A97000C4E90D0280F8FF3394F8453080F8FE33C7
:10A9800094F8442080F8FD2300F2FD332360E3E7D0
:10A990004FF0FF30E1E700BF70B54C1C2BD00E46E6
:10A9A0000546144610B1036A002B4CD0B4F90C30A4
:10A9B00023F020025807A28106D4D9061BD51B0715
:10A9C00034D442F00402A281626B6368F6B2AAB189
:10A9D000A26B9A4209DD23685A1E226003F8016CBB
:10A9E000636801336360304670BD21462846FFF737
:10A9F00099FF0028EFD04FF0FF36F4E72269216875
:10AA00002AB18A4203D211F8012CB2421ED022464A
:10AA1000C4E90F1304F1440003236063A36302F845
:10AA2000466F0123C4E90023304670BD2146284605
:10AA3000FBF7F6FE0028DED1B4F90C20A06022F06E
:10AA40000802A061BDE7FBF747FDAFE7013901331D
:10AA5000C4E90013C7E700BF10B4044C03460A461C
:10AA600020685DF8044B1946FFF796BFA804002044
:10AA700038B52DED028BB0EE418AF0EE618A55ECCF
:10AA8000104B00F045F830B9B0EE480AF0EE680A15
:10AA9000BDEC028B38BDB0EE480AF0EE680A00F05B
:10AAA00037F838B153EC182B20462946FAF70CF842
:10AAB0000028E9D0BDEC028B45EC104B38BD00BF3F
:10AAC00038B52DED028BB0EE418AF0EE618A55EC7F
:10AAD000104B00F01DF830B9B0EE480AF0EE680AED
:10AAE000BDEC028B38BDB0EE480AF0EE680A00F00B
:10AAF0000FF838B153EC182B20462946FAF702F824
:10AB00000028E9D0BDEC028B45EC104B38BD00BFEE
:10AB100053EC102B002B10460BD0B3F1004F08D094
:10AB2000104923F00042A2F5801C8C4506D8042071
:10AB3000704700280CBF022003207047B3F5801F28
:10AB40000DD303F10043B3F5801F08D3064B9A429F
:10AB500001D000207047B0FA80F040097047032010
:10AB6000704700BFFFFFDF7F0000F07F08B52DEDCD
:10AB7000028BB0EE408A00F02FF8B4EE488AF1EE76
:10AB800010FA0FD6B5EEC08AF1EE10FA0AD8B5EE7B
:10AB9000408AF1EE10FA08D1FBF784FE22239FEDE4
:10ABA000090A0360BDEC028B08BDFBF77BFEBDEC20
:10ABB000028B034621221A600348BDE8084000F0DA
:10ABC00005B800BF000080FFF04C02009FED010AB5
:10ABD000704700BF0000C07F08B510EE103A33F098
:10ABE00000422DED028B2CD0002B1A4632DBB3F144
:10ABF000FF4F41DAB3F5000F35DB0021D3157F3B62
:10AC00000B44D90FC1F17F0103EBD373C2F31602DA
:10AC100007EE903A42EAC15200EE102AB8EEE78AF7
:10AC200000F03CF8DFED177A9FED177A20EE270A47
:10AC3000DFED167AA8EE070AA8EE270ABDEC028B14
:10AC400008BDBDEC028B9FED127ADFED127A87EE24
:10AC5000270A08BDBDEC028B70EE407A9FED0D7A9D
:10AC600087EE870A08BDDFED0C7A60EE277A6FF079
:10AC7000180117EE902AC1E7BDEC028B30EE000AF6
:10AC800008BD00BFD95BDE3EDB27543580209A3EED
:10AC9000000000CC000000000000004C10EE102A64
:10ACA00032F000432FD0002A134633DBB2F1FF4FBE
:10ACB00040DAB2F5000F34DB4FF0000C6448C3F308
:10ACC0001601084400F4000282F07E520A43DB15AC
:10ACD00000EE102A7F3B5F4A634401F10F0CF7EE50
:10ACE000007A0CEA020230EE670A03EBD05322BB73
:10ACF000B5EE400AF1EE10FA62D1002B40F09080E0
:10AD00009FED550A70479FED557ADFED537A87EE38
:10AD1000270A704770EE407A9FED4F7A87EE870AD8
:10AD20007047DFED4F7A60EE277A6FF0180C17EE60
:10AD3000903AC3E730EE000A7047F0EE007A70EE0A
:10AD4000277A07EE103A80EE274A4648C1F5571297
:10AD5000084402F522720243002A9FED433ADFEDD8
:10AD6000434ADFED435ADFED433A9FED435ADFEDAF
:10AD7000437ADFED436A24EE046AF8EEC72A26EE32
:10AD8000067AE7EE034AA7EE235AE4EE875AE5EE89
:10AD9000076AE5EE877A67EE867AE6EE877A2ADD3D
:10ADA000B6EE007A20EE077A27EE007A77EE877A01
:10ADB00067EE847A3BBB37EE677A30EE470A70471E
:10ADC0009FED307AF6EE007AE0EE477A20EE007AD8
:10ADD00027EE277A002BF0D007EE903A9FED2A6AF3
:10ADE000DFED2A6AF8EEE77AA7EEC67A37EE400A78
:10ADF00097EEA60A704770EE677A67EE847AE3B939
:10AE000030EE670A70479FED206ADFED206AE2EEC0
:10AE1000867A37EE677A37EE400A92EEA60A7047D6
:10AE200007EE903A9FED180A9FED187AF8EEE77A50
:10AE300027EE800AA7EE870A7047DFED136A9FEDC1
:10AE4000137AE2EEE67A37EEC00A92EE870A70478E
:10AE500020FB4A00F0FF7F0000000000000000CC53
:10AE60000000004C305CCFFF9788173E25333A3EF8
:10AE70002549923E4FD01C3E298E633EABAA2A3F05
:10AE8000CDCCCC3EABAAAA3ED1F717378071313F6B
:10AE9000044A05491368002B08BF0B46184410608C
:10AEA000184670476CD7002070D70020FEE700BF1F
:10AEB000F8B500BFF8BC08BC9E467047F8B500BFA7
:10AEC000F8BC08BC9E467047556E2D65787065636A
:10AED00074656420696E74657272757074732E0087
:10AEE0004641543332202020002A2B2C3A3B3C3D53
:10AEF0003E5B5D7C223F7F0049444C4500546D72AF
:10AF00005100546D7220537663005465726D696E02
:10AF1000616C00284E554C4C29003B003B23003D02
:10AF20003A00457863656564696E6720646973708B
:10AF30006C617920626F756E6461726965730D0072
:10AF40005061696E745F44726177506F696E7420EE
:10AF5000496E7075742065786365656473207468E4
:10AF600065206E6F726D616C20646973706C6179BD
:10AF70002072616E67650D0058706F696E74203DB8
:10AF8000202564202C205061696E742E57696474EA
:10AF900068203D20256420200D0A200059706F692B
:10AFA0006E74203D202564202C205061696E742E23
:10AFB000486569676874203D20256420200D0A20BB
:10AFC000005061696E745F447261774C696E6520F0
:10AFD000496E707574206578636565647320746864
:10AFE00065206E6F726D616C20646973706C61793D
:10AFF0002072616E67650D005061696E745F447206
:10B0000061774368617220496E707574206578635A
:10B010006565647320746865206E6F726D616C2065
:10B02000646973706C61792072616E67650D0050A0
:10B0300061696E745F44726177537472696E675FA1
:10B04000454E20496E70757420657863656564733C
:10B0500020746865206E6F726D616C206469737016
:10B060006C61792072616E67650D0025732025641F
:10B070003A20415353455254204641494C45440DD2
:10B080000A0020205761726E696E672065787065CE
:10B090006374205343534920537461747573206261
:10B0A000757420726563656976656420756E6B6E74
:10B0B0006F776E20646174610D005F757362645F09
:10B0C0007164656600534F433A2066756C6C20646A
:10B0D0006574656374656400534F433A20656D7011
:10B0E000747920646574656374656400533F3F3F01
:10B0F00000534F433A202573202D3E2025730049ED
:10B10000646C650053656E642049443A25303358B9
:10B1100020446174615B25735D20646F6E6500453A
:10B120005854005354440025303258200052656171
:10B13000642049443D256C582C20547970653D2588
:10B14000732C20444C433D25642C446174613D5B69
:10B1500025735D00253032582025303258202530A7
:10B1600032582025303258202530325820253032B0
:10B1700058202530325820253032580043454C4C59
:10B180002564005041434B25640053657420547876
:10B19000204D7367204F626A656374206661696C35
:10B1A0006564005472616E736D697420446F6E65DE
:10B1B0002120436865636B20746865207265636550
:10B1C00069766520686F737420726563656976655A
:10B1D00064206461746100536574205278204D735B
:10B1E00067204F626A656374206661696C656400FC
:10B1F00043414E20756E6B6E6F776E20696E74657D
:10B20000726E616C206D657373616765206964207F
:10B210003D2025780063616E0043746C207469637F
:10B220006B0048454152544245415420256C753AC3
:10B23000207469636B3D256C750D0A004368616E6F
:10B2400067696E6720286469736368617267657CEB
:10B2500063686172676529207369676E616C3A2063
:10B2600028256429203D3E20282564290046617553
:10B270006C742068616E646C65723A206572726FDE
:10B28000727320636C65617265642C2063616E6308
:10B29000656C6C696E672073687574646F776E2077
:10B2A00074696D6572005472696767657220656DB7
:10B2B000657267656E6379207377697463682C20A3
:10B2C00064756520746F2070726576696F75732080
:10B2D0006572726F72004661756C742068616E648D
:10B2E0006C65723A206572726F7220626974733D88
:10B2F00030782530386C782C207374617274696EE4
:10B30000672073687574646F776E2074696D6572F9
:10B31000004661756C742068616E646C65722072A1
:10B32000657175657374696E672073687574646F91
:10B33000776E206E6F772028657272206269747351
:10B340003D30782530386C782C20656C61707365E1
:10B35000643D256C757329004D61696E20737769B2
:10B360007463682072657175657374732073687592
:10B3700074646F776E2028656C6170736564202536
:10B380006C757320776974686F7574206572726F5D
:10B390007273290053687574646F776E48616E64C8
:10B3A0006C696E673A2073687574646F776E20728B
:10B3B00065717565737465642028736F7572636554
:10B3C0002070656E64696E67290053687574646FD8
:10B3D000776E48616E646C696E673A20666F72635F
:10B3E000696E6720706F776572206F66662F726571
:10B3F00073657420616674657220256C75730053E3
:10B40000687574646F776E48616E646C696E673AD4
:10B4100020706F776572206F6666206661696C6563
:10B42000642C2069737375696E67205359535F529A
:10B4300065736574436869702829007365740063D7
:10B440006C65617265640053746F7020737461740D
:10B4500065202573202573004645545F53544F5093
:10B460005F4348415247455F43555252454E545FF2
:10B4700048494748004645545F53544F505F44493C
:10B48000534348415247455F43555252454E545FDE
:10B4900048494748004645545F53544F505F44491C
:10B4A000534348415247455F43454C4C5F4C4F57CF
:10B4B000004645545F53544F505F444953434841FD
:10B4C0005247455F43454C4C5F434F4C4400464513
:10B4D000545F53544F505F4449534348415247458A
:10B4E0005F43454C4C5F484F54004645545F5354AE
:10B4F0004F505F5043425F484F54004645545F539E
:10B50000544F505F4348415247455F43454C4C5F61
:10B5100048494748004645545F53544F505F43489D
:10B52000415247455F43454C4C5F434F4C440046B6
:10B5300045545F53544F505F4348415247455F4322
:10B54000454C4C5F484F54004645545F53544F5050
:10B550005F485F4252494447455F434F4E4455431D
:10B5600054495645004F7665722063757272656E58
:10B5700074207768696C6520257320666F722025BA
:10B5800064207365636F6E6473004F766572206329
:10B59000757272656E74207768696C652025732EEC
:10B5A00020467573652074726967676572656420EB
:10B5B000627920464554494F004645545F53544FE5
:10B5C000505F4348415247455F43454C4C5F4C4FA9
:10B5D00057004645545F53544F505F4449534348C6
:10B5E000415247455F43454C4C5F484947480043FB
:10B5F0006F6D6D756E69636174696F6E20657272CF
:10B600006F7220776974682062616C616E63657225
:10B6100020256400436F6D6D756E69636174696F99
:10B620006E206572726F722077697468207072691B
:10B630006D61727920726F7574657200436F6D6D04
:10B64000756E69636174696F6E206572726F7220C6
:10B6500077697468207365636F6E646172792072B4
:10B660006F7574657200436F6D6D756E696361749B
:10B67000696F6E206572726F7220776974682073CB
:10B68000656E736F7200436F6D6D756E6963617483
:10B69000696F6E206572726F722077697468206DB1
:10B6A00061696E626F61726400646973636861727C
:10B6B00067696E67006F6666202D3E206F6E006FB3
:10B6C0006E202D3E206F6666004D61696E20737797
:10B6D00069746368206368616E6765202573004F35
:10B6E0004E004F4646004368616E67652052656CA8
:10B6F0006179207369676E616C3A2028257329206F
:10B700003D3E2028257329005363686564756C6588
:10B710002052656C6179204F4E2C20647565207431
:10B720006F204469732F436861726765207369678E
:10B730006E616C20656E61626C65640044656C616D
:10B7400079696E672052656C6179206368616E6704
:10B750006520666F722025647300534F433A20259D
:10B76000642070657263656E7400534F433A2076AF
:10B770005F6D696E3D25646D5620765F6176673D2D
:10B7800025646D5620765F6D61783D25646D5600A9
:10B79000534F433A20696F5F6368617267653D2567
:10B7A0006420696F5F6469736368617267653D25D2
:10B7B0006400534F433A2052657365742063616C93
:10B7C00063756C6174696F6E2C20746F6F206D757A
:10B7D00063682074696D65207061737365642028E7
:10B7E000256C752900534F433A206163635F743DB4
:10B7F000256C756D73206163635F633D25646D41E6
:10B8000073203D3E206D65616E5F693D25646D412D
:10B8100000573130204F7665722054656D70657227
:10B820006174757265204368617267696E6700575D
:10B830003131204C6F772054656D7065726174757D
:10B840007265204368617267696E67005731322004
:10B850004F7665722054656D70657261747572659E
:10B86000204469736368617267696E67005731339A
:10B87000204C6F772054656D7065726174757265C8
:10B88000204469736368617267696E670057313479
:10B89000204F7665722054656D70657261747572A3
:10B8A0006520456C656374726F6E6963730057320F
:10B8B000302043656C6C7320446973636861726700
:10B8C000656400453231204E6565642053657276AB
:10B8D000696365204F4450005732322043656C6CD9
:10B8E00073204368617267656400453233204E659A
:10B8F00065642053657276696365204F4350005735
:10B9000033302053686F72742D5465726D204F432D
:10B9100050204368617267696E6700453331204F7C
:10B920004350204368617267696E67005733322065
:10B9300053686F72742D5465726D204F43502044CC
:10B9400069736368617267696E6700453333204FBE
:10B950004350204469736368617267696E6700458C
:10B960003430204E656564205365727669636520C6
:10B970004675736500453431204E65656420536516
:10B98000727669636520456C656300573432204EDA
:10B990006565642053657276696365202D20534484
:10B9A0002D43617264206661756C74790043616C2B
:10B9B0006962726174696F6E206661696C65643A70
:10B9C0002064697669736F7220746F6F20736D6184
:10B9D0006C6C2028252E3666292C20636865636BE5
:10B9E0002063616C6962726174696F6E20706F6947
:10B9F0006E74730043616C6962726174696F6E206A
:10BA000070726F6475636564206E6F6E2D66696E0B
:10BA100069746520726573756C743A206D3D252ECE
:10BA2000366620623D252E36660043616C6962727F
:10BA30006174696F6E204F4B3A2078313D25642048
:10BA400078323D25642078333D256420E2869220BB
:10BA50006D3D252E366620623D252E3266004E6FE6
:10BA60006E650045504420666F756E643A202573FC
:10BA7000004744323954393400474432395A393452
:10BA800000467755706461746543746C2065766513
:10BA90006E743D256400496E7465726E616C20455C
:10BAA00072726F7200696E7465726E616C2E65726F
:10BAB0007200252E3136732D67252E3136730041E5
:10BAC00044433A20252D3573203D3E2025642E2504
:10BAD000302A640041494E3A204661696C65642011
:10BAE000746F206F70656E204541444325642028A3
:10BAF0004572726F723D2564290048575F52455662
:10BB000000545F6368697000565F626700565F6249
:10BB10006174004144433A20697372206D69737304
:10BB2000656420746F2073656E6420636E743D25B8
:10BB30006C750061696E0044454255473A20467372
:10BB40004C6F675632496E6974486F6F6B2072652F
:10BB50007475726E6564207375636365737366755F
:10BB60006C6C790D0046533A205632206C6F676733
:10BB7000696E672073797374656D20696E69746985
:10BB8000616C697A6564207769746820746872658D
:10BB90006164207361666574790044454255473A93
:10BBA000205631206C6F6767696E67206E6F742056
:10BBB000636F6D70696C656420696E0D0046533A61
:10BBC000205632206C6F6767696E672073797374D3
:10BBD000656D20696E697469616C697A6564207746
:10BBE0006974682074687265616420736166657445
:10BBF00079202856312066616C6C6261636B290084
:10BC0000286E756C6C290025733A20257300455207
:10BC1000524F523A204D656D6F727920616C6C6F96
:10BC2000636174696F6E206661696C656420666F1C
:10BC300072206465627567206C6F67004552524FD1
:10BC4000523A204D656D6F727920616C6C6F636143
:10BC500074696F6E206661696C656420666F72201E
:10BC6000637573746F6D6572206C6F670025592E54
:10BC7000256D2E25642D25483A254D3A25532E3025
:10BC8000303000253033750025733A2025730D0AB6
:10BC90000025592E256D2E25642D25483A254D3A2F
:10BCA00025530025733A20004552524F523A204DF9
:10BCB000656D6F727920616C6C6F636174696F6E12
:10BCC000206661696C656420666F72206C6F672006
:10BCD0006D657373616765004552524F523A204C4F
:10BCE0006F675632207175657565206F766572666F
:10BCF0006C6F77202D2064726F7070696E67206C96
:10BD00006F6700256C6C642E2530336C64000D0A5F
:10BD10003D3D3D205345474745522052545420490C
:10BD20006E697469616C697A6564203D3D3D0D0AF8
:10BD3000004C6F675632496E6974202D20496E6938
:10BD40007469616C697A6174696F6E20737563637D
:10BD500065737366756C20287072652D73636865F2
:10BD600064756C6572206D6F6465290D004C6F679A
:10BD70005632496E6974202D20496E697469616C70
:10BD8000697A6174696F6E20737563636573736636
:10BD9000756C20287072652D7363686564756C65B9
:10BDA00072206D6F6465290D0A004552524F523A58
:10BDB000204C6F6756325363686564756C657253C7
:10BDC000746172746564202D204661696C6564201D
:10BDD000746F2063726561746520525454206D75D0
:10BDE000746578004552524F523A204C6F67563274
:10BDF0005363686564756C657253746172746564CD
:10BE0000202D204661696C656420746F2063726523
:10BE1000617465207175657565006C6F6767657223
:10BE20007632004552524F523A204C6F6756325389
:10BE300063686564756C65725374617274656420BF
:10BE40002D204661696C656420746F2063726561A2
:10BE50007465207461736B000A21212120484541DB
:10BE60005020414C4C4F434154494F4E204641498C
:10BE70004C4544202121210A0046726565206865F1
:10BE800061703A2025752062797465732C204661B3
:10BE9000696C656420636F756E743A2025640A00CE
:10BEA0000A4D414C4C4F43204641494C45442028C3
:10BEB0006672656520686561703A20257520627933
:10BEC000746573290A000A21212120535441434BF0
:10BED000204F564552464C4F5720696E207461736F
:10BEE0006B2027257327202121210A005461736BC1
:10BEF0002068616E646C653A203078253038580AC5
:10BF0000000A535441434B204F564552464C4F571D
:10BF100020696E207461736B2025730A005254549B
:10BF2000206F6E6C696E650D0A00524553455420B2
:10BF300043415553453A205253545354533D30785E
:10BF40002530386C580D0A00202D20576174636825
:10BF5000646F672072657365740D00202D206E522A
:10BF6000455345542070696E0D00202D20506F7789
:10BF700065722D6F6E2072657365740D00202D2023
:10BF80004C56522072657365740D00202D20424F6F
:10BF9000442072657365740D00202D2053797374ED
:10BFA000656D207265736574207265717565737453
:10BFB0000D00202D204350552072657365740D00CF
:10BFC000202D20435055206C6F636B2D75702072AF
:10BFD000657365740D00202D2057696E646F77209E
:10BFE0007761746368646F67207265736574202875
:10BFF00057574454290D00454D532041505020259A
:10C00000730A0053797374656D207374617274657B
:10C0100064007573625F6D61696E5F7374617274E1
:10C02000004D6F64627573496E69740041696E49B1
:10C030006E69740043616E496E69740043746C49A3
:10C040006E6974004C6F6756325363686564756C33
:10C050006572537461727465640044454255473A91
:10C0600020467265652068656170206265666F7242
:10C0700065207363686564756C65723A2025752068
:10C0800062797465730D0A0044454255473A204170
:10C09000626F757420746F2073746172742073639F
:10C0A000686564756C65720D0044454255473A20D9
:10C0B0005744542D3E43544C3D30782530386C580D
:10C0C00020575744542D3E43544C3D30782530384A
:10C0D0006C580D0A005741524E3A2057574454208D
:10C0E0007374696C6C20656E61626C656420617448
:10C0F00020617070207374617274202843544C3D29
:10C1000030782530386C58290D0A004552524F526C
:10C110003A205363686564756C6572207265747546
:10C12000726E6564210D0049324320737461746539
:10C1300020307830302C20627573206572726F72F7
:10C14000206F63637572730D0A0049324320737464
:10C1500061746520307832302C20534C412B5720AD
:10C160007472616E736D69747465642C204E414302
:10C170004B2072656365697665640D0A0049324338
:10C1800020737461746520307833302C204441541E
:10C1900041207472616E736D69747465642C204EF5
:10C1A00041434B2072656365697665640D0A0049F9
:10C1B000324320737461746520307833382C2061E9
:10C1C00072626974726174696F6E206C6F73742C23
:10C1D0002073746F70207472616E736D69740D0AD0
:10C1E0000049324320737461746520307834302CF8
:10C1F000206E6F7420696E207573650D0A004932D8
:10C200004320737461746520307834382C206E6F4D
:10C210007420696E207573650D0A004932432073DE
:10C220007461746520307835302C206E6F7420690D
:10C230006E207573650D0A00493243207374617472
:10C240006520307835382C206E6F7420696E20752B
:10C2500073650D0A004932435F45525220307836EB
:10C2600030204C696E6B20776173206E6F7420698B
:10C27000646C653A2025780D0A00493243207374B6
:10C2800061746520307837382C206172626974726D
:10C290006174696F6E206C6F737420696E20534CEB
:10C2A000412B572F520D0A00493243207374617499
:10C2B0006520307839302C206D6573736167652097
:10C2C000746F6F206C6F6E670D0A004932432073E4
:10C2D0007461746520307839302C206D6F6462751C
:10C2E00073206E6F7420696E20696E646963617477
:10C2F000696F6E206F7220636F6E6669726D206D5C
:10C300006F64650D0A004932432074696D656F756D
:10C310007420616674657220726563656976696E02
:10C32000672061206D6F646275732D6672616D6543
:10C330002D3E2020627573206572726F72207365C6
:10C34000742C2052544F53207365656D73206275B1
:10C3500073790D0A004932432074696D656F7574F5
:10C360002D3E2020627573206572726F7220736596
:10C37000742C2052544F53207365656D7320627581
:10C3800073790D0A0049324320636C6F636B20257B
:10C390006C7520487A0A00493243004D6F6462751B
:10C3A000732074696D6564206F75742E2049324363
:10C3B0002043544C3A20256C780D0A0054727920A1
:10C3C000746F207265736574204932432043544C66
:10C3D0003A20256C780D0A004374726C56616C75B6
:10C3E00065735B38305D3A0D0A00202530347800E3
:10C3F00072656741646472206F76666C0D0A004D49
:10C400006F64627573496E69743A20696E69745F0E
:10C4100062756666657273004D6F64627573496E0E
:10C4200069743A20493243315F496E6974004D6F37
:10C4300064627573496E69743A206D6F64627573D6
:10C440005F696E6974004D6F64627573496E6974DB
:10C450003A2052656769737465724D7574657849E1
:10C460006E6974004D6F64627573496E69743A2029
:10C47000667265652068656170206265666F7265C9
:10C48000207461736B20637265617465202575206B
:10C490006279746573006D6F64627573207363688D
:10C4A0006564756C65004D6F64627573496E69747F
:10C4B0003A2073686F775F6D696E695368656C6C5D
:10C4C000005B25735D2077726F6E67206D7367491F
:10C4D0006E6469636174696F6E4C656E6774682021
:10C4E00025640D0A001B5B33383B353B3139366D13
:10C4F00074696D656F757420636F6E6641776169ED
:10C50000743A5825750D0A0053544C312045727207
:10C510002E2074696D656F7574207768696C65206D
:10C52000696E20636F6E6669726D0D001B5B333838
:10C530003B353B3139366D2074696D656F75740D0F
:10C54000004D6F6452656164436E660D0A004D6F65
:10C55000645265616452737020001B5B33383B3555
:10C560003B3139366D6572723A257820636D643AD5
:10C57000257820616464723A257820636E743A25C8
:10C5800075206279436E743A2575200D0A1B5B3362
:10C59000383B353B3231346D001B5B33383B353B28
:10C5A0003231346D4D6F6452656164496E64203C74
:10C5B0002D2D0D0A004D6F6457726974436E66002D
:10C5C00020437243206F6B002043724320657272D8
:10C5D000004D6F645772697465496E645B25645DD4
:10C5E00020002530347820004D6F645772697452F2
:10C5F0006573202D2D3E0D0A0073744C315F45721A
:10C60000726F72204932435F43544C3A256C782054
:10C610000D0A00493243315F526573657428292C35
:10C62000206E6577207265674932435F43544C3A08
:10C63000256C78200D0A0073744C315F4572726F5F
:10C64000720D0A00506844617461527370202D2D80
:10C650003E20001B5B33383B353B3232306D506837
:10C6600044617461436E66202D2D3E200D0A0073D7
:10C67000697A654572720077726F6E6720704D73CC
:10C680006720435243202530347820213D20253037
:10C690003478202863616C63290D0A005265616457
:10C6A000486F6C64206F76666C20726567436E74A9
:10C6B0005B25645D0D0A00506844617461496E64D5
:10C6C000203C2D2D20004352435F455252005B0019
:10C6D00023232323204D656E756520232323230DFB
:10C6E0000A61202D3E204465627567204D6F6462AB
:10C6F0007573200D0A62202D3E2044656275672007
:10C70000496661636573200D0A63202D3E204465F0
:10C71000627567204932430D0A6E202D3E20446524
:10C720006275672043414E206D6573736167657361
:10C730000D0A005364635265616479004673557352
:10C74000657353640046734E6F74446F6E65005595
:10C7500073625573657353640028756E6B6E6F77E3
:10C760006E290053646353687574646F776E005369
:10C77000443A2063746C206576656E74203D2025F4
:10C78000303258680053443A2063746C20737461EB
:10C790007465203D3E2025730053443A20465320C3
:10C7A000646F6E65202D2073687574646F776E20DA
:10C7B000636F6D706C65746500736463746C0053B3
:10C7C00044303A20496E6974206661696C65642062
:10C7D0006572723D3078256C78005344303A20748D
:10C7E0007970653D257520776974682025752073FB
:10C7F0006563746F7273206F6620256442203D3E2E
:10C800002025754D69420025733A20307825303255
:10C810006C78202D3E2030782530326C78005344DF
:10C82000303A2072656164206572723D3078256C03
:10C830007820256C7520256C75005344303A20779C
:10C8400072697465206572723D3078256C78202598
:10C850006C7520256C7500534443543A20556E6B1B
:10C860006E6F776E204F5020282564290073646313
:10C87000005B46535D2046735461736B20454E54F4
:10C8800052590D0046533A2043617264207265612B
:10C89000647900303A0046533A204661696C656419
:10C8A00020746F206D6F756E7420736463617264A1
:10C8B00020286572723D2564290046533A20436161
:10C8C0007264206E6F742072656164790046533A19
:10C8D00020756E68616E646C6564206964203D201B
:10C8E0002564006673006D61785F66696C655F6ED4
:10C8F000756D62657200726F746174696F6E5F73DB
:10C90000004346473A20756E6B6E6F776E207365F5
:10C910006374696F6E28257329206F72206B6579A7
:10C9200028257329002F6366672E696E69004346C8
:10C93000473A206661696C656420616C6C6F636165
:10C9400074652066696C652068616E646C6500437F
:10C9500046473A206661696C656420746F206F7089
:10C96000656E206366672E696E69004346473A200C
:10C970006661696C656420746F20706172736520F4
:10C980006366672E696E69004346473A20666169AF
:10C990006C656420746F20636C6F736520696E69C9
:10C9A0002066696C650025732F25730046532D465C
:10C9B000573A206661696C656420746F206F7065FA
:10C9C0006E2066696C652025730046532D46573AE4
:10C9D000206661696C656420746F207265616420F3
:10C9E00068656164657220286572723D25642C203B
:10C9F000636E743D2575290046532D46573A2043F2
:10CA00006865636B696E6720706F74656E746961C9
:10CA10006C206669726D776172653A2025730046F5
:10CA2000532D46573A2061707020696D616765200B
:10CA30006973206E6F742076616C69640046532DB3
:10CA400046573A20666F756E642025730046532D55
:10CA500046573A206661696C656420746F206F7078
:10CA6000656E64697220257320286572726F723D4D
:10CA70002564290046532D46573A206572726F721D
:10CA800028256429207768696C652072656164696E
:10CA90006E670046532D46573A206572726F7228B2
:10CAA000256429207768696C652077726974696EDE
:10CAB000670046532D46573A207072657061726563
:10CAC00064206669726D776172652825732C202554
:10CAD0006C752062797465732920666F7220626FAD
:10CAE0006F746C6F616465720046532D46573A202F
:10CAF00055706461746520636F6D706C65746564F6
:10CB00002C2072656D6F76696E67206669726D772D
:10CB10006172652066696C653A202573002F6C6F21
:10CB2000670046533A204661696C656420746F2043
:10CB3000637265617465206C6F6720646972202878
:10CB40006572723D256429002F6C6F672F302E743B
:10CB500078740046533A204661696C656420746FAE
:10CB6000206F70656E206C6F6720286572723D259E
:10CB700064290046533A2050726F636573734C6F9B
:10CB800067526F74617465002F6C6F672F25642E78
:10CB90007478740046533A204661696C6564207469
:10CBA0006F207772697465206C6F67206C696E65A1
:10CBB00020286572723D2564290046533A2046615B
:10CBC000696C656420746F207772697465206C6F7E
:10CBD00067206E65776C696E6520286572723D25E9
:10CBE0006429003230323430313031002559256D1E
:10CBF000256400303A2F6C6F677300303A2F7465EC
:10CC000073742F6C6F677300202874657374206DC4
:10CC10006F6465290046533A204661696C6564205B
:10CC2000746F2073796E63206C6F672066696C6522
:10CC3000206265666F726520636C6F73652028657E
:10CC400072723D2564290046533A204661696C653D
:10CC50006420746F20636C6F7365206C6F6720664F
:10CC6000696C6520286572723D25642900303A2F71
:10CC7000746573740046533A204661696C6564209C
:10CC8000746F2063726561746520746573742064C9
:10CC9000697220286572723D2564290046533A2046
:10CCA0004661696C656420746F20637265617465A8
:10CCB000206C6F672064697220257320286572726A
:10CCC0003D2564290046533A202573206469726526
:10CCD00063746F727920697320726561642D6F6E61
:10CCE0006C7920286174747269623D307825303225
:10CCF000582900252E3273252E3273252E347300C9
:10CD000025732F257325732E25730046533A20462D
:10CD100061696C656420746F206F70656E206C6F44
:10CD20006720257320286572723D256429002D2D0A
:10CD30002D2053595354454D20524553544152547C
:10CD400045442061742025592E256D2E25642D25FE
:10CD5000483A254D3A2553202D2D2D002D2D2D20DF
:10CD600053595354454D2052455354415254454410
:10CD7000202874696D657374616D7020756E6176BD
:10CD800061696C61626C6529202D2D2D0046533A36
:10CD9000204661696C656420746F207772697465E0
:10CDA0002072657374617274206D61726B6572209C
:10CDB000286572723D2564290046533A204F7065FC
:10CDC0006E6564206C6F672066696C65202573252D
:10CDD000730030313031323032340046533A205013
:10CDE000726F636573734C6F6756324D6573736111
:10CDF00067652063616C6C6564207769746820697D
:10CE00006E76616C696420706172616D65746572C3
:10CE10007320287478743D25702C20747970653DDA
:10CE2000256429004552524F523A2046533A204633
:10CE300061696C656420746F207772697465207114
:10CE40007565756564206C6F67206D6573736167C8
:10CE5000652C2064726F7070696E67004552524F86
:10CE6000523A2046533A204C6F67207175657565BC
:10CE7000206F766572666C6F772C2064726F7070AD
:10CE8000696E67206D657373616765004552524F27
:10CE9000523A2046533A204661696C656420746FAB
:10CEA0002061637175697265207175657565206DA6
:10CEB000757465782C2064726F7070696E67206D70
:10CEC0006573736167650046533A2050726F6365FE
:10CED00073734C6F675632526F74617465004653BA
:10CEE0003A204661696C656420746F2073796E63C3
:10CEF000206C6F672066696C6520286572723D251D
:10CF000064290046533A204661696C656420746F59
:10CF10002073796E63206C6F672066696C6520648E
:10CF20007572696E6720756E6D6F756E74202865F9
:10CF300072723D2564290046533A204661696C654A
:10CF40006420746F20636C6F7365206C6F6720665C
:10CF5000696C6520647572696E6720756E6D6F759A
:10CF60006E7420286572723D25642900444542553F
:10CF7000473A205632206C6F6767696E6720696E8A
:10CF8000697469616C697A6174696F6E20636F6D31
:10CF9000706C65746564207375636365737366751F
:10CFA0006C6C79207769746820746872656164209C
:10CFB00073616665747920656E61626C65640D00ED
:10CFC000435249544943414C204552524F523A2012
:10CFD0004661696C656420746F2063726561746575
:10CFE000206D75746578657320666F7220563220E7
:10CFF0006C6F6767696E67202D2073797374656D38
:10D000002063616E6E6F74206F706572617465204D
:10D01000736166656C790D00435249544943414C34
:10D02000204552524F523A205632206C6F67676942
:10D030006E672073797374656D2044495341424C87
:10D0400045442064756520746F206D757465782083
:10D050006372656174696F6E206661696C75726573
:10D060000D004661696C656420746F2064656C65B1
:10D070007465206469726563746F72793A202573F0
:10D08000004661696C656420746F2064656C65742A
:10D09000652066696C653A202573002E444247007E
:10D0A0002E43555300436C65616E75703A20536B87
:10D0B000697070696E672064656C6574696F6E2055
:10D0C0006F66202573202D2066696C6520696E20AF
:10D0D0007573650050617273654461746546726F63
:10D0E0006D46696C656E616D653A2046696C656E6A
:10D0F000616D65202725732720746F6F2073686F1B
:10D10000727420666F722044444D4D59595959200C
:10D11000666F726D617420286C656E6774683A2062
:10D12000257A752900506172736544617465467291
:10D130006F6D46696C656E616D653A20496E76610A
:10D140006C6964206368617261637465722027256D
:10D15000632720617420706F736974696F6E202576
:10D160006420696E2066696C656E616D6520272597
:10D1700073270050617273654461746546726F6D08
:10D1800046696C656E616D653A20496E76616C69C1
:10D1900064206461746520253032642F2530326448
:10D1A0002F256420696E2066696C656E616D65204F
:10D1B000272573270044656C657465642065786372
:10D1C000657373206465627567206C6F673A20250C
:10D1D000730044656C65746564206578636573737A
:10D1E00020637573746F6D6572206C6F673A2025CC
:10D1F0007300436C65616E757020627920636F7592
:10D200006E743A2064656C6574656420256C7520C5
:10D2100066696C65732C206B656570696E67202587
:10D220006C752070657220747970650044656C655A
:10D23000746564206F6C64206465627567206C6F30
:10D24000673A2025730044656C65746564206F6CD3
:10D250006420637573746F6D6572206C6F673A201C
:10D26000257300436C65616E75702062792061677B
:10D27000653A2064656C6574656420256C7520666C
:10D28000696C6573206F6C646572207468616E20D0
:10D29000256C752064617973005632206C6F6720AD
:10D2A000636C65616E757020696E697469616C6923
:10D2B0007A65640D004661696C656420746F206353
:10D2C0006865636B206469736B20737061636500CC
:10D2D0004449534B20435249544943414C4C5920F3
:10D2E00046554C4C3A20256C75204B4220667265A1
:10D2F00065206F6620256C75204B4220746F746129
:10D300006C004449534B20535041434520435249FC
:10D31000544943414C3A20256C75204B422066729B
:10D320006565206F6620256C75204B4220746F74F4
:10D33000616C004449534B205350414345204C4FAE
:10D34000573A20256C75204B422066726565206F28
:10D350006620256C75204B4220746F74616C00450B
:10D360004D455247454E435920434C45414E55503B
:10D370003A2044656C6574696E67206F6C64205652
:10D3800032206C6F672066696C657300456D65724D
:10D3900067656E637920636C65616E757020696E78
:10D3A00073756666696369656E743A20256C7520CD
:10D3B0004B42207374696C6C206672656500456D24
:10D3C000657267656E637920636C65616E75702048
:10D3D0007375636365737366756C3A20256C75208D
:10D3E0004B42206E6F77206672656500456D6572F1
:10D3F00067656E637920636C65616E757020747209
:10D40000696767657265643A20256C75204B422018
:10D410006672656500437269746963616C20636C50
:10D4200065616E7570207472696767657265643ACC
:10D4300020256C75204B422066726565005761722D
:10D440006E696E6720636C65616E757020747269B9
:10D450006767657265643A20256C75204B422066CB
:10D460007265650043616C656E646172205365741A
:10D47000757000446174653A203230253032642D75
:10D48000253032642D253032640054696D653A20B0
:10D49000253032643A253032643A25303264004512
:10D4A0006E746572205965617200456E74657220F4
:10D4B0004D6F6E746800456E74657220446179002A
:10D4C000456E74657220486F757200456E746572A2
:10D4D000204D696E75746500456E746572205365E4
:10D4E000636F6E6400204E65772063616C696272C1
:10D4F0006174696F6E2076616C7565732072656307
:10D500006F726465642E00202043303A252D356407
:10D5100020202043313A252D356420202043323A03
:10D52000252D35640020436F6E74696E7565207417
:10D530006F2073746F72652069742E0020496E200D
:10D5400074686520666F6C6C6F77696E67207374A2
:10D55000657073206C6F6164206D757374206265F3
:10D5600000206170706C69656420616E642074686D
:10D57000652063616C6962726174696F6E207661A7
:10D580006C75652077696C6C00206265207265633C
:10D590006F726465642E204C65742076616C7565CD
:10D5A00020736574746C65206265666F7265002017
:10D5B00070726F63656564696E672077697468204F
:10D5C0006E65787420737465702E00437572726591
:10D5D0006E742053656E736F722043616C69627262
:10D5E0006174696F6E002825642F256429202573D6
:10D5F00000202041637475616C2020202020253597
:10D6000064202020202028464554494F2025356499
:10D610002900202050726F63657373656420202594
:10D6200035640020436861726765206261747465C7
:10D6300072792077697468203130412021002044BC
:10D64000726177203130412066726F6D20626174A3
:10D650007465727920210020446973636F6E6E6572
:10D66000637420616E797468696E672021212100DE
:10D67000496E74726F64756374696F6E004E6F20CB
:10D680006C6F616420636F6E646974696F6E0031E2
:10D690003041206C6F616420636F6E646974696FE0
:10D6A0006E003130412063686172676520636F6E80
:10D6B000646974696F6E00436F6D706C6574696F37
:10D6C0006E005343523A20576169742074696D6546
:10D6D0006F757420666F72206D6573736167650086
:10D6E0005343523A204D656E755461736B206576D5
:10D6F0003D25640044726F70206F6C642062746E0C
:10D70000206576743D256420287761733D256C750E
:10D710002C6E6F773D256C7529007363722D7469CB
:10D720006D657200736372004572726F7220536888
:10D730007574646F776E0053746174757320496EED
:10D74000666F0046756E6374696F6E00536574741E
:10D75000696E67004669726D776172650050726F1D
:10D760006772616D6D696E67206669726D7761724F
:10D7700065202E2E2E004669726D776172652055E8
:10D78000706461746500496E7374616C6C65643AB1
:10D7900020252E323873002E2E2E205363616E6E9C
:10D7A000696E6720666F722075706461746573209E
:10D7B0002E2E2E004E6F2075706461746520666F8A
:10D7C000756E64210055706461746520746F3A2031
:10D7D00025733F004661696C656420746F20747224
:10D7E0006967676572207363616E6E696E6700209A
:10D7F00020506F776572204C6F636B2069732065D2
:10D800006E61626C65642E002020506F7765722017
:10D810004C6F636B2069732064697361626C65642B
:10D820002E0052656C61792061637469766174655C
:10D8300073200052656C61792053657475700050D7
:10D840006F776572204C6F636B204C696E65007753
:10D8500068656E203C2031303025007768656E2089
:10D860003C20393025007768656E203C2038302513
:10D87000007768656E203C20373025007768656E3C
:10D88000203C20363025007768656E203C203530FE
:10D8900025007768656E203C203430250077686568
:10D8A0006E203C20333025007768656E203C2032A6
:10D8B0003025007768656E203C2031302500776880
:10D8C000656E203C203125007768656E203E203053
:10D8D00025007768656E203E203130250077686529
:10D8E0006E203E20323025007768656E203E203362
:10D8F0003025007768656E203E203430250077683B
:10D90000656E203E20353025007768656E203E200C
:10D91000363025007768656E203E20373025007749
:10D9200068656E203E20383025007768656E203EA1
:10D9300020393025007768656E203E203939250072
:10D940006E6576657200436861726765202844657C
:10D950006C617920356D696E290044697363686173
:10D96000726765202844656C617920356D696E2980
:10D970000064656164004D6F64756C652069732097
:10D9800063616C696272617465642E004D6F6475C9
:10D990006C65206E6565647320746F20626520631A
:10D9A000616C6962726174656421004D6F64756CAD
:10D9B00065202D20556E6B6E6F776E2063616C69EC
:10D9C00062726174696F6E20737461746521004DB9
:10D9D0006F64756C65206465746563746564206349
:10D9E000616C6962726174696F6E206572726F72C8
:10D9F0002100436F6E666967757265642056616CBD
:10DA00007565733A002020282020537461746520C6
:10DA1000202029202020284C6576656C2D32292075
:10DA20002020284D6F64756C652900202020252D4D
:10DA300031357320202535642020202020253564B1
:10DA40000042617564726174653A2025646B62708E
:10DA5000730043414E20427573004E6F206C6F611E
:10DA60006400313041206C6F6164003130412063CB
:10DA700068617267650047656E6572616C004D6F25
:10DA800064756C653A202020202533642E25645669
:10DA90002025632533642E2564412020253264250A
:10DAA00025004C6576656C2D323A202020253364A4
:10DAB0002E2564562025632533642E2564410044B9
:10DAC00069732F6368617267653A20253373202F6D
:10DAD000202533730052656C61793A202020202084
:10DAE0002025730043414E3A202020202020202072
:10DAF00025646B627073005761726E696E677300A4
:10DB0000416C6C20676F6F64002020202D20202046
:10DB1000002534642E2564200054656D70657261A3
:10DB20007475726520286465672043290054256454
:10DB30002D5425643A00545F706362313A20252EDB
:10DB400037732020545F706362323A20252E37737A
:10DB50000043656C6C20566F6C74616765202856B5
:10DB60002900562564257325643A002D5600252D7D
:10DB7000387320002532642E253032642000437231
:10DB80006561746520736F6C7574696F6E73202D99
:10DB900020456E67696E656572207175616C697488
:10DBA000790028212900252D326425250054726131
:10DBB0006E73666572204D6F64650053746F7000FC
:10DBC0004344435B25645D3A205465726D696E6120
:10DBD0006C20636F6E6E65637465640D0A00434468
:10DBE000435B25645D3A205465726D696E616C20FB
:10DBF000646973636F6E6E65637465640D0A0043D8
:10DC000044435B25645D3A204861766520256C7548
:10DC100020627974657320617661696C61626C65FC
:10DC20000D0A004D53433A20636D6420253032586D
:10DC30006820756E68616E646C65640054696E7905
:10DC40005553420054696E795553422044657669B4
:10DC5000636500313233343536373839303132008C
:10DC600043444320446562756700434443204D6F3D
:10DC700064427573204100434443204D6F644275F4
:10DC80007320420054696E79555342204D5343002E
:10DC900044454255473A20555342204465766963CE
:10DCA00065205461736B2073746172746564202DF8
:10DCB000207363686564756C657220697320727582
:10DCC0006E6E696E670D0044454255473A205465B3
:10DCD0007374696E67204C6F67496E666F20667259
:10DCE0006F6D20555342207461736B2E2E2E0D00E4
:10DCF000544553543A204C6F6756322073797374ED
:10DD0000656D20776F726B696E672066726F6D202C
:10DD1000555342207461736B2061667465722032C2
:10DD2000207365636F6E647300757362640063646F
:10DD300063005553423A20436F6E6E6563746564A9
:10DD4000005553423A20446973636F6E6E65637485
:10DD500065640075736272656300435545414141D6
:10DD6000414345454549494941414592924F4F4FAD
:10DD70005555594F554F9C4F9E9F41494F55A5A50D
:10DD8000A6A7A8A9AAABACADAEAFB0B1B2B3B4412F
:10DD90004141B8B9BABBBCBDBEBFC0C1C2C3C4C596
:10DDA0004141C8C9CACBCCCDCECFD1D145454549DB
:10DDB000494949D9DADBDCDD49DF4FE14F4F4F4FAD
:10DDC000E6E8E85555555959EEEFF0F1F2F3F4F560
:10DDD000F6F7F8F9FAFBFCFDFEFF00000400000076
:10DDE000000000000000545452205245474745535C
:10DDF00000303132333435363738394142434445C7
:10DE000046000000000000000000000000001010AC
:10DE1000101010000010000000006C4848000000C6
:10DE20000000000000001414287C287C28505000BA
:10DE3000000010384040384870101000000020509A
:10DE4000200C700814080000000000001820205466
:10DE50004834000000001010101000000000000006
:10DE600000000808101010101010080800002020F2
:10DE700010101010101020200000107C1028280016
:10DE800000000000000000101010FE101010000034
:10DE9000000000000000000018103020000000000A
:10DEA00000007C00000000000000000000000000F6
:10DEB000303000000000040408081010202040004A
:10DEC000000038444444444444380000000030100A
:10DED00010101010107C00000000384404081020BE
:10DEE000447C000000003844041804044438000056
:10DEF00000000C141424447E040E000000003C209A
:10DF0000203804044438000000001C2040784444B9
:10DF10004438000000007C44040808081010000089
:10DF20000000384444384444443800000000384479
:10DF300044443C0408700000000000003030000041
:10DF400030300000000000001818000018302000D9
:10DF50000000000C10608060100C00000000000049
:10DF6000007C007C00000000000000C020180418A5
:10DF700020C0000000000018240408100030000039
:10DF8000003844444C54544C404438000000301095
:10DF90002828287C44EE00000000F84444784444DB
:10DFA00044F8000000003C44404040404438000039
:10DFB0000000F0484444444448F000000000FC44A1
:10DFC0005070504044FC000000007E222838282079
:10DFD0002070000000003C4440404E4444380000A3
:10DFE0000000EE44447C444444EE000000007C10F9
:10DFF00010101010107C000000003C080808484871
:10E00000483000000000EE444850704844E60000EC
:10E010000000702020202024247C00000000EE6CF2
:10E020006C54544444EE00000000EE6464545454B4
:10E030004CEC0000000038444444444444380000A0
:10E040000000782424243820207000000000384488
:10E050004444444444381C000000F8444444784894
:10E0600044E200000000344C4038040464580000CE
:10E070000000FE9210101010103800000000EE4456
:10E0800044444444443800000000EE444428282816
:10E09000101000000000EE44445454545428000072
:10E0A0000000C6442810102844C600000000EE44BA
:10E0B000282810101038000000007C4408101020A0
:10E0C000447C000000003820202020202020203820
:10E0D0000000402020201010080808000000380828
:10E0E0000808080808080838000010102844000034
:10E0F0000000000000000000000000000000000020
:10E10000FE001008000000000000000000000000F9
:10E1100038443C44443E00000000C040586444443D
:10E1200044F80000000000003C4440404438000037
:10E1300000000C04344C4444443E00000000000045
:10E1400038447C40403C000000001C207C20202003
:10E15000207C000000000000364C4444443C04385D
:10E160000000C0405864444444EE00000000100029
:10E1700070101010107C00000000100078080808D3
:10E18000080808700000C0405C48705048DC00007F
:10E190000000301010101010107C00000000000073
:10E1A000E854545454FE000000000000D864444475
:10E1B00044EE0000000000003844444444380000AD
:10E1C00000000000D8644444447840E000000000AF
:10E1D000364C4444443C040E000000006C302020C7
:10E1E000207C0000000000003C443804447800001B
:10E1F000000000207C202020221C000000000000E5
:10E20000CC4444444C36000000000000EE44442856
:10E210002810000000000000EE4454545428000070
:10E2200000000000CC48303048CC00000000000066
:10E23000EE44242818101078000000007C481020BC
:10E24000447C00000000081010101020101010086E
:10E2500000001010101010101010100000002010FE
:10E2600010101008101010200000000000002458AA
:10E27000000000000000000000000000000000009E
:10E28000000000000000000000000000000000008E
:10E29000000000000000000C000C000C000C000C42
:10E2A000000C000C000C0000000C0000000000003E
:10E2B0000000000000000000001DC01DC008800814
:10E2C0008008800000000000000000000000000046
:10E2D000000000000000000D800D800D800D803FCB
:10E2E000C01B003FC01B001B001B001B00000000E8
:10E2F000000000000004001F803180318038001EC3
:10E30000000F000380318031803F000400040000D2
:10E310000000000000000018002400240018C007BE
:10E32000801E003180024002400180000000000099
:10E330000000000000000000000F00180018001886
:10E34000000C001D80370033001D8000000000001D
:10E3500000000000000000000007000700020002AB
:10E3600000020000000000000000000000000000AB
:10E37000000000000000000300030006000E000C77
:10E38000000C000C000C000E00060003000300004F
:10E3900000000000000000180018000C0006000635
:10E3A0000006000600060006000C001C0018000015
:10E3B00000000000000000060006003FC03FC00F44
:10E3C000001F801980000000000000000000000015
:10E3D0000000000000000000000000040004000431
:10E3E000003F800400040004000000000000000062
:10E3F000000000000000000000000000000000001D
:10E4000000000000000000060004000C00080008E6
:10E4100000000000000000000000000000000000FC
:10E42000003F80000000000000000000000000002D
:10E4300000000000000000000000000000000000DC
:10E44000000000000000000C000C000000000000B4
:10E45000000000000000C000C00180018003000334
:10E460000006000C000C00180018003000300000FE
:10E47000000000000000000E001B003180318031E0
:10E48000803180318031801B000E000000000000D0
:10E490000000000000000006003E00060006000626
:10E4A0000006000600060006003FC0000000000055
:10E4B000000000000000000F00198031803180034F
:10E4C0000006000C00180030003F80000000000033
:10E4D000000000000000003F006180018003001F79
:10E4E0000003800180018061803F00000000000087
:10E4F00000000000000000070007000F000B001BD9
:10E5000000130033003F8003000F80000000000074
:10E51000000000000000001F801800180018001FF5
:10E520000011800180018021801F00000000000098
:10E530000000000000000007801C001800300037B9
:10E540000039803180318019800F00000000000008
:10E55000000000000000007F0043000300060006EA
:10E5600000060006000C000C000C0000000000007B
:10E57000000000000000001F003180318031801F4A
:10E580000031803180318031801F000000000000A8
:10E59000000000000000001E003300318031803395
:10E5A000801D800180030007003C00000000000087
:10E5B000000000000000000000000000000C000C43
:10E5C000000000000000000C000C00000000000033
:10E5D0000000000000000000000000000003000335
:10E5E0000000000000000006000400080008000011
:10E5F00000000000000000000000C003000400183C
:10E6000000600018000400030000C00000000000CB
:10E610000000000000000000000000000000007F7B
:10E62000C000007FC00000000000000000000000EB
:10E63000000000000000000000600018000400035B
:10E640000000C0030004001800600000000000008B
:10E650000000000000000000001F00318031800138
:10E660008007000C000C0000000C000000000000FF
:10E67000000000000000000E001100210021002712
:10E6800000290029002700200011000E00000000D2
:10E690000000000000000000003F000F000900190A
:10E6A0008019801F8030C030C079E0000000000079
:10E6B0000000000000000000007F00318031803148
:10E6C000803F003180318031807F000000000000F9
:10E6D0000000000000000000001F4030C0604060EB
:10E6E0000060006000604030801F000000000000FB
:10E6F0000000000000000000007F00318030C030CA
:10E70000C030C030C030C031807F00000000000049
:10E710000000000000000000007F80308030803268
:10E72000003E003200308030807F8000000000001A
:10E730000000000000000000007FC0304030403288
:10E74000003E003200300030007C0000000000007D
:10E750000000000000000000001E8031806080602A
:10E7600000600067C0618031801F00000000000071
:10E770000000000000000000007BC03180318031CB
:10E78000803F803180318031807BC00000000000FC
:10E790000000000000000000003FC0060006000668
:10E7A0000006000600060006003FC0000000000052
:10E7B0000000000000000000001FC0030003000371
:10E7C0000003006300630063003E000000000000DF
:10E7D0000000000000000000007BC03180330036E4
:10E7E000003C003E003300318079C0000000000092
:10E7F0000000000000000000007E00180018001853
:10E800000018001840184018407FC00000000000A9
:10E81000000000000000000000E0E060C071C07B6C
:10E82000C06AC06EC064C060C0FBE00000000000B1
:10E8300000000000000000000073C0318039803DFE
:10E84000803580378033803180798000000000007F
:10E850000000000000000000001F00318060C06068
:10E86000C060C060C060C031801F000000000000B8
:10E870000000000000000000007F00318031803186
:10E880008031803F00300030007E0000000000003A
:10E890000000000000000000001F00318060C06028
:10E8A000C060C060C060C031801F000CC01F80000D
:10E8B0000000000000000000007F00318031803146
:10E8C000803E003300318031807CE0000000000099
:10E8D0000000000000000000001F803180318038FF
:10E8E000001F000380318031803F000000000000E5
:10E8F0000000000000000000007F804C804C804C35
:10E90000800C000C000C000C003F00000000000018
:10E910000000000000000000007BC0318031803129
:10E920008031803180318031801F00000000000084
:10E930000000000000000000007BC0318031801B1F
:10E94000001B001B000A000E000E0000000000006B
:10E95000000000000000000000FBE060C064C06E2A
:10E96000C06EC02A803B803B8031800000000000E8
:10E970000000000000000000007BC031801B000E82
:10E98000000E000E001B0031807BC0000000000064
:10E9900000000000000000000079E030C019800F86
:10E9A0000006000600060006001F800000000000B0
:10E9B0000000000000000000003F802180230006CE
:10E9C0000004000C00188030803F80000000000030
:10E9D0000000000000000007800600060006000698
:10E9E000000600060006000600060006000780007C
:10E9F000000000000030003000180018000C000C6F
:10EA0000000600030003000180018000C000C00078
:10EA1000000000000000001E0006000600060006C0
:10EA2000000600060006000600060006001E0000A4
:10EA3000000000000004000A000A001100208020ED
:10EA40008000000000000000000000000000000046
:10EA500000000000000000000000000000000000B6
:10EA600000000000000000000000000000000000A6
:10EA7000000000FFE00800040002000000000000A9
:10EA80000000000000000000000000000000000086
:10EA9000000000000000000000000000001F000156
:10EAA0008001801F80318033801DC0000000000085
:10EAB0000000000000000070003000300037003916
:10EAC0008030C030C030C0398077000000000000C6
:10EAD000000000000000000000000000001E803167
:10EAE0008060806000608031801F000000000000B6
:10EAF000000000000000000380018001801D8033C1
:10EB00008061806180618033801DC0000000000052
:10EB1000000000000000000000000000001F0031A5
:10EB20008060C07FC0600030C01F80000000000017
:10EB30000000000000000007E00C000C003F800C0B
:10EB4000000C000C000C000C003F800000000000D6
:10EB5000000000000000000000000000001DC033A5
:10EB60008061806180618033801D80018001801F11
:10EB70000000000000000070003000300037003955
:10EB80008031803180318031807BC0000000000006
:10EB9000000000000000000600060000001E000645
:10EBA0000006000600060006003FC000000000004E
:10EBB000000000000000000600060000003F000307
:10EBC0000003000300030003000300030003003EF2
:10EBD0000000000000000070003000300037803678
:10EBE000003C003C003600330077C000000000000D
:10EBF000000000000000001E0006000600060006DF
:10EC00000006000600060006003FC00000000000ED
:10EC1000000000000000000000000000007F8036BF
:10EC2000C036C036C036C036C076E00000000000F6
:10EC30000000000000000000000000000077003924
:10EC40008031803180318031807BC0000000000045
:10EC5000000000000000000000000000001F003164
:10EC60008060C060C060C031801F000000000000F4
:10EC700000000000000000000000000000770039E4
:10EC80008030C030C030C039803700300030007C68
:10EC9000000000000000000000000000001DC03364
:10ECA0008061806180618033801D800180018007E8
:10ECB000C00000000000000000000000007B801C7D
:10ECC000C018001800180018007F000000000000A5
:10ECD000000000000000000000000000001F803164
:10ECE000803C001F00038031803F000000000000D6
:10ECF000000000000000001800180018007F001835
:10ED00000018001800180018800F00000000000014
:10ED100000000000000000000000000000738031CF
:10ED20008031803180318033801DC00000000000C0
:10ED3000000000000000000000000000007BC03167
:10ED40008031801B001B000E000E00000000000040
:10ED500000000000000000000000000000F1E06082
:10ED6000C064C06EC03B803B80318000000000006A
:10ED7000000000000000000000000000007BC01B3D
:10ED8000000E000E000E001B007BC0000000000003
:10ED90000000000000000000000000000079E030EA
:10EDA000C0198019800B000F00060006000C003E01
:10EDB000000000000000000000000000003F802173
:10EDC0008003000E00180030803F8000000000002B
:10EDD0000000000000000006000C000C000C000CFD
:10EDE000000C0018000C000C000C000C00060000C9
:10EDF00000000000000000060006000600060006F5
:10EE000000060006000600060006000600060000D8
:10EE1000000000000000000C0006000600060006CE
:10EE2000000600030006000600060006000C0000B5
:10EE300000000000000000000000000000000018BA
:10EE4000002480030000000000000000000000001B
:10EE500000000000000000000000000000000000B2
:10EE600000000000000000000000000000000000A2
:10EE7000000000000000000000000000000000078B
:10EE80000007000700070007000700070002000254
:10EE90000000000000070007000000000000000064
:10EEA0000000000000000000001CE01CE01CE00866
:10EEB0004008400840000000000000000000000082
:10EEC000000000000000000000000000000CC00C6A
:10EED000C00CC00CC00CC03FF03FF00CC00CC03FD9
:10EEE000F03FF00CC00CC00CC00CC00CC000000007
:10EEF00000000000000300030007E00FE0186018A6
:10EF0000001F000FC000E0186018601FC01F8003C2
:10EF10000003000300000000000000000000001CCF
:10EF2000002200220022001C6001E00F803C003122
:10EF3000C002200220022001C000000000000000EA
:10EF4000000000000000000000000003E00FE00CE3
:10EF5000000C0006000F301FF019E018C01FF0076A
:10EF6000B0000000000000000000000000000000F1
:10EF70000003800380038001000100010000000005
:10EF80000000000000000000000000000000000081
:10EF90000000000000000000C000C00180018001EE
:10EFA000800300030003000300030003000180014D
:10EFB00080018000C000C000000000000000000CC4
:10EFC000000C000600060006000300030003000317
:10EFD00000030003000600060006000C000C000001
:10EFE000000000000000000300030003001B601F7E
:10EFF000E0078007800FC00CC00000000000000088
:10F000000000000000000000000000000000000000
:10F0100000000003000300030003003FF03FF00383
:10F0200000030003000300000000000000000000D7
:10F0300000000000000000000000000000000000D0
:10F040000000000000000000000000038003000337
:10F0500000060006000400000000000000000000A0
:10F0600000000000000000000000003FE03FE00062
:10F070000000000000000000000000000000000090
:10F080000000000000000000000000000000000080
:10F090000000000000000000000000038003800367
:10F0A0008000000000000000000000000000600080
:10F0B0006000C000C000C0018001800300030006A2
:10F0C0000006000C000C000C0018001800000000E6
:10F0D000000000000000000F801FC018C03060302A
:10F0E000603060306030603060306018C01FC00F2A
:10F0F000800000000000000000000000000000038D
:10F10000001F001F000300030003000300030003AF
:10F1100000030003001FE01FE000000000000000EB
:10F12000000000000000000F801FC038E0306000C9
:10F130006000C00180030006000C0018003FE03FA3
:10F14000E000000000000000000000000000000FD0
:10F15000803FC030E0006000E007C007C000E00072
:10F1600060006060E07FC03F8000000000000000A1
:10F170000000000000000001C003C003C006C00C76
:10F18000C00CC018C030C03FE03FE000C003E00347
:10F19000E000000000000000000000000000001F70
:10F1A000C01FC0180018001F801FC018E0006000BA
:10F1B00060006030E03FC01F8000000000000000E1
:10F1C0000000000000000003E00FE01E00180038FF
:10F1D0000037803FC038E03060306018E01FC00763
:10F1E0008000000000000000000000000000003F60
:10F1F000E03FE03060006000C000C000C00180015E
:10F2000080018003000300030000000000000000F4
:10F21000000000000000000F801FC038E0306038A0
:10F22000E01FC01FC038E03060306038E01FC00F02
:10F230008000000000000000000000000000000F3F
:10F24000001FC038C03060306038E01FE00F600041
:10F25000E000C003C03F803E00000000000000004E
:10F26000000000000000000000000000000000039B
:10F2700080038003800000000000000380038003FF
:10F2800080000000000000000000000000000000FE
:10F290000000000000000001C001C001C00000002B
:10F2A00000000003800300060006000400000000C8
:10F2B0000000000000000000000000003000F0032B
:10F2C000C007001C0078001C00070003C000F0000D
:10F2D00030000000000000000000000000000000FE
:10F2E000000000000000007FF07FF0000000007FC1
:10F2F000F07FF000000000000000000000000000AF
:10F30000000000000000000000000030003C000F82
:10F3100000038000E0007800E003800F003C003034
:10F3200000000000000000000000000000000000DD
:10F33000000F801FC018601860006001C0038003C8
:10F3400000000000000700070000000000000000AF
:10F350000000000000000003800C800840104010F6
:10F360004011C012401240124011C01000080008A5
:10F3700040078000000000000000000000000000C6
:10F38000001F801F80038006C006C00CC00C601FD9
:10F39000E01FE0303078787878000000000000004E
:10F3A0000000000000000000003F803FC01860180F
:10F3B0006018E01FC01FE01870183018303FF03F91
:10F3C000E00000000000000000000000000000005D
:10F3D0000007B00FF01C70383030003000300030C3
:10F3E0000038301C700FE007C00000000000000073
:10F3F0000000000000000000007F807FC030E0308F
:10F40000703030303030303030307030E07FC07F9E
:10F41000800000000000000000000000000000006C
:10F42000003FF03FF01830183019801F801F8019FE
:10F4300080183018303FF03FF0000000000000005E
:10F440000000000000000000003FF03FF0183018FE
:10F450003019801F801F801980180018003F003F5E
:10F46000000000000000000000000000000000009C
:10F470000007B01FF0187030303000300031F83124
:10F48000F8303018301FF007C00000000000000006
:10F490000000000000000000003CF03CF018601884
:10F4A0006018601FE01FE01860186018603CF03CB6
:10F4B000F00000000000000000000000000000005C
:10F4C000001FE01FE003000300030003000300032C
:10F4D00000030003001FE01FE00000000000000028
:10F4E00000000000000000000003F803F8006000C6
:10F4F000600060006030603060306030E03FC00F1E
:10F50000800000000000000000000000000000007B
:10F51000003EF83EF818E019801B001F001D8018FF
:10F52000C018C018603E783E38000000000000009F
:10F530000000000000000000003F003F000C000C35
:10F54000000C000C000C000C300C300C303FF03F75
:10F55000F0000000000000000000000000000000BB
:10F56000007878787838703CF034B037B037B03302
:10F5700030333030307CF87CF800000000000000B0
:10F5800000000000000000000039F03DF01C601E8B
:10F59000601E601B601B6019E019E018E03EE03E51
:10F5A00060000000000000000000000000000000FB
:10F5B0000007800FC01CE038703030303030303001
:10F5C0003038701CE00FC007800000000000000011
:10F5D0000000000000000000003FC03FE01870186D
:10F5E00030183018701FE01FC0180018003F003F8F
:10F5F000000000000000000000000000000000000B
:10F600000007800FC01CE0387030303030303030B0
:10F610003038701CE00FC0078007B00FF00CE0001E
:10F620000000000000000000003FC03FE01870181C
:10F630003018701FE01FC018E0186018703E383E88
:10F6400018000000000000000000000000000000A2
:10F65000000FB01FF03870303038001F8007E00016
:10F6600070303038703FE037C0000000000000000C
:10F670000000000000000000003FF03FF033303396
:10F68000303330030003000300030003000FC00FFA
:10F69000C0000000000000000000000000000000AA
:10F6A000003CF03CF0186018601860186018601892
:10F6B0006018601CE00FC007800000000000000020
:10F6C00000000000000000000078F078F0306030AA
:10F6D0006018C018C00D800D800D8007000700075E
:10F6E000000000000000000000000000000000001A
:10F6F000007C7C7C7C301833983398339836D8164D
:10F70000D01C701C701C701830000000000000003D
:10F7100000000000000000000078F078F030601871
:10F72000C00D80070007000D8018C0306078F078A9
:10F73000F0000000000000000000000000000000D9
:10F74000003CF03CF018600CC00780078003000309
:10F7500000030003000FC00FC00000000000000005
:10F760000000000000000000001FE01FE01860180B
:10F77000C001800300030006000C6018601FE01F3A
:10F78000E000000000000000000000000000000396
:10F79000C003C003000300030003000300030003D1
:10F7A000000300030003000300030003C003C000C4
:10F7B0000000000000180018000C000C000C0006EF
:10F7C000000600030003000180018000C000C000AB
:10F7D000C000600060000000000000000000000F9A
:10F7E000000F0003000300030003000300030003F5
:10F7F00000030003000300030003000F000F0000DC
:10F8000000000000000000020007000D8018C0305A
:10F810006020200000000000000000000000000048
:10F8200000000000000000000000000000000000D8
:10F8300000000000000000000000000000000000C8
:10F8400000000000000000000000000000000000B8
:10F8500000FFFCFFFC00000400030000800000002B
:10F860000000000000000000000000000000000098
:10F870000000000000000000000000000000000088
:10F88000000000000000000FC01FE000600FE01F3C
:10F89000E0386030E03FF01F700000000000000022
:10F8A00000000000000000700070003000300037E1
:10F8B000803FE0386030303030303038607FE07783
:10F8C00080000000000000000000000000000000B8
:10F8D0000000000000000007B01FF018303030308A
:10F8E00000300038301FF00FC000000000000000A2
:10F8F00000000000000000007000700030003007C1
:10F90000B01FF0187030303030303038701FF807CA
:10F91000B80000000000000000000000000000002F
:10F920000000000000000007801FE018603FF03F6B
:10F93000F0300018301FF007C00000000000000089
:10F940000000000000000003F007F0060006001FA2
:10F95000E01FE0060006000600060006001FE01F8C
:10F96000E0000000000000000000000000000000B7
:10F970000000000000000007B81FF8187030303099
:10F9800030303018701FF007B0003000700FE00FFB
:10F99000C000000000000038003800180018001BEC
:10F9A000C01FE01C6018601860186018603CF03CD4
:10F9B000F000000000000000000000000000000354
:10F9C000000300000000001F001F000300030003ED
:10F9D00000030003001FE01FE00000000000000023
:10F9E0000000000000000003000300000000001FF2
:10F9F000C01FC000C000C000C000C000C000C000E8
:10FA0000C000C001C03F803F00000000000000387F
:10FA1000003800180018001BE01BE01B001E001E31
:10FA2000001B00198039F039F000000000000000D0
:10FA3000000000000000001F001F0003000300037F
:10FA4000000300030003000300030003001FE01F86
:10FA5000E0000000000000000000000000000000C6
:10FA6000000000000000007EE07FF03330333033D0
:10FA700030333033307BB87BB8000000000000002A
:10FA80000000000000000000000000000000003B3B
:10FA9000C03FE01C6018601860186018603CF03CC3
:10FAA000F000000000000000000000000000000066
:10FAB0000000000000000007801FE01860303030B8
:10FAC00030303018601FE0078000000000000000A8
:10FAD00000000000000000000000000000000077AF
:10FAE000807FE0386030303030303038603FE03791
:10FAF00080300030007C007C00000000000000002E
:10FB00000000000000000007B81FF8187030303007
:10FB100030303018701FF007B00030003000F800AF
:10FB2000F800000000000000000000000000003CA1
:10FB3000E03DF00F300E000C000C000C003FC03F09
:10FB4000C0000000000000000000000000000000F5
:10FB50000000000000000007E01FE018601E000F1A
:10FB6000C001E018601FE01F8000000000000000DE
:10FB70000000000000000000000C000C000C003F22
:10FB8000E03FE00C000C000C000C000C300FF00704
:10FB9000C0000000000000000000000000000000A5
:10FBA0000000000000000038E038E018601860181D
:10FBB00060186018E01FF00F7000000000000000E7
:10FBC00000000000000000000000000000000078BD
:10FBD000F078F0306018C018C00D800D8007000765
:10FBE0000000000000000000000000000000000015
:10FBF0000000000000000078F078F03260326037DA
:10FC0000E01DC01DC018C018C000000000000000AA
:10FC10000000000000000000000000000000003CA8
:10FC2000F03CF00CC00780030007800CC03CF03CA7
:10FC3000F0000000000000000000000000000000D4
:10FC40000000000000000078F078F0306018C01864
:10FC5000C00D800F800700060006000C007F007FAB
:10FC60000000000000000000000000000000001F75
:10FC7000E01FE018C00180030006000C601FE01FB9
:10FC8000E000000000000000000000000000000193
:10FC9000C003C00300030003000300030007000EBD
:10FCA000000700030003000300030003C001C000BD
:10FCB0000000000000000003000300030003000335
:10FCC000000300030003000300030003000300031C
:10FCD0000003000300030000000000000000001CFF
:10FCE000001E0006000600060006000600070003CE
:10FCF00080070006000600060006001E001C00002B
:10FD000000000000000000000000000000000000F3
:10FD1000000E003F3033F001E00000000000000062
:10FD200000000000000000000000000000000000D3
:10FD300000000000000000000000000000000000C3
:10FD400000000000000000000000000000000000B3
:10FD500000000000000000000000000000000000A3
:10FD60000000000000000000000000000000000093
:10FD7000000000000000000000000003800003807D
:10FD800000038000038000038000038000038000E4
:10FD9000038000038000010000010000000000005B
:10FDA000000003800003800000000000000000004D
:10FDB0000000000000000000000000000000000043
:10FDC0000000000000000E70000E70000E700004B5
:10FDD0002000042000042000042000000000000097
:10FDE0000000000000000000000000000000000013
:10FDF0000000000000000000000000000000000003
:10FE00000000000000000000000000066000066026
:10FE1000000660000660000660003FF8003FF80042
:10FE20000660000CC0003FF8003FF8000CC0000C5A
:10FE3000C0000CC0000CC0000CC00000000000009E
:10FE400000000000000000000000000000000000B2
:10FE500001800001800007B0000FF000187000184A
:10FE600070001C00000F800007E00000F000183058
:10FE7000001C30001C70001FE0001BC0000180004F
:10FE800001800001800001800000000000000000EF
:10FE900000000000000000000000000780000FC00C
:10FEA000001CE0001860001860001CE0000FF80063
:10FEB00007E0001FF00007380006180006180007CA
:10FEC000380003F00001E000000000000000000026
:10FED0000000000000000000000000000000000022
:10FEE00000000000000000000003F00007F0000C1C
:10FEF00060000C00000C00000600000700000F9CD2
:10FF0000001DFC0018F0001870000FFC0007DC005A
:10FF100000000000000000000000000000000000E1
:10FF2000000000000000000000000000000003804E
:10FF300000038000038000010000010000010000B8
:10FF400001000000000000000000000000000000B0
:10FF500000000000000000000000000000000000A1
:10FF60000000000000000000000000000000000091
:10FF700000000000180000380000700000F00000D1
:10FF8000E00000E00001C00001C00001C00001C0AD
:10FF90000001C00001C00000E00000E000007000AF
:10FFA0000070000038000018000000000000000091
:10FFB00000000000000000000000001800001C000D
:10FFC000000E00000E000007000007000003800084
:10FFD000038000038000038000038000038000078B
:10FFE00000000700000F00000E00001C00001800B9
:10FFF0000000000000000000000000000000000001
:020000022000DC
:100000000000000180000180000180001DB8001F79
:10001000F80007E00003C00003C0000660000660AF
:1000200000000000000000000000000000000000D0
:1000300000000000000000000000000000000000C0
:1000400000000000000000000000000000000000B0
:10005000000180000180000180000180000180001B
:100060003FFC003FFC000180000180000180000196
:10007000800001800000000000000000000000007F
:100080000000000000000000000000000000000070
:100090000000000000000000000000000000000060
:1000A0000000000000000000000000000000000050
:1000B0000000000000000000E00000C00001C000DF
:1000C0000180000180000300000300000000000028
:1000D0000000000000000000000000000000000020
:1000E0000000000000000000000000000000000010
:1000F0001FF8001FF80000000000000000000000D2
:1001000000000000000000000000000000000000EF
:1001100000000000000000000000000000000000DF
:1001200000000000000000000000000000000000CF
:1001300000000000000000000000000000000000BF
:100140000000000000000003C00003C00003C00066
:10015000000000000000000000000000000000009F
:1001600000000000000018000018000038000030F7
:100170000000700000600000600000C00000C000CF
:10018000018000018000030000030000060000065B
:1001900000000E00000C00001C00001800001800F9
:1001A000000000000000000000000000000000004F
:1001B00000000003C00007E0000C30000C30001805
:1001C0001800181800181800181800181800181827
:1001D000001818000C30000C300007E00003C000CD
:1001E000000000000000000000000000000000000F
:1001F00000000000000000000000000080000780F8
:10020000001F80001D80000180000180000180002F
:100210000180000180000180000180000180000158
:1002200080001FF8001FF800000000000000000020
:1002300000000000000000000000000000000000BE
:1002400000000007C0001FF00038300030180030F8
:10025000180000180000300000600001C00003809A
:10026000000600000C00001800003FF8003FF800F6
:10027000000000000000000000000000000000007E
:10028000000000000000000000000003C0000FE0BC
:10029000000C700000300000300000600003C0005F
:1002A00003E000007000001800001800001800189B
:1002B00038001FF0000FC000000000000000000028
:1002C000000000000000000000000000000000002E
:1002D00000000000E00001E00001E0000360000613
:1002E00060000660000C60000C6000186000306068
:1002F000003FF8003FF80000600003F80003F8003A
:1003000000000000000000000000000000000000ED
:1003100000000000000000000000001FF0001FF0BF
:10032000001800001800001800001BC0001FF0009B
:100330001C300000180000180000180000180030E1
:1003400030003FF0000FC00000000000000000007F
:10035000000000000000000000000000000000009D
:1003600000000000F80003F8000700000E00000C79
:1003700000001800001BC0001FF0001C30001818FF
:10038000001818001818000C38000FF00003E000E7
:10039000000000000000000000000000000000005D
:1003A00000000000000000000000001FF8001FF81F
:1003B00000181800183800003000003000007000ED
:1003C00000600000600000E00000C00000C000010C
:1003D000C00001800001800000000000000000005B
:1003E000000000000000000000000000000000000D
:1003F00000000007E0000FF0001C3800181800187B
:1004000018000C300007E00007E0000C300018185E
:10041000001818001818001C38000FF00007E00042
:1004200000000000000000000000000000000000CC
:10043000000000000000000000000007C0000FF0F6
:10044000001C30001818001818001818000C38008C
:100450000FF80003D8000018000030000070000002
:10046000E0001FC0001F00000000000000000000AE
:10047000000000000000000000000000000000007C
:100480000000000000000000000000000000000369
:10049000C00003C00003C000000000000000000016
:1004A0000000000000000003C00003C00003C00003
:1004B000000000000000000000000000000000003C
:1004C000000000000000000000000000000000002C
:1004D0000000000000000000F00000F00000F0004C
:1004E00000000000000000000000000000E000012B
:1004F000C000018000018000030000020000000035
:1005000000000000000000000000000000000000EB
:10051000000000000000000000001C00003C000083
:10052000F00003C0000F00003C0000F000003C00A1
:10053000000F000003C00000F000003C00001C00A1
:1005400000000000000000000000000000000000AB
:10055000000000000000000000000000000000009B
:10056000000000000000000000007FFC007FFC0095
:100570000000000000007FFC007FFC000000000085
:10058000000000000000000000000000000000006B
:10059000000000000000000000000000000000005B
:1005A0000000000000000000007000007800001E45
:1005B000000007800001E000007800001E000078C5
:1005C0000001E0000780001E0000780000700000BD
:1005D000000000000000000000000000000000001B
:1005E000000000000000000000000000000007C044
:1005F000000FE00018700018300018300000700084
:1006000000E00003C00003800003000000000000C1
:1006100000000700000700000000000000000000CC
:1006200000000000000000000000000000000000CA
:1006300000000003E00007F0000E38000C1800185E
:10064000780018F80019D80019980019980019981E
:100650000018F8001878001800000C00000E1800B0
:1006600007F80003E00000000000000000000000A8
:1006700000000000000000000000000000001F80DB
:10068000001FC00001C000036000036000063000CE
:100690000630000C30000FF8001FF800180C003076
:1006A0000C00FC7F00FC7F00000000000000000048
:1006B000000000000000000000000000000000003A
:1006C0000000000000007FE0007FF00018380018F4
:1006D00018001818001838001FF0001FF800181C28
:1006E00000180C00180C00180C007FF8007FF000B8
:1006F00000000000000000000000000000000000FA
:10070000000000000000000000000000000003ECFA
:10071000000FFC001C1C00180C00300C0030000006
:10072000300000300000300000300000180C001CC9
:100730001C000FF80003F0000000000000000000A3
:1007400000000000000000000000000000000000A9
:100750000000000000007FC0007FF0001838001883
:100760001800180C00180C00180C00180C00180CBD
:1007700000180C001818001838007FF0007FE00007
:100780000000000000000000000000000000000069
:1007900000000000000000000000000000007FF8E2
:1007A000007FF80018180018180019980019800028
:1007B0001F80001F80001980001998001818001869
:1007C00018007FF8007FF800000000000000000023
:1007D0000000000000000000000000000000000019
:1007E0000000000000003FFC003FFC000C0C000C6F
:1007F0000C000CCC000CC0000FC0000FC0000CC0DF
:10080000000CC0000C00000C00003FC0003FC00006
:1008100000000000000000000000000000000000D8
:10082000000000000000000000000000000003ECD9
:10083000000FFC001C1C00180C00300C00300000E5
:1008400030000030FE0030FE00300C00380C001C80
:100850001C000FFC0003F00000000000000000007E
:100860000000000000000000000000000000000088
:100870000000000000007E7E007E7E001818001838
:1008800018001818001818001FF8001FF800181892
:10089000001818001818001818007E7E007E7E00D0
:1008A0000000000000000000000000000000000048
:1008B00000000000000000000000000000001FF821
:1008C000001FF8000180000180000180000180000D
:1008D0000180000180000180000180000180000192
:1008E00080001FF8001FF80000000000000000005A
:1008F00000000000000000000000000000000000F8
:1009000000000000000007FE0007FE0000300000AD
:100910003000003000003000003000303000303057
:10092000003030003030003060003FE0000F8000C9
:1009300000000000000000000000000000000000B7
:1009400000000000000000000000000000007F3EEA
:10095000007F3E0018300018600018C000198000A9
:100960001B80001FC0001CE0001870001830001829
:1009700038007F1F007F1F00000000000000000003
:100980000000000000000000000000000000000067
:100990000000000000007F80007F80000C00000C41
:1009A00000000C00000C00000C00000C00000C0CFF
:1009B000000C0C000C0C000C0C007FFC007FFC00F9
:1009C0000000000000000000000000000000000027
:1009D0000000000000000000000000000000F00F18
:1009E00000F81F00381C003C3C003C3C00366C000A
:1009F000366C0033CC0033CC00318C00300C00302E
:100A00000C00FE7F00FE7F000000000000000000E0
:100A100000000000000000000000000000000000D6
:100A200000000000000078FE0078FE001C18001E88
:100A300018001F18001B18001B980019D80018D8A0
:100A40000018F8001878001838007F18007F180088
:100A50000000000000000000000000000000000096
:100A6000000000000000000000000000000003C0C3
:100A7000000FF0001C3800181800381C00300C0063
:100A8000300C00300C00300C00381C001818001C12
:100A900038000FF00003C00000000000000000005C
:100AA0000000000000000000000000000000000046
:100AB0000000000000003FF0003FF8000C1C000C9C
:100AC0000C000C0C000C0C000C18000FF8000FE0D0
:100AD000000C00000C00000C00003FC0003FC000F4
:100AE0000000000000000000000000000000000006
:100AF000000000000000000000000000000003C033
:100B0000000FF0001C3800181800381C00300C00D2
:100B1000300C00300C00300C00381C001818001C81
:100B200038000FF00007C00007CC000FFC000C38A5
:100B300000000000000000000000000000000000B5
:100B40000000000000007FE0007FF000183800186F
:100B500018001818001838001FF0001FC00018E017
:100B6000001870001830001838007F1E007F0E003B
:100B70000000000000000000000000000000000075
:100B8000000000000000000000000000000007D886
:100B9000000FF8001C38001818001818001E00007C
:100BA0000FC00003F0000078001818001818001C8F
:100BB00038001FF0001BE0000000000000000000F3
:100BC0000000000000000000000000000000000025
:100BD0000000000000003FFC003FFC00318C0031B1
:100BE0008C00318C00318C0001800001800001807C
:100BF000000180000180000180000FF0000FF00074
:100C000000000000000000000000000000000000E4
:100C100000000000000000000000000000007E7ED8
:100C2000007E7E0018180018180018180018180008
:100C30001818001818001818001818001818000CB8
:100C400030000FF00003C0000000000000000000B2
:100C50000000000000000000000000000000000094
:100C60000000000000007F7F007F7F00180C000C58
:100C700018000C18000C1800063000063000036045
:100C80000003600003600001C00001C0000080009C
:100C90000000000000000000000000000000000054
:100CA0000000000000000000000000000000FE3F07
:100CB00080FE3F8030060030060030860019CC00F0
:100CC00019CC001B6C001B6C001E7C000E38000E43
:100CD00038000C18000C1800000000000000000094
:100CE0000000000000000000000000000000000004
:100CF0000000000000007E7E007E7E001818000CC0
:100D0000300006600003C00001800001800003C0C5
:100D1000000660000C30001818007E7E007E7E0009
:100D200000000000000000000000000000000000C3
:100D300000000000000000000000000000007C7EB9
:100D4000007C7E001818000C300006600006600071
:100D500003C00001800001800001800001800001CB
:100D600080000FF0000FF000000000000000000005
:100D70000000000000000000000000000000000073
:100D80000000000000001FF8001FF80018180018ED
:100D9000300018600018C000018000030000061831
:100DA000000C18001818003018003FF8003FF80039
:100DB0000000000000000000000000000000000033
:100DC000000000000000000000000001F00001F041
:100DD000000180000180000180000180000180008E
:100DE000018000018000018000018000018000017D
:100DF000800001800001800001800001F00001F00E
:100E000000000000000000000000000000180000CA
:100E10001800001C00000C00000E00000600000678
:100E2000000003000003000001800001800000C0FA
:100E30000000C00000600000600000700000300092
:100E4000003800001800001800000000000000003A
:100E500000000000000000000000000F80000F8074
:100E600000018000018000018000018000018000FD
:100E700001800001800001800001800001800001EC
:100E800080000180000180000180000F80000F8041
:100E90000000000000000000000000000000000052
:100EA00000800001C00003E0000770000630000C65
:100EB0001800180C001004000000000000000000E2
:100EC0000000000000000000000000000000000022
:100ED0000000000000000000000000000000000012
:100EE0000000000000000000000000000000000002
:100EF00000000000000000000000000000000000F2
:100F000000000000000000000000000000000000E1
:100F100000000000000000000000000000000000D1
:100F200000000000000000FFFF00FFFF00000000C5
:100F300003000003800000E00000600000000000EB
:100F400000000000000000000000000000000000A1
:100F50000000000000000000000000000000000091
:100F60000000000000000000000000000000000081
:100F70000000000000000000000000000000000071
:100F8000000000000000000FC0001FE00000300063
:100F900000300007F0001FF0003830003030003023
:100FA00070001FFC000FBC000000000000000000EB
:100FB0000000000000000000000000000000000031
:100FC0000000007800007800001800001800001BE6
:100FD000E0001FF8001C1800180C00180C00180C7A
:100FE00000180C00180C001C18007FF8007BE000B3
:100FF00000000000000000000000000000000000F1
:1010000000000000000000000000000000000000E0
:101010000000000000000003EC000FFC001C1C009E
:10102000380C00300C00300000300000380C001C80
:101030001C000FF80003F00000000000000000009A
:1010400000000000000000000000000000000000A0
:101050000000000078000078000018000018000769
:10106000D8001FF800183800301800301800301869
:10107000003018003018001838001FFE0007DE008E
:101080000000000000000000000000000000000060
:101090000000000000000000000000000000000050
:1010A0000000000000000007E0001FF80018180012
:1010B000300C003FFC003FFC003000003000001806
:1010C0000C001FFC0007F000000000000000000002
:1010D0000000000000000000000000000000000010
:1010E00000000001FC0003FC000600000600003FB9
:1010F000F8003FF8000600000600000600000600A9
:10110000000600000600000600003FF0003FF0006F
:1011100000000000000000000000000000000000CF
:1011200000000000000000000000000000000000BF
:101130000000000000000007DE001FFE001838005D
:10114000301800301800301800301800301800181F
:1011500038001FF80007D8000018000018000038F9
:10116000000FF0000FC000000000000000000000B1
:101170000000007800007800001800001800001B34
:10118000E0001FF0001C380018180018180018188C
:10119000001818001818001818007E7E007E7E00C7
:1011A000000000000000000000000000000000003F
:1011B000000000000000000000000001800001802D
:1011C000000000000000001F80001F800001800060
:1011D0000180000180000180000180000180000189
:1011E00080003FFC003FFC00000000000000000009
:1011F00000000000000000000000000000000000EF
:1012000000000000C00000C0000000000000001F3F
:10121000F0001FF00000300000300000300000300F
:1012200000003000003000003000003000003000CE
:101230000030000030000070001FE0001F80000040
:1012400000000000000000000000003C00003C0026
:10125000000C00000C00000CF8000CF8000CC000A2
:101260000D80000F80000F00000F80000DC0000CEB
:10127000E0003C7C003C7C0000000000000000001E
:10128000000000000000000000000000000000005E
:101290000000001F80001F8000018000018000010D
:1012A0008000018000018000018000018000018039
:1012B000000180000180000180003FFC003FFC0035
:1012C000000000000000000000000000000000001E
:1012D000000000000000000000000000000000000E
:1012E00000000000000000F77800FFFC0039CC008F
:1012F000318C00318C00318C00318C00318C00310C
:101300008C00FDEF00FDEF00000000000000000079
:1013100000000000000000000000000000000000CD
:101320000000000000000000000000000000007B42
:10133000E0007FF0001C380018180018180018187A
:10134000001818001818001818007E7E007E7E0015
:10135000000000000000000000000000000000008D
:10136000000000000000000000000000000000007D
:101370000000000000000003C0000FF0001C380057
:10138000381C00300C00300C00300C00381C001CE5
:1013900038000FF00003C000000000000000000053
:1013A000000000000000000000000000000000003D
:1013B0000000000000000000000000000000007BB2
:1013C000E0007FF8001C1800180C00180C00180C26
:1013D00000180C00180C001C18001FF8001BE0007F
:1013E0001800001800001800007F00007F000000B7
:1013F00000000000000000000000000000000000ED
:101400000000000000000007DE001FFE001838008A
:10141000301800301800301800301800301800184C
:1014200038001FF80007D800001800001800001846
:101430000000FE0000FE00000000000000000000B0
:101440000000000000000000000000000000003E5E
:1014500078003EFC0007CC000700000600000600F4
:10146000000600000600000600003FF0003FF0000C
:10147000000000000000000000000000000000006C
:10148000000000000000000000000000000000005C
:101490000000000000000007F8000FF80018180016
:1014A0001818001F80000FF00000F800181800182E
:1014B00038001FF0001FE0000000000000000000E6
:1014C000000000000000000000000000000000001C
:1014D0000000000C00000C00000C00000C00003F9D
:1014E000F0003FF0000C00000C00000C00000C00AD
:1014F000000C00000C00000C1C0007FC0003F000B6
:1015000000000000000000000000000000000000DB
:1015100000000000000000000000000000000000CB
:1015200000000000000000787800787800181800AB
:1015300018180018180018180018180018180018A3
:1015400038000FFE0007DE00000000000000000071
:10155000000000000000000000000000000000008B
:101560000000000000000000000000000000007CFF
:101570003E007C3E001818001818000C30000C309B
:101580000006600006600007E00003C00003C00022
:10159000000000000000000000000000000000004B
:1015A000000000000000000000000000000000003B
:1015B00000000000000000783C00783C003118007A
:1015C0003398003398001AB0001EF0001EF0001C83
:1015D00060000C60000C60000000000000000000D3
:1015E00000000000000000000000000000000000FB
:1015F0000000000000000000000000000000003EAD
:101600007C003E7C000C300006600003C0000180BE
:101610000003C0000660000C30003E7C003E7C00F1
:1016200000000000000000000000000000000000BA
:1016300000000000000000000000000000000000AA
:10164000000000000000007E1F007E1F00180C003C
:101650000C18000C18000630000630000360000370
:10166000E00001C00000C000018000018000030014
:10167000003FC0003FC0000000000000000000006C
:101680000000000000000000000000000000001F3B
:10169000F8001FF80018300018600000C00001803A
:1016A000000300000618000C18001FF8001FF800C7
:1016B000000000000000000000000000000000002A
:1016C000000000000000000000000000E00001E059
:1016D0000001800001800001800001800001800085
:1016E00001800003800007000003800001800001EA
:1016F000800001800001800001800001E00000E026
:1017000000000000000000000000000000000000D9
:1017100000000001800001800001800001800001C4
:1017200080000180000180000180000180000180B4
:101730000001800001800001800001800001800024
:101740000180000180000180000000000000000016
:1017500000000000000000000000000700000780FB
:1017600000018000018000018000018000018000F4
:1017700001800001C00000E00001C0000180000104
:1017800080000180000180000180000780000700C8
:101790000000000000000000000000000000000049
:1017A0000000000000000000000000000000000039
:1017B00000000000000E00001F18003BB80031F0D0
:1017C0000000E00000000000000000000000000039
:1017D0000000000000000000000000000000000009
:1017E0000000000000000000001BB70000800000A7
:1017F00000000000000000000000000010270000B2
:1018000000000000001BB700001BB7000000000034
:1018100000800000001BB700636463645F78666546
:10182000725F636200636463645F6F70656E006320
:101830006463645F696E6974007475645F63646394
:101840005F6E5F77726974655F666C757368007050
:10185000726F635F7265616431305F636D640070E5
:10186000726F635F777269746531305F636D6400B6
:101870006D7363645F786665725F6362006D736346
:10188000645F636F6E74726F6C5F786665725F63BE
:1018900062006D7363645F6F70656E007573626480
:1018A0005F656470745F7866657200757362645F0B
:1018B000656470745F6F70656E00757362645F6FEE
:1018C00070656E5F656470745F70616972007072DC
:1018D0006F636573735F6765745F64657363726973
:1018E00070746F720070726F636573735F73657489
:1018F0005F636F6E6669670070726F636573735FB5
:10190000636F6E74726F6C5F72657175657374006E
:10191000636F6E66696775726174696F6E5F726519
:10192000736574007475645F7461736B5F6578745C
:10193000007475645F696E69740000001D7D0000AD
:10194000D17D0000257E0000117F0000F57F0000A2
:10195000000000001583000025830000358300008F
:10196000D9830000118500000000000075736264D7
:101970005F636F6E74726F6C5F786665725F6362CF
:10198000007475645F636F6E74726F6C5F78666508
:1019900072006463645F656470745F78666572008A
:1019A0006463645F656470745F6F70656E00747506
:1019B0005F656470745F76616C6964617465000072
:1019C00053B90100FFB0010023B90100010000007C
:1019D00029B500000200000009B500001000000059
:1019E000E5B5000020000000E9B400004000000060
:1019F000C9B4000080000000A9B40000000100008C
:101A000089B400000008000069B400000010000064
:101A10000DB600000020000049B5000000400000A5
:101A200035B400000080000001B40000100E00007A
:101A300018000000010100001E0000000A00000064
:101A400011B801000B0000002FB801000C000000CD
:101A50004CB801000D0000006DB801000E00000040
:101A60008DB8010014000000AEB8010015000000A0
:101A7000C3B8010016000000D8B80100170000002C
:101A8000EAB801001E000000FFB801001F000000BE
:101A90001BB90100200000002CB90100210000004A
:101AA0004BB90100280000005FB9010029000000C7
:101AB00075B901002A0000008BB901000A0000007E
:101AC000010000000B000000020000000C000000FC
:101AD000040000000D000000080000000E000000DF
:101AE000100000001400000020000000160000009C
:101AF000400000001E0000008000000020000000E8
:101B0000000100002A000000000200001500000093
:101B10000100000017000000020000001F0000008C
:101B20000400000021000000080000002800000060
:101B3000100000002900000020000000FFFFFFFF50
:101B4000FFFFFFFFFFFFFFFFFFFFFFFFFFFFFFFFA5
:101B5000FFFFFFFFFFFFFFFFFFFFFFFFFFFFFFFF95
:101B6000FFFFFFFFFFFFFFFFFFFFFFFFFFFFFFFF85
:101B7000FFFFFFFFFFFFFFFFFFFFFFFFFFFFFFFF75
:101B8000FFFFFFFFFFFFFFFFFFFFFFFFFFFFFFFF65
:101B9000FFFFFFFFFFFFFFFFFFFFFFFFFFFFFFFF55
:101BA000FFFFFFFFFFFFFFFFFFFFFFFFFFFFFFFF45
:101BB000FFFFFFFFFFFFFFFFFFFFFFFFFFFFFFFF35
:101BC000FFFFFFFFFFFFFFFFFFFFFFFFFFFFFFFF25
:101BD000FFFFFFFFFFFFFFFFFFFFFFFFFFFFFFFF15
:101BE000FFFFFFFFFFFFFFFFFFFFFFFFFFFFFFFF05
:101BF000FFFFFFFFFFFFFFFFFFFFFFFFFFFFFFFFF5
:101C0000FFFFFFFFFFFFFFFFFFFFFFFFFFFFFFFFE4
:101C1000FFFFFFFFFFFFFFFFFFFFFFFFFFFFFFFFD4
:101C2000FFFFFFFFFFFFFFFFFFFFFFFFFFFFFFFFC4
:101C3000FFFFFFFFFFFFFFFFFFFFFFFFFFFFFFFFB4
:101C4000FFFFFFFFFFFFFFFFFFFFFFFFFFFFFFFFA4
:101C5000F0000007FFFFFFFFFFFFFFFFFFFFFFFF99
:101C6000F0000007FFFFFFFFFFFFFFFFFFFFFFFF89
:101C7000F0000007FFFFFFFFFFFFFFFFFFFFFFFF79
:101C8000F0000007FFFFFFFFFFFFFFFFFFFFFFFF69
:101C9000F0000007FFFFFFFFFFFFFFFFFFFFFFFF59
:101CA000F0FE1F87FFFFFFFFFFFFFFFFFFFFFFFFAC
:101CB000F0FE1F87FFFFFFFFFFFFFFFFFFFFFFFF9C
:101CC000F0FE1F87FFFFFFFFFFFFFFFFFFFFFFFF8C
:101CD000F0FE1F87FFFFFFFFFFFFFFFFFFFFFFFF7C
:101CE000F0FE1F87FFFFFFFFFFFFFFFFFFFFFFFF6C
:101CF000F0FE1F87FFFFFFFFFFFFFFFFFFFFFFFF5C
:101D0000F0FE1F87FFFFFFFFFFFFFFFFFFFFFFFF4B
:101D1000F0FE1F87FFFFFFFFFFFFFFFFFFFFFFFF3B
:101D2000F0FE1F87FFFFFFFFFFFFFFFFFFFFFFFF2B
:101D3000F0FFFF87FFFFFFFFFFFFFFFFFFFFFFFF3A
:101D4000FFFFFFFFFFFFFFFFFFFFFFFFFFFFFFFFA3
:101D5000FFFFFFFFFFFFFFFFFFFFFFFFFFFFFFFF93
:101D6000FFFFFFFFFFFFCFF0FFFFFFFFFFFFFFFFC2
:101D7000FFFFFFFFFFFF8FE07FFFFFFFFFFFFFFF82
:101D8000F00001FFFFFF9FC67FFFFFFFFFFFFFFF88
:101D9000F00001FFFFFF9F8F3FFFFFFFFFFFFFFFEF
:101DA000F00001FFFFFF9F9F3FFFFFFFFFFFFFFFCF
:101DB000F00001FFFFFF9F9F3FFFFFFFFFFFFFFFBF
:101DC000F0000FFFFFFF9F3F3FFFFFFFFFFFFFFF01
:101DD000FFFF87FFFFFF9F3F3FFFFFFFFFFFFFFF6B
:101DE000FFFFC3FFFFFFCE3E3FFFFFFFFFFFFFFFF1
:101DF000FFFFE3FFFFFFC07E7FFFFFFFFFFFFFFF4F
:101E0000FFFFE1FFFFFFF0FFFFFFFFFFFFFFFFFF0F
:101E1000FFFFE1FFFFFFFFFFFFFFFFFFFFFFFFFFF0
:101E2000FFFFE1FFFFFFFC07FFFFFFFFFFFFFFFFDB
:101E3000FFFFC1FFFFFFF001FFFFFFFFFFFFFFFFFD
:101E4000F00001FFFFFFE1F0FFFFFFFFFFFFFFFFDB
:101E5000F00003FFFFFFC7FC7FFFFFFFFFFFFFFF57
:101E6000F00003FFFFFFCFFE7FFFFFFFFFFFFFFF3D
:101E7000F00007FFFFFF8FFE3FFFFFFFFFFFFFFFA9
:101E8000F0001FFFFFFF9FFF3FFFFFFFFFFFFFFF70
:101E9000FFFFFFFFFFFF9F3F3FFFFFFFFFFFFFFF32
:101EA000FFFFFFFFFFFF9F3F3FFFFFFFFFFFFFFF22
:101EB000FFFFFFFFFFFF9F3F3FFFFFFFFFFFFFFF12
:101EC000FF807FFFFFFF9F3F3FFFFFFFFFFFFFFF01
:101ED000FE001FFFFFFF9F3E7FFFFFFFFFFFFFFF93
:101EE000FC0007FFFFFFC03E7FFFFFFFFFFFFFFF7C
:101EF000F80007FFFFFFC03CFFFFFFFFFFFFFFFFF2
:101F0000F80003FFFFFFFFFFFFFFFFFFFFFFFFFFE3
:101F1000F030C3FFFFFFFFFFFFFFFFFFFFFFFFFFEB
:101F2000F070E1FFFFFFFFFFFFFFFFFFFFFFFFFF7D
:101F3000F0F0E1FFFFFFCFF0FFFFFFFFFFFFFFFF2C
:101F4000F0F0E1FFFFFF8FE07FFFFFFFFFFFFFFFEC
:101F5000F0F0E1FFFFFF9FC67FFFFFFFFFFFFFFFE6
:101F6000F0F0E1FFFFFF9F8F3FFFFFFFFFFFFFFF4D
:101F7000F0F0C1FFFFFF9F9F3FFFFFFFFFFFFFFF4D
:101F8000F0F003FFFFFF9F9F3FFFFFFFFFFFFFFFFB
:101F9000F07003FFFFFF9F3F3FFFFFFFFFFFFFFFCB
:101FA000F87007FFFFFF9F3F3FFFFFFFFFFFFFFFAF
:101FB000F8700FFFFFFFCE3E3FFFFFFFFFFFFFFF69
:101FC000FFF03FFFFFFFC07E7FFFFFFFFFFFFFFF30
:101FD000FFFFFFFFFFFFF0FFFFFFFFFFFFFFFFFF20
:101FE000FFFFFFFFFFFFFFFFFFFFFFFFFFFFFFFF01
:101FF000FFFFFFFFFFFFFFFFFFFFFFFFFFFFFFFFF1
:10200000FFFFFFFFFFFFFFFFFFFFFFFFFFFFFFFFE0
:10201000F00001FFFFFFFFFFFFFFFFFFFFFFFFFFDC
:10202000F00001FFFFFFFFFFFFFFFFFFFFFFFFFFCC
:10203000F00001FFFFFFFFFFFFFFFFFFFFFFFFFFBC
:10204000F00001FFFFFFFFFFFFFFFFFFFFFFFFFFAC
:10205000F0000FFFFFFFCFF0FFFFFFFFFFFFFFFFCD
:10206000FFFF07FFFFFF8FE07FFFFFFFFFFFFFFF87
:10207000FFFF83FFFFFF9FC67FFFFFFFFFFFFFFF05
:10208000FFFFC1FFFFFF9F8F3FFFFFFFFFFFFFFF2E
:10209000FFFFC1FFFFFF9F9F3FFFFFFFFFFFFFFF0E
:1020A000FFFFC1FFFFFF9F9F3FFFFFFFFFFFFFFFFE
:1020B000FFFFC1FFFFFF9F3F3FFFFFFFFFFFFFFF4E
:1020C000FFFFFFFFFFFF9F3F3FFFFFFFFFFFFFFF00
:1020D000FFFFFFFFFFFFCE3E3FFFFFFFFFFFFFFEC3
:1020E0000F3FFFFFFFFFC07E7FFFFFFFFFFFFFFCF3
:1020F00000080FFFFFFFF0FFFFFFFFFFFFFFFFFCE8
:10210000000007FFFFFFFFFFFFFFFFFFFFFFFFF8DC
:10211000000003FFFFFFF03FFFFFFFFFFFFFFFF89F
:10212000200003FFFFFFE00FFFFFFFFFFFFFFFF8AF
:1021300070E1C1FFFFFFC7C7FFFFFFFFFFFFFFF811
:1021400070C3E1FFFFFF8FE3FFFFFFFFFFFFFFF81B
:1021500070C3E1FFFFFF9FF3FFFFFFFFFFFFFFF8EB
:1021600070C3E1FFFFFF9FF3FFFFFFFFFFFFFFF8DB
:1021700070C3E1FFFFFF9FF3FFFFFFFFFFFFFFF8CB
:1021800070C1C1FFFFFF9FF3FFFFFFFFFFFFFFF8DD
:1021900030E001FFFFFF8FE3FFFFFFFFFFFFFFFCCA
:1021A00000E001FFFFFFC7C7FFFFFFFFFFFFFFFCCE
:1021B00001F001FFFFFFE00FFFFFFFFFFFFFFFFE4A
:1021C00001F801FFFFFFF81FFFFFFFFFFFFFFFFE0A
:1021D00003FFE1FFFFFFFFFFFFFFFFFFFFFFFFFF29
:1021E00087FFE1FFFFFFFFFFFFFFFFFFFFFFFFFF95
:1021F000FFFFFFFFFFFFFFFFFFFFFFFFFFFFFFFFEF
:10220000FFFFFFFFFFFF80001FFFFFFFFFFFFFFF3C
:10221000FFFFFFFFFFFF80001FFFFFFFFFFFFFFF2C
:10222000F00001E3FFFFFFFFFFFFFFFFFFFFFFFFE6
:10223000F00001C1FFFFFFFFFFFFFFFFFFFFFFFFF8
:10224000F00001C1FFFFFFFFFFFFFFFFFFFFFFFFE8
:10225000F00001C1FFFFFFFFFFFFFFFFFFFFFFFFD8
:10226000F00001C1FFFFE003FFFFFFFFFFFFFFFFE3
:10227000FFFFFFE3FFFFC003FFFFFFFFFFFFFFFFC5
:10228000FFFFFFFFFFFF8FFFFFFFFFFFFFFFFFFFCE
:10229000FFFFFFFFFFFF9FFFFFFFFFFFFFFFFFFFAE
:1022A000FFFFFFFFFFFF9FFFFFFFFFFFFFFFFFFF9E
:1022B000FF807FFFFFFF9FFFFFFFFFFFFFFFFFFF8D
:1022C000FE001FFFFFFFCFFFFFFFFFFFFFFFFFFF2E
:1022D000FC0007FFFFFFC7FFFFFFFFFFFFFFFFFF40
:1022E000F80007FFFFFF8003FFFFFFFFFFFFFFFF77
:1022F000F80003FFFFFF8003FFFFFFFFFFFFFFFF6B
:10230000F030C3FFFFFFFFFFFFFFFFFFFFFFFFFFF7
:10231000F070E1FFFFFFFFFFFFFFFFFFFFFFFFFF89
:10232000F0F0E1FFFFFFFFFFFFFFFFFFFFFFFFFFF9
:10233000F0F0E1FFFFFFFFF3FFFFFFFFFFFFFFFFF5
:10234000F0F0E1FFFFFFFFF3FFFFFFFFFFFFFFFFE5
:10235000F0F0E1FFFFFFC0007FFFFFFFFFFFFFFF87
:10236000F0F0C1FFFFFF80007FFFFFFFFFFFFFFFD7
:10237000F0F003FFFFFF8FF3FFFFFFFFFFFFFFFF03
:10238000F07003FFFFFF9FF3FFFFFFFFFFFFFFFF63
:10239000F87007FFFFFF9FF3FFFFFFFFFFFFFFFF47
:1023A000F8700FFFFFFF9FF3FFFFFFFFFFFFFFFF2F
:1023B000FFF03FFFFFFFFFFFFFFFFFFFFFFFFFFFFC
:1023C000FFFFFFFFFFFFFFFFFFFFFFFFFFFFFFFF1D
:1023D000FFFFFFFFFFFF80031FFFFFFFFFFFFFFF68
:1023E000FFFFFFFFFFFF80031FFFFFFFFFFFFFFF58
:1023F000F87E0FFFFFFFFFFF1FFFFFFFFFFFFFFF45
:10240000F07C07FFFFFFFFFFFFFFFFFFFFFFFFFF66
:10241000F0F803FFFFFFFFFFFFFFFFFFFFFFFFFFDE
:10242000F0F803FFFFFFF03FFFFFFFFFFFFFFFFF9D
:10243000F0F001FFFFFFE00FFFFFFFFFFFFFFFFFD7
:10244000F0F061FFFFFFC7C7FFFFFFFFFFFFFFFFC8
:10245000F0E0E1FFFFFF8FE3FFFFFFFFFFFFFFFF64
:10246000F060E1FFFFFF9FF3FFFFFFFFFFFFFFFFB4
:10247000F001E1FFFFFF9FF3FFFFFFFFFFFFFFFF03
:10248000F801E1FFFFFF9FF3FFFFFFFFFFFFFFFFEB
:10249000F803C1FFFFFF9FF3FFFFFFFFFFFFFFFFF9
:1024A000FC03C3FFFFFF8FE3FFFFFFFFFFFFFFFF03
:1024B000FE0FFFFFFFFFC7C7FFFFFFFFFFFFFFFF8D
:1024C000FFFFFFFFFFFFE00FFFFFFFFFFFFFFFFF2B
:1024D000FFFFFFFFFFFFF81FFFFFFFFFFFFFFFFFF3
:1024E000FFFFFFFFFFFFFFFFFFFFFFFFFFFFFFFFFC
:1024F000FFFFFFFFFFFFFFFFFFFFFFFFFFFFFFF8F3
:10250000000001FFFFFFFFFFFFFFFFFFFFFFFFF8DE
:10251000000001FFFFFF8003FFFFFFFFFFFFFFF849
:10252000000001FFFFFF8003FFFFFFFFFFFFFFF839
:10253000000001FFFFFFFFC7FFFFFFFFFFFFFFF8E6
:1025400000000FFFFFFFFFE7FFFFFFFFFFFFFFFFA1
:10255000FC3F87FFFFFFFFF3FFFFFFFFFFFFFFFFD2
:10256000F87FC3FFFFFFFFF3FFFFFFFFFFFFFFFF4A
:10257000F8FFE3FFFFFFFFF3FFFFFFFFFFFFFFFF9A
:10258000F0FFE1FFFFFFFFE3FFFFFFFFFFFFFFFFA4
:10259000F0FFE1FFFFFF8007FFFFFFFFFFFFFFFFEF
:1025A000F0FFE1FFFFFF800FFFFFFFFFFFFFFFFFD7
:1025B000F07FC1FFFFFFFFFFFFFFFFFFFFFFFFFFF8
:1025C000F01F81FFFFFFFFFFFFFFFFFFFFFFFFFF88
:1025D000F80001FFFFFFFFFFFFFFFFFFFFFFFFFF0F
:1025E000F80003FFFFFFCF8FFFFFFFFFFFFFFFFF9D
:1025F000FC0007FFFFFF9F07FFFFFFFFFFFFFFFF3D
:10260000FE000FFFFFFF9E73FFFFFFFFFFFFFFFFB7
:10261000FFC03FFFFFFF9E73FFFFFFFFFFFFFFFFB6
:10262000FFFFFFFFFFFF9CF3FFFFFFFFFFFFFFFF29
:10263000FFFFFFFFFFFF8CF3FFFFFFFFFFFFFFFF29
:10264000FF807FFFFFFFC0E7FFFFFFFFFFFFFFFFF0
:10265000FE001FFFFFFFE1FFFFFFFFFFFFFFFFFF88
:10266000FC0007FFFFFFFFFFFFFFFFFFFFFFFFFF74
:10267000F80007FFFFFFFFFFFFFFFFFFFFFFFFFF68
:10268000F80003FFFFFFFFFFFFFFFFFFFFFFFFFF5C
:10269000F030C3FFFFFFFFFFFFFFFFFFFFFFFFFF64
:1026A000F070E1FFFFFFFFFFFFFFFFFFFFFFFFFFF6
:1026B000F0F0E1FFFFFFFFFFFFFFFFFFFFFFFFFF66
:1026C000F0F0E1FFFFFFFFFFFFFFFFFFFFFFFFFF56
:1026D000F0F0E1FFFFFFFFFFFFFFFFFFFFFFFFFF46
:1026E000F0F0E1FFFFFFFFFFFFFFFFFFFFFFFFFF36
:1026F000F0F0C1FFFFFFFC07FFFFFFFFFFFFFFFF41
:10270000F0F003FFFFFFF001FFFFFFFFFFFFFFFF00
:10271000F07003FFFFFFE1F0FFFFFFFFFFFFFFFF90
:10272000F87007FFFFFFC7FC7FFFFFFFFFFFFFFF02
:10273000F8700FFFFFFFCFFE7FFFFFFFFFFFFFFFE0
:10274000FFF03FFFFFFF8FFE3FFFFFFFFFFFFFFF99
:10275000FFFFFFFFFFFF9FFF3FFFFFFFFFFFFFFFA9
:10276000FFFFFFFFFFFF9F3F3FFFFFFFFFFFFFFF59
:10277000FFFFFFFFFFFF9F3F3FFFFFFFFFFFFFFF49
:10278000FFFFFFFFFFFF9F3F3FFFFFFFFFFFFFFF39
:10279000F00001E3FFFF9F3F3FFFFFFFFFFFFFFF51
:1027A000F00001C1FFFF9F3E7FFFFFFFFFFFFFFF24
:1027B000F00001C1FFFFC03E7FFFFFFFFFFFFFFFF3
:1027C000F00001C1FFFFC03CFFFFFFFFFFFFFFFF65
:1027D000F00001C1FFFFFFFFFFFFFFFFFFFFFFFF53
:1027E000FFFFFFE3FFFFFFFFFFFFFFFFFFFFFFFF15
:1027F000FFFFFFFFFFFFFFFFFFFFFFFFFFFFFFFFE9
:10280000FFFFFFFFFFFFFFFFFFFFFFFFFFFFFFFFD8
:10281000FFFFFFFFFFFF8003FFFFFFFFFFFFFFFF43
:10282000FF807FFFFFFF8003FFFFFFFFFFFFFFFF32
:10283000FE001FFFFFFFFFC7FFFFFFFFFFFFFFFFC0
:10284000FC0007FFFFFFFFE7FFFFFFFFFFFFFFFFAA
:10285000F80003FFFFFFFFF3FFFFFFFFFFFFFFFF96
:10286000F80003FFFFFFFFF3FFFFFFFFFFFFFFFF86
:10287000F03F81FFFFFFFFF3FFFFFFFFFFFFFFFFC1
:10288000F07FC1FFFFFFFFE3FFFFFFFFFFFFFFFF41
:10289000F0FFE1FFFFFF8007FFFFFFFFFFFFFFFFEC
:1028A000F0FFE1FFFFFF800FFFFFFFFFFFFFFFFFD4
:1028B000F0FFE1FFFFFFFFC7FFFFFFFFFFFFFFFF8D
:1028C000F0FFE1FFFFFFFFE7FFFFFFFFFFFFFFFF5D
:1028D000F87FC3FFFFFFFFF3FFFFFFFFFFFFFFFFD7
:1028E000F87F83FFFFFFFFF3FFFFFFFFFFFFFFFF07
:1028F000FC3F87FFFFFFFFF3FFFFFFFFFFFFFFFF2F
:10290000FFFFFFFFFFFFFFE3FFFFFFFFFFFFFFFFF3
:10291000FFFFFFFFFFFF8007FFFFFFFFFFFFFFFF3E
:10292000FFFFFFFFFFFF800FFFFFFFFFFFFFFFFF26
:10293000FFFFFFFFFFFFFFFFFFFFFFFFFFFFFFFFA7
:10294000F0000001FFFFFFFFFFFFFFFFFFFFFFFFA2
:10295000F0000001FFFFFFFFFFFFFFFFFFFFFFFF92
:10296000F0000001FFFFFFFFFFFFFFFFFFFFFFFF82
:10297000F0000001FFFF80001FFFFFFFFFFFFFFFD0
:10298000F0000001FFFF80001FFFFFFFFFFFFFFFC0
:10299000FFFF87FFFFFFC7C7FFFFFFFFFFFFFFFF2F
:1029A000FFFFC3FFFFFFCFE7FFFFFFFFFFFFFFFFBB
:1029B000FFFFE3FFFFFF9FF3FFFFFFFFFFFFFFFFAF
:1029C000FFFFE1FFFFFF9FF3FFFFFFFFFFFFFFFFA1
:1029D000FFFFE1FFFFFF9FF3FFFFFFFFFFFFFFFF91
:1029E000FFFFE1FFFFFF8FF3FFFFFFFFFFFFFFFF91
:1029F000FFFFC1FFFFFFC7C7FFFFFFFFFFFFFFFF95
:102A0000F00001FFFFFFE007FFFFFFFFFFFFFFFFF9
:102A1000F00003FFFFFFF01FFFFFFFFFFFFFFFFFBF
:102A2000F00003FFFFFFFFFFFFFFFFFFFFFFFFFFC0
:102A3000F00007FFFFFFFFFFFFFFFFFFFFFFFFFFAC
:102A4000F0001FFFFFFFFFFFFFFFFFFFFFFFFFFF84
:102A5000FFFFFFFFFFFF80003FFFFFFFFFFFFFFFC4
:102A6000FFFFFFFFFFFF80003FFFFFFFFFFFFFFFB4
:102A7000FFFFFFFFFFFFFF9FFFFFFFFFFFFFFFFFC6
:102A8000FF807FFFFFFFFF9FFFFFFFFFFFFFFFFFB5
:102A9000FE001FFFFFFFFF9FFFFFFFFFFFFFFFFF86
:102AA000FC0007FFFFFFFF9FFFFFFFFFFFFFFFFF90
:102AB000F80007FFFFFFFF9FFFFFFFFFFFFFFFFF84
:102AC000F80003FFFFFFFF9FFFFFFFFFFFFFFFFF78
:102AD000F030C3FFFFFFFF9FFFFFFFFFFFFFFFFF80
:102AE000F070E1FFFFFFFF9FFFFFFFFFFFFFFFFF12
:102AF000F0F0E1FFFFFF80003FFFFFFFFFFFFFFF60
:102B0000F0F0E1FFFFFF80003FFFFFFFFFFFFFFF4F
:102B1000F0F0E1FFFFFFFFFFFFFFFFFFFFFFFFFF01
:102B2000F0F0E1FFFFFFFFFFFFFFFFFFFFFFFFFFF1
:102B3000F0F0C1FFFFFFFFFFFFFFFFFFFFFFFFFF01
:102B4000F0F003FFFFFFFFFFFFFFFFFFFFFFFFFFAF
:102B5000F07003FFFFFFFFFFFFFFFFFFFFFFFFFF1F
:102B6000F87007FFFFFFFFFFFFFFFFFFFFFFFFFF03
:102B7000F8700FFFFFFFFFFFFFFFFFFFFFFFFFFFEB
:102B8000FFF03FFFFFFFFFFFFFFFFFFFFFFFFFFF24
:102B9000FFFFFFFFFFFFFFFFFFFFFFFFFFFFFFFF45
:102BA000FFFFFFFFFFFFFFFFFFFFFFFFFFFFFFFF35
:102BB000FFFFFFFFFFFFFFFFFFFFFFFFFFFFFFFF25
:102BC000FFFFFFFFFFFFFFFFFFFFFFFFFFFFFFFF15
:102BD000F00001FFFFFFFFFFFFFFFFFFFFFFFFFF11
:102BE000F00001FFFFFFFFFFFFFFFFFFFFFFFFFF01
:102BF000F00001FFFFFFFFFFFFFFFFFFFFFFFFFFF1
:102C0000F00001FFFFFFFFFFFFFFFFFFFFFFFFFFE0
:102C1000F0000FFFFFFFFFFFFFFFFFFFFFFFFFFFC2
:102C2000FFFF07FFFFFFFFFFFFFFFFFFFFFFFFFFAC
:102C3000FFFF83FFFFFFFFFFFFFFFFFFFFFFFFFF20
:102C4000FFFFC1FFFFFFFFFFFFFFFFFFFFFFFFFFD2
:102C5000FFFFC1FFFFFFFFFFFFFFFFFFFFFFFFFFC2
:102C6000FFFFC1FFFFFFFFFFFFFFFFFFFFFFFFFFB2
:102C7000FFFFC1FFFFFFFFFFFFFFFFFFFFFFFFFFA2
:102C8000FFFFFFFFFFFFFFFFFFFFFFFFFFFFFFFF54
:102C9000FFFFFFFFFFFFFFFFFFFFFFFFFFFFFFFF44
:102CA000FFFFFFFFFFFFFFFFFFFFFFFFFFFFFFFF34
:102CB000FFFFFFFFFFFFFFFFFFFFFFFFFFFFFFFF24
:102CC000FFFFFFFFFFFFFFFFFFFFFFFFFFFFFFFF14
:102CD000FFFFFFFFFFFFFFFFFFFFFFFFFFFFFFFF04
:102CE000FFFFFFFFFFFFFFFFFFFFFFFFFFFFFFFFF4
:102CF000FFFFFFFFFFFFFFFFFFFFFFFFFFFFFFFFE4
:102D0000FFFFFFFFFFFFFFFFFFFFFFFFFFFFFFFFD3
:102D1000FFFFFFFFFFFFFFFFFFFFFFFFFFFFFFFFC3
:102D2000FFFFFFFFFFFFFFFFFFFFFFFFFFFFFFFFB3
:102D3000FFFFFFFFFFFFFFFFFFFFFFFFFFFFFFFFA3
:102D4000FFFFFFFFFFFFFFFFFFFFFFFFFFFFFFFF93
:102D5000FFFFFFFFFFFFFFFFFFFFFFFFFFFFFFFF83
:102D6000FFFFFFFFFFFFFFFFFFFFFFFFFFFFFFFF73
:102D7000FFFFFFFFFFFFFFFFFFFFFFFFFFFFFFFF63
:102D8000FFFFFFFFFFFFFFFFFFFFFFFFFFFFFFFF53
:102D9000FFFFFFFFFFFFFFFFFFFFFFFFFFFFFFFF43
:102DA000FFFFFFFFFFFFFFFFFFFFFFFFFFFFFFFF33
:102DB000FFFFFFFFFFFFFFFFFFFFFFFF000000001F
:102DC0000000000000000000000000000000000003
:102DD00000000000000000000000000000000000F3
:102DE000000000000000011500000001000181004A
:102DF00000000100000000000000000000000000D2
:102E000000000000000000000000000000000000C2
:102E10000155000000010001410000000100000018
:102E200000000000000000000000000000000000A2
:102E300000000000000000000000019500000001FB
:102E400000018100000001000000000000000000FF
:102E50000000000000000000000000000000000072
:102E60000000000001150000000100014100000009
:102E70000100000000000000000000000000000051
:102E80000000000000000000000000000000000042
:102E9000000000000000000000000000020000220E
:102EA0001741A832000000000000000000000000F0
:102EB0000000000000000000000000000000000012
:102EC0000000000000000000000000000000000002
:102ED00000000000000000000000000000000000F2
:102EE00000000000000000000000000000000000E2
:102EF00000000000000000000000000000000000D2
:102F000000000000000000000000000000000000C1
:102F10000000000000015E0000000100018343008A
:102F2000000500019E0000000100000000000000FC
:102F30000000000000000000000000000000000091
:102F400000000000000000000000000000019E00E2
:102F50000000010001834300000500015E00000045
:102F60000100000000000000000000000000000060
:102F70000000000000000000000000000000000051
:102F80000000000000020000221741A83240312E4C
:102F90003000000000000000000000000000000001
:102FA000FF0F0000FB0E0000EA0D00001D0D0000E9
:102FB0004B0B0000490A00001909000061080000DD
:102FC0009F070000E7060000B7050000B5040000F9
:102FD0005570646174655361747573004E45572E66
:102FE000415050002F6677001F0000001C000000B9
:102FF0001F0000001E0000001F0000001E00000057
:103000001F0000001F0000001E0000001F00000045
:103010001E0000001F00000000001F003B005A00BF
:1030200078009700B500D400F300110130014E0183
:10303000FFFFFFFFFFFFFFFFFFFFFFFFFFFFFFFFA0
:10304000FFFFFFFFFFFFFFFFFFFFFFFFFFFFFFFF90
:10305000FFFFFFFFFFFFFFFFFFFFFFFFF00FFFFF7F
:10306000FFFFFFFFFFFFE003FFFFFFFFFFFFFFFF8B
:10307000C001FFFFFFFFFFFFFFFF8001FFFFFFFF1A
:10308000FFFFFFFF8000FFFFFFFFFFFFFFFF0000CC
:10309000FFFFFFFFFFFFFFFF00007FFFFFFFFFFFBE
:1030A000FFFE00007FFFFFFFFFFFFFFE00003FFF6E
:1030B000FFFFFFFFFFFC00803FFFFFFFFFFFFFF868
:1030C00001801FFFFFFFFFFFFFF801C01FFFFFFF91
:1030D000FFFFFFF003C00FFFFFFFFFFFFFF003E064
:1030E0000FFFFFFFFFFFFFE007E007FFFFFFFFFF0E
:1030F000FFE007F007FFFFFFFFFFFFC00FF003FF38
:10310000FFFFFFFFFFC00FF801FFFFFFFFFFFF8082
:103110001FF801FFFFFFFFFFFF803FFC00FFFFFFE5
:10312000FFFFFF003FFC00FFFFFFFFFFFF007FFEF0
:10313000007FFFFFFFFFFE007FFE007FFFFFFFFF1E
:10314000FE00FFFF003FFFFFFFFFFC00FFFF003F0F
:10315000FFFFFFFFFC01F81F801FFFFFFFFFF801CB
:10316000F00FC01FFFFFFFFFF803F00FC00FFFFFBE
:10317000FFFFF003F00FE00FFFFFFFFFE007F00F8E
:10318000E007FFFFFFFFE007F00FF007FFFFFFFF83
:10319000C00FF00FF003FFFFFFFFC00FF00FF803A9
:1031A000FFFFFFFF801FF00FF801FFFFFFFF801FF1
:1031B000F00FFC01FFFFFFFF003FF00FFC00FFFFDF
:1031C000FFFF003FF00FFE007FFFFFFE007FF00FCC
:1031D000FE007FFFFFFE00FFF00FFF003FFFFFFC40
:1031E00000FFF00FFF003FFFFFFC01FFF00FFF802B
:1031F0001FFFFFF801FFF00FFF801FFFFFF803FF25
:10320000F81FFFC00FFFFFF003FFFC3FFFC00FFFE1
:10321000FFF007FFFFFFFFE007FFFFE007FFFFFFF3
:10322000FFF007FFFFE00FFFFFFFFFF003FFFFC00E
:103230000FFFF80FFFF803FFFF801FFFF007FFF8F5
:1032400001FFFF801FFFE007FFFC01FFFF003FFFC2
:10325000C003FFFC00FFFF003FFFC003FFFE00FFB5
:10326000FE007FFFC003FFFE007FFE007FFFC00364
:10327000FFFF007FFC00FFFFC003FFFF003FFC00DB
:10328000FFFFE003FFFF801FF801FFFFE007FFFFE4
:10329000801FF803FFFFF00FFFFFC00FF003FFFFD9
:1032A000FE7FFFFFC00FF007FFFFFFFFFFFFE007FC
:1032B000E007FFFFFFFFFFFFE007E00FFFFFFFFF5B
:1032C000FFFFF003C00FFFFFFFFFFFFFF003C01F72
:1032D000FFFFFFFFFFFFF803C01FFFFFFFFFFFFF20
:1032E000FC03C0000000000000000001C00000005E
:1032F000000000000003C000000000000000000308
:10330000C0000000000000000003E000000000001A
:1033100000000003E0000000000000000007F000D3
:10332000000000000000000FFC0000000000000092
:10333000003FFFFFFFFFFFFFFFFFFFFFFFFFFFFF5C
:10334000FFFFFFFFFFFFFFFFFFFFFFFFFFFFFFFF8D
:10335000FFFFFFFFF81FFFFFFFFFFFFFFFFFF00F63
:10336000FFFFFFFFFFFFFFFFE007FFFFFFFFFFFF84
:10337000FFFFE007FFFFFFFFFFFFFFFFE007FFFF8B
:10338000FFFFFFFFFFFFE007FFFFFFFFFFFFFFFF64
:10339000E007FFFFFFFFFFFFFFFFE007FFFFFFFF6B
:1033A000FFFFFFFFE007FFFFFFFFFFFFFFFFE0075B
:1033B000FFFFFFFFFFFFFFFFE007FFFFFFFFFFFF34
:1033C000FFFFE007FFFFFFFFFFFFC3FFE007FFC3B3
:1033D000FFFFFFFF00FFE007FF00FFFFFFFE007F92
:1033E000E007FE007FFFFFFC007FE007FE003FFFDD
:1033F000FFF8007FE007FE001FFFFFF0007FE007FF
:10340000FC000FFFFFF0007FE007FE000FFFFFE072
:10341000007FE007FE0007FFFFC0007FE007FE001F
:1034200003FFFFC000FFE007FF0003FFFF8001FF75
:10343000E007FF8001FFFF0003FFE007FFC000FF80
:10344000FF0007FFE007FFE000FFFE0007FFE007C7
:10345000FFE0007FFE000FFFE007FFF0007FFE00AF
:103460001FFFE007FFF8007FFC001FFFE007FFF8E9
:10347000003FFC003FFFE007FFFC003FFC003FFF78
:10348000E007FFFC003FF8007FFFE007FFFE001FA2
:10349000F8007FFFE007FFFE001FF8007FFFE00756
:1034A000FFFE001FF800FFFFE007FFFF001FF8000E
:1034B000FFFFE007FFFF001FF800FFFFE007FFFF2F
:1034C000001FF800FFFFE007FFFF001FF800FFFFED
:1034D000E007FFFF001FF800FFFFF00FFFFF001FD6
:1034E000F800FFFFFFFFFFFF001FF800FFFFFFFFD7
:1034F000FFFF001FF800FFFFFFFFFFFF001FF800A6
:10350000FFFFFFFFFFFF001FF800FFFFFFFFFFFFB0
:10351000001FF800FFFFFFFFFFFF001FF800FFFF85
:10352000FFFFFFFF001FF8007FFFFFFFFFFE001FF0
:10353000F8007FFFFFFFFFFE001FFC003FFFFFFFC3
:10354000FFFC003FFC003FFFFFFFFFFC003FFC00D3
:103550001FFFFFFFFFF8003FFE001FFFFFFFFFF808
:10356000007FFE000FFFFFFFFFF0007FFE000FFF58
:10357000FFFFFFE0007FFF0007FFFFFFFFE000FF0E
:10358000FF0003FFFFFFFFC000FFFF8001FFFFFF01
:10359000FF8001FFFFC000FFFFFFFF0003FFFFC030
:1035A000003FFFFFFC0003FFFFE0001FFFFFF800EC
:1035B00007FFFFF00007FFFFE0000FFFFFF0000133
:1035C000FFFF80000FFFFFF800007FFE00001FFFDD
:1035D000FFFC0000000000003FFFFFFE00000000B5
:1035E00000007FFFFFFF000000000000FFFFFFFF63
:1035F000800000000001FFFFFFFFE0000000000767
:10360000FFFFFFFFF0000000000FFFFFFFFFFC00C7
:103610000000003FFFFFFFFFFE000000007FFFFFF4
:10362000FFFFFF80000003FFFFFFFFFFFFF0000030
:103630000FFFFFFFFFFFFFFE00007FFFFFFFFFFF09
:10364000FFFFFFFFFFFFFFFFFFFFFFFFFFFFFFFF8A
:10365000FFFFFFFFFFFFFFFFFFFFFFFFFFFFFFFF7A
:10366000FFFFFFFFFFFFFFFFFFFFFFFFFFFFFFFF6A
:10367000FFFFFFFFF81FFFFFFFFFFFFFFFFFF00F40
:10368000FFFFFFFFFFFFFFFFF00FFFFFFFFFFFFF49
:10369000FFFFE007FFFFFFFFFFFFFFFFE007FFFF68
:1036A000FFFFFFFFFFFFC003FFFFFFFFFFFFFFFF65
:1036B000C003FFFFFFFFFFFFFFFF8001FFFFFFFFD2
:1036C000FFFFFFFF8001FFFFFFFFFFFFFFFF000085
:1036D000FFFFFFFFFFFFFFFF0000FFFFFFFFFFFFF8
:1036E000FFFE00007FFFFFFFFFFFFFFE00007FFFE8
:1036F000FFFFFFFFFFFC00003FFFFFFFFFFFFFFC9E
:1037000000003FFFFFFFFFFFFFF800001FFFFFFF6C
:10371000FFFFFFF800001FFFFFFFFFFFFFF00000AB
:103720000FFFFFFFFFFFFFF000000FFFFFFFFFFF96
:10373000FFE0000007FFFFFFFFC00FFFE007FF00F3
:10374000003FFF8007FFE007FE00001FFE0001FFB3
:10375000E007FE00001FFE0001FFE007FE00001F63
:10376000FC0000FFE007FE00001FF800007FE007FC
:10377000FE00001FF800007FE007FE00001FF800B9
:10378000007FE007FE00001FF800007FE007FE005A
:10379000001FF800007FE007FE00001FF800007F18
:1037A000E007FE00001FF800007FE007FE00001F9A
:1037B000F800007FE007FE00001FF800007FE00730
:1037C000FE00001FF800007FE007FE00001FFC0065
:1037D00000FFE007FE00001FFE0001FFE007FE0003
:1037E000001FFE0001FFE007FE00001FFF8007FF33
:1037F000E007FE00003FFFC00FFFE007FF80007FF3
:10380000FFC00FFFE007FFF003FFFFC00FFFE0075F
:10381000FFF003FFFFC00FFFE007FFF003FFFFC053
:103820000FFFE007FFF003FFFFC00FFFE007FFF00F
:1038300003FFFFC000000000000003FFFFC0000006
:103840000000000003FFFFC000000000000003FFB5
:10385000FFC000000000000003FFFFC000000000E8
:10386000000003FFFFE000000000000007FFFFE092
:1038700000000000000007FFFFF000000000000053
:103880000FFFFFF80000000000001FFFFFFE000018
:10389000000000007FFFFFFFFFFFE007FFFFFFFFCB
:1038A000FFFFFFFFE007FFFFFFFFFFFFFFFFE00756
:1038B000FFFFFFFFFFFFFFFFE007FFFFFFFFFFFF2F
:1038C000FFFFE007FFFFFFFFFFFFFFFFE007FFFF36
:1038D000FFFFFFFFFFFFC003FFFFFFFFFFFFFFFF33
:1038E0000000FFFFFFFFFFFFFFFF0000FFFFFFFFE4
:1038F000FFFFFFFE00007FFFFFFFFFFFFFFC000058
:103900003FFFFFFFFFFFFFFC00003FFFFFFFFFFF48
:10391000FFFC00003FFFFFFFFFFFFFFC00003FFF39
:10392000FFFFFFFFFFFC00003FFFFFFFFFFFFFFC6B
:1039300000003FFFFFFFFFFFFFFC00003FFFFFFF16
:10394000FFFFFFFC00003FFFFFFFFFFFFFFC000049
:103950003FFFFFFFFFFFFFFC00003FFFFFFFFFFFF8
:10396000FFFE00007FFFFFFFFFFFFFFF0000FFFFE4
:10397000FFFFFFFFFFFF0000FFFFFFFFFFFFFFFF55
:10398000C003FFFFFFFFFFFFFFFFE007FFFFFFFF99
:10399000FFFFFFFFFFFFFFFFFFFFFFFFFFFFFFFF37
:1039A000FFFFFFFFFFFFFFFFFFFFFFFFFFFFFFFF27
:1039B000FFFF0000FFFFFFFFFFFFFFFE00007FFF94
:1039C000FFFFFFFFFFFC00003FFFFFFFFFFFFFFCCB
:1039D00000003FFFFFFFFFFFFFFC00003FFFFFFF76
:1039E000FFFFFFFC00003FFFFFFFFFFFFFFC0000A9
:1039F0003FFFFFFFFFFFFC000000003FFFFFFFFF56
:103A0000F0000000000FFFFFFFFFE00000000007D4
:103A1000FFFFFFFFC00000000003FFFFFFFFC0002B
:103A200000000003FFFFFFFF800000000001FFFF18
:103A3000FFFF800000000001FFFFFFFF003FFFFFCE
:103A4000FC00FFFFFFFF00FFFFFFFF00FFFFFFFF86
:103A500000FFFFFFFF00FFFFFFFF00E000000F007F
:103A6000FFFFFFFF00E000000700FFFFFFFF00E097
:103A700000000700FFFFFFFF00E000000700FFFF5E
:103A8000FFFF00E000000700FFFFFFFF00E0000075
:103A90000700FFFFFFFF00E000000700FFFFFFFF40
:103AA00000E000000700FFFFFFFF00E0000007004C
:103AB000FFFFFFFF00E000000700FFFFFFFF00E047
:103AC00000000700FFFFFFFF00E000000700FFFF0E
:103AD000FFFF00E000000700FFFFFFFF00E0000025
:103AE0000700FFFFFFFF00E000000700FFFFFFFFF0
:103AF00000E000000700FFFFFFFF00E000000700FC
:103B0000FFFFFFFF00E000000700FFFFFFFF00E0F6
:103B100000000700FFFFFFFF00E000000700FFFFBD
:103B2000FFFF00E000000700FFFFFFFF00E00000D4
:103B30000700FFFFFFFF00E000000700FFFFFFFF9F
:103B400000E000000700FFFFFFFF00E000000700AB
:103B5000FFFFFFFF00E000000700FFFFFFFF00E0A6
:103B600000000700FFFFFFFF00E000000700FFFF6D
:103B7000FFFF00E000000700FFFFFFFF00E0000084
:103B80000700FFFFFFFF00E000000700FFFFFFFF4F
:103B900000E000000700FFFFFFFF00E0000007005B
:103BA000FFFFFFFF00E000000700FFFFFFFF00E056
:103BB00000000700FFFFFFFF00E000000700FFFF1D
:103BC000FFFF00E000000700FFFFFFFF00E0000034
:103BD0000700FFFFFFFF00E000000700FFFFFFFFFF
:103BE00000E000000700FFFFFFFF00E0000007000B
:103BF000FFFFFFFF00E000000700FFFFFFFF00E006
:103C000000000700FFFFFFFF00E000000700FFFFCC
:103C1000FFFF00E000000700FFFFFFFF00E00000E3
:103C20000700FFFFFFFF00F000000F00FFFFFFFF96
:103C300000FFFFFFFF00FFFFFFFF007FFFFFFE0011
:103C4000FFFFFFFF801FFFFFF801FFFFFFFF800066
:103C500000000001FFFFFFFF800000000001FFFFE8
:103C6000FFFFC00000000003FFFFFFFFE0000000B7
:103C70000007FFFFFFFFE00000000007FFFFFFFF5E
:103C8000F8000000001FFFFFFFFFFE000000007FA4
:103C9000FFFFFFFFFFFFFFFFFFFFFFFFFFFFFFFF34
:103CA000FFFFFFFFFFFFFFFFFFFFFFFFFFFFFFFF24
:103CB000FFFFFC3FF81FF81FF00FE007C0038181F2
:103CC00003C007E00000000000000000FFFFFFFF4E
:103CD000FFF9FFF0FFE0FFC09F800F010603000720
:103CE000000F801FC03FE07FF0FFF8FFFFFFFFFFE6
:103CF000FFE3FFC1FF81FF08FE00FC01F863F087CE
:103D0000E10FC21F843F887F80FF01FF03FF1FFF79
:103D1000FFFFFFFF000100000000000007E003C1FB
:103D20008181C003E007F00FF81FF81FFC3FFFFF81
:103D3000F9FFF0FFE0FFC03FC00F80070F031FE156
:103D400008F18000C000E000E0F0F1F8F9F8FFF8B9
:103D5000FFFFFFC00003FFFFFFFFFFFE0000007F2B
:103D6000FFFFFFFFF00000000FFFFF83FFC0000018
:103D70000003FFFF01FF8000000001FFFF00FE00C5
:103D8000000000007FFF00FC00000000003FFF007B
:103D9000F800000000001FFF00E00000FF00000727
:103DA000FF00C0001FFFF80003FF0080007FFFFE40
:103DB0000001FF008001FFFFFF8000FF000007FF00
:103DC000FFFFE000FF00000FFFFFFFF0007F00009B
:103DD0003FFFFFFFFC003F00007FFFFFFFFE001FD3
:103DE0000000FFFFFFFFFF001F00000FFFFFFFFFAE
:103DF000800F000007FFFFFFFFC00F000003FFFF61
:103E0000FFFFE007000003FFFFFFFFE007000003E4
:103E1000FFFFFFFFF003000003FFFFFFFFF00300C1
:103E20000003FFFFFFFFF801000007FFFFFF8FF80F
:103E30000180000FFFFFFE03FC01FFFFFFFFFFFCFF
:103E400003FC00FFFFFFFFFFF801FE00FFFFFFFF85
:103E5000FFF001FE00FFFFFFFFFFE001FE00FFFF9C
:103E6000FFFFFFC001FE00FFFFFFFFFF8003FF0019
:103E700081FFE07FFF0007FF0001FFC03FFE000F52
:103E8000FF0000FF801FFC001FFF0000FF800FF8F5
:103E9000003FFF0000FF8007F0007FFF0000FF8071
:103EA00003E000FFFF0000FFC001C001FFFF0000B2
:103EB000FFE0008003FFFF0000FFF0000007FFFFAE
:103EC00000007FF800000FFFFE00007FFC00001FD5
:103ED000FFFE00007FFE00003FFFFE00007FFF00AE
:103EE000007FFFFE00003FFF8000FFFFFC00803FDF
:103EF000FFC001FFFFFC01801FFFE003FFFFF8018F
:103F0000801FFFF007FFFFF801C00FFFF80FFFFF52
:103F1000F003C00FFFFC1FFFFFF003E007FFFFFFF0
:103F2000FFFFE007E007FFFFFFFFFFE007F003FFF1
:103F3000FFFFFFFFC00FF001FFFFFFFFFF800FF843
:103F400000FFFFFFFFFF001FF8007FFFFFFFFE00E5
:103F50001FFC003FFFFFFFFC003FFE000FFFFFFFC5
:103F6000F0007FFF0007FFFFFFE000FFFF0001FF01
:103F7000FFFF8000FFFF80007FFFFE0001FFFFC00A
:103F8000001FFFF80003FFFFE00000FF000007FF35
:103F9000FFF800000000001FFFFFFC000000000011
:103FA0003FFFFFFE00000000007FFFFFFF800000DA
:103FB0000001FFFFFFFFC000000003FFFFFFFFF055
:103FC0000000000FFFFFFFFFFE0000007FFFFFFF6C
:103FD000FFFFC00003FFFFFFFFFFFFFFFFFFFFFF2B
:103FE000FFFFFFFFFFFFFFFFFFFFFFFFFFFFFFFFE1
:103FF000FFFFFFFFFFFFFFFFFFFFFFFFFFFFFFFFD1
:10400000FFFFFFFFFFFFE7FFFFFFFFFFFFFFFFC314
:10401000FFFFFFF803FFFFFF80FFFFFFC0007FFFF0
:10402000FF003FFFFF00001FFFFE001FFFFE00001C
:104030001FFFFC0007FFFC00001FFFFC0001FFF852
:1040400000003FFFFC0001FFF0010079FFFC0401CC
:10405000FFF00E00F1FFFE0201FFE01C01E0FFFE99
:104060000181FFC03803C0FFFF0181FFC0700780DE
:104070007FFF8001FFC0E00F007FFF8001FF80C055
:104080001E003FFFC000FF80803C003FFFC0007F5C
:10409000818038003FFFE0003F81C010003FFFE01B
:1040A000001F81E000003FFFFFE00F81F000103FA4
:1040B000FFFFF00781F800203FFFFFF80300FC003E
:1040C000603FFFFFFC0100FE00E07FFFFFFE0001FC
:1040D000FF01C07FFFFFFF0003FF83C07FFFFFFFE3
:1040E0008007FFC780FFFFFFFFC00FFFCF00FFFF6C
:1040F000FFFFE01FFFFC01FFFFFFFF803FF1F0012A
:10410000FFFFFFFF007FE00003FFFFFFFF00FFC096
:104110000007FFFFFFFE01FF80000FFFFFFFFC0312
:10412000FF00003FFFFFFFF807FE00007FFFFFFFDB
:10413000F00FFC0003FFFFFFFFE01FF80007FFFF89
:10414000FFFFC03FF00403FFFFFFFF807FE00C0193
:10415000FFFFFFFF00FFC01E00FFFFFFFE01FF800B
:104160003F007FFFFFFC03FF007F803FFFFFF8075A
:10417000FF007FC01FFFFFF00FFE003FF00FFFFFAB
:10418000E01FFC001FF807FFFFC03FF8000FFC0313
:10419000FFFF807FF00007FE01FFFF00FFE0180334
:1041A000FF00FFFE01FFC03C03FF807FFE03FF8096
:1041B0007E01FFC07FFC07FF00FF00FFE03FFC0720
:1041C000FE01FF807FE03FFC0FFC03FFC03FF03F9C
:1041D000FC0FF807FFE01FF03FFC0FF00FFFF00FA0
:1041E000F03FFC07E01FFFF807E03FFC03803FFFC4
:1041F000FC01C03FFE00007FFFFE00007FFE0000CC
:10420000FFFFFF00007FFF0001FFFFFF8000FFFFB7
:104210008003FFFFFFC001FFFFC007FFFFFFE003B8
:10422000FFFFF00FFFFFFFF80FFFFFFFFFFFFFFF94
:10423000FFFFFFFFFFFFFFFFFFFFFFFFFFFFFFFF8E
:10424000FFFFFFFFFFFFFFFFFFFFFFFFFFFFFFFF7E
:10425000FFFFFFFFFFFFFFFFFFFFFFFFFFFFFFFF6E
:10426000FFFFFFFFFFFFFFFFFFFFFFFFFFFFFFFF5E
:10427000FFFFFFFFFFFFFFFFFFFFFFFFFFFFFFFF4E
:10428000FFFFFFFFFFFFFFFFFFFFFFFFFFFFFFFF3E
:10429000FFFFFFFFFFFFFFFFFFFFFFFFFFFFFFFF2E
:1042A000FFFFFFFFFFFFFFFFFFFFFFFFFFFFFF0716
:1042B000FFFFFFFFFFFFFFFE03FFFFFFFFFFFFFF0B
:1042C000FC01FFFFFFFFFFFFFFF801FFFFFFFFFF04
:1042D000FFFFF800FFFFFFFFF0000FF000FFFFFF00
:1042E000FF000000F000FFFFFFF80000002001FFCA
:1042F000FFFFE00000000001FFFFFF800000000062
:1043000003FFFFFF000000000003FFFFFC000000B0
:10431000000007FFFFF8000000000007FFFFF000AB
:10432000000000000FFFFFE000000000000FFFFF93
:10433000C000003C00001FFFFF800007FFE0003FBF
:10434000FFFF00003FFFF8003FFFFE0000FFFFF807
:10435000007FFFFC0003FFFFF0007FFFFC0007FF72
:10436000FFF000F03FF8001FFFFFE001E01FF0004A
:104370003FFFFFC001C00FF0007FFFFFC003C00F71
:10438000E000FFFFFF8003C007E001FFFFFF8007A1
:10439000C007C001FFFFFF0007C003C003FFFFFF0E
:1043A000000FC003C007FFFFFE001FE0038007FFF0
:1043B000FFFC001FE001800FFFFFFC003FF00180C9
:1043C0000FFFFFF8003FF001001FFFFFF8007FF82C
:1043D00000001FFFFFF0007FF800001FFFFFF0004C
:1043E000FFF800001FFFFFE001FFF800003FFFFFA4
:1043F0008001FFFC00003FFFFE0003FFFC00003FC8
:10440000FFF80003FFFC00003FFFF80007FFFC007F
:10441000003FFFF00007FFFC00003FFFE00007FF48
:10442000FC00003FFFE00007FFFC00007FFFC00032
:1044300003FFFE00007FFFC00003FFFE0080FFFFC0
:10444000C00003FFFF01C1FFFFC00003FFFF83FFA8
:10445000FFFFC00003FFFFFFFFFFFFC00003FFFFE0
:10446000FFFFFFFFE00007FFFFFFFFFFFFE0000788
:10447000FFFFFFFFFFFFF0000FFFFFFFFFFFFFF851
:10448000001FFFFFFFFFFFFFF8001FFFFFFFFFFF01
:10449000FFFE007FFFFFFFFFFFFFFF81FFFFFFFF2A
:1044A000FFFFFFFFFFFFFFFFFFFFFFFFFFFFFFFF1C
:1044B000FFFFFFFFFFFFFFFFFFFFFFFFFFFFFFFF0C
:1044C000FFFFFFFFFFFFFFFFFFFFFFFFFFFFFFFFFC
:1044D000FFFFFFFFFFFFFFFFFFFFFFFFFFFFFFFFEC
:1044E000FFFFFFFFFFFFFFFFFFFFFFFFFFFFFFFFDC
:1044F000FFFFFFFFFFFFFFFFFFFFFF81FFFFFFFF4A
:10450000FFFFFFFE007FFFFFFFFFFFFFF8001FFF21
:10451000FFFFFFFFFFF8001FFFFFFFFFFFFFF0009F
:104520000FFFFFFFFFFFFFE00007FFFFFFFFFFFFA1
:10453000E00000000000003FFFC00000000000009D
:1045400007FFC000000000000001FFC000000000E5
:10455000000000FFC0000000000000007FC000005D
:1045600000000000003FC0000000000000001FE04D
:10457000000000000000001FE00007FFFFFFFF80B9
:104580000FF0000FFFFFFFFFE00FF8001FFFFFFF1E
:10459000FFF007F8001FFFFFFFFFF807FE007FFF97
:1045A000FFFFFFF807FF81FFFFFFFFFFFC03FFFF97
:1045B000FFFFFFFFFFFC03FFFFFFFFFFFFFFFC0309
:1045C000FFFFFFFFFFFFFFFC03FFFFFFFFFFFFFFFA
:1045D000FC03FFFFFFFF81FFFFFC03FFFFFFFE0067
:1045E0007FFFF807FFFFFFFC003FFFF807FFFFFF1B
:1045F000F8001FFFF007FFFFFFF0000FFFE00FFFC5
:10460000FFFFE00007FF800FFFFC0000000000003C
:104610001FFFE00000000000001FFF8000000000FE
:1046200000003FFF000000000000007FFE000000CF
:1046300000000000FFFC00000000000001FFF80087
:10464000000000000007FFF80000000000003FFF2E
:10465000F001FFE00007FFFFFFF007FFF0000FFF92
:10466000FFFFE00FFFF8001FFFFFFFE01FFFFC0050
:104670003FFFFFFFE01FFFFE007FFFFFFFC03FFF88
:10468000FF81FFFFFFFFC03FFFFFFFFFFFFFFFC0F6
:104690003FFFFFE7FFFFFFFFC03FFFFFE3FFFFFF1D
:1046A000FFC03FFFFFE1FFFFFFFFC03FFFFFE0FF55
:1046B000FF81FFE01FFFFFE07FFE007FE01FFFFFA5
:1046C000E03FFC001FE00FFFFFE01FF8001FF007B6
:1046D000FFFFE00FF0000FF001FFFFE007E0000731
:1046E000F80000000003E00007F80000000001E00F
:1046F0000003FC0000000000C00003FE00000000FA
:1047000000400003FF0000000000400003FF8000A5
:10471000000000C00003FFE000000001C00003FF34
:10472000FC00000003E00007FFFFFFFFE007E000E0
:1047300007FFFFFFFFE00FF0000FFFFFFFFFE01F8D
:10474000F8000FFFFFFFFFE03FF8001FFFFFFFFF34
:10475000E07FFE007FFFFFFFFFE0FFFF81FFFFFF25
:10476000FFFFE1FFFFFFFFFFFFFFFFE3FFFFFFFF93
:10477000D51E0100F91B0100691D01009D1E0100ED
:10478000191C0100051C0100411D010075210100DB
:104790000000000089210100F92101000000000053
:1047A000000000007D1F010070D60100F51F010010
:1047B0007DD601005D2101008FD601004521010059
:1047C000A2D601002D210100B7D60100A11F0100D2
:1047D0008D270100000000009D280100000000005E
:1047E00000000000000000006D2301004D2B0100BF
:1047F000F128010009290100FD290100A529010076
:10480000492901006D230100852C01009D2B010029
:1048100000000000612C0100C52B0100A92B010044
:104820006D23010037D70100053901006042020005
:1048300043D7010059310100E84402004CD7010080
:1048400069340100D83F020054D70100A92E0100AD
:10485000503D0200392E0100000000000D2E010025
:104860007D2E0100D92D0100A92D0100992C0100F8
:10487000BD2F010000000000000000001130010009
:10488000052F0100E92E0100F52F010033D80100AA
:10489000F93001008D3001003FD801006D3001007A
:1048A0003D3001009C0000004FD80100A600000030
:1048B0005BD80100B000000066D80100BA0000001B
:1048C00071D80100C40000007CD80100CE000000B7
:1048D00087D80100D800000092D80100E200000053
:1048E0009DD80100EC000000A8D80100F6000000EF
:1048F000B3D80100FF000000BED801000000000096
:10490000C8D801000A000000D2D80100140000003D
:10491000DDD801001E000000E8D8010028000000DA
:10492000F3D8010032000000FED801003C00000076
:1049300009D901004600000014D901005000000010
:104940001FD901005A0000002AD9010063000000AD
:1049500035D901006500000040D901006600000063
:1049600046D90100670000005AD90100DD3301007B
:1049700000000000000000001D340100A53101000E
:10498000893101000134010052DA0100993301003C
:1049900031330100CBD501005D3201004934010003
:1049A0005ADA010062DA01006BDA010071360100A7
:1049B0000000000085360100000000009134010075
:1049C00075340100713401000535010045380100DE
:1049D00061370100AD3601002139010000000000FF
:1049E000813901000D3901000D3901000D39010037
:1049F0000D390100153B010000000000493B01009A
:104A0000293B0100DD390100DD390100DD390100FC
:104A1000793B0100000000000000000000000000E1
:104A20000000000000000000693B0100253D01007E
:104A300000000000013D010000000000513D0100A8
:104A4000053C0100F53B010009040902A400050131
:104A5000008032080B00020202000009040000017D
:104A600002020004052400200105240100010424A1
:104A7000020205240600010705810308001009044D
:104A80000100020A000000070502024000000705BD
:104A90008202400000080B02020202000009040228
:104AA0000001020200050524002001052401000385
:104AB00004240202052406020307058303080010EC
:104AC00009040300020A0000000705040240000078
:104AD000070584024000000904040002080650078C
:104AE0000705060240000007058602400000090293
:104AF000CF000601008032080B000202020000090C
:104B00000400000102020004052400200105240124
:104B100000010424020205240600010705810308A0
:104B2000001009040100020A00000007050202400B
:104B3000000007058202400000080B02020202008A
:104B400000090402000102020005052400200105FD
:104B5000240100030424020205240602030705833E
:104B60000308001009040300020A000000070504FE
:104B70000240000007058402400000080B04020206
:104B800002000009040400010202000605240020BE
:104B9000010524010005042402020524060405077A
:104BA00005850308001009040500020A000000073B
:104BB00005060240000007058602400000120100C1
:104BC00002EF020140FECA0340000101020301009E
:104BD000232D302B20000000686C4C006566674573
:104BE000464700005245454E54206D616C6C6F6322
:104BF0002073756363656564656400002E2E2F2E37
:104C00002E2F2E2E2F2E2E2F2E2E2F2E2E2F6E6548
:104C1000776C69622F6C6962632F74696D652F6CA4
:104C2000636C74696D652E630000000030313233AF
:104C30003435363738394142434445460000000098
:104C40003031323334353637383961626364656602
:104C5000000000002573252E2A64000025732530EE
:104C60002E2A64002B0000002D000000252E326447
:104C70000000000025326400252E32642F252E32DC
:104C8000642F252E32640000256C7500592D256D8A
:104C90002D2564002E2A7500252E336400000000A7
:104CA000252E316400000000252E32643A252E3274
:104CB00064000000256C6C6400000000252E326446
:104CC0003A252E32643A252E3264000025652D25C2
:104CD000622D250059000000252B30336C64252EF1
:104CE000326C64002C2066756E6374696F6E3A20B6
:104CF00000000000617373657274696F6E20222575
:104D00007322206661696C65643A2066696C65206F
:104D1000222573222C206C696E652025642573255D
:104D2000730A0000474D54004A616E0046656200F8
:104D30004D617200417072004D6179004A756E00DC
:104D40004A756C0041756700536570004F637400CD
:104D50004E6F7600446563004A616E75617279003A
:104D60004665627275617279000000004D61726380
:104D700068000000417072696C0000004A756E6541
:104D8000000000004A756C790000000041756775ED
:104D90007374000053657074656D62657200000085
:104DA0004F63746F626572004E6F76656D626572F7
:104DB00000000000446563656D62657200000000DC
:104DC00053756E004D6F6E00547565005765640035
:104DD00054687500467269005361740053756E64BF
:104DE000617900004D6F6E646179000054756573E0
:104DF000646179005765646E6573646179000000D1
:104E000054687572736461790000000046726964C9
:104E1000617900005361747572646179000000006B
:104E200025483A254D3A255300000000256D2F25D1
:104E3000642F25790000000025612025622025656A
:104E40002025483A254D3A255320255900000000D9
:104E5000414D0000504D0000256120256220256550
:104E60002025483A254D3A255320255A202559001A
:104E70006D64000025493A254D3A255320257000E0
:104E8000545A00002531315B2D2B302D39412D5ADC
:104E9000612D7A5D256E00002531315B412D5A610F
:104EA0002D7A5D256E000000256875256E3A25680F
:104EB00075256E3A256875256E0000004D256875CC
:104EC000256E2E256875256E2E256875256E0000C9
:104ED0002F256875256E3A256875256E3A25687503
:104EE000256E0000412D46612D6638393031323350
:104EF000343536375D0000002B2D000030300000C7
:104F00007858000000202020202020202020282861
:104F10002828282020202020202020202020202079
:104F200020202020208810101010101010101010B9
:104F300010101010100404040404040404040410E9
:104F40001010101010104141414141410101010177
:104F50000101010101010101010101010101010141
:104F6000101010101010424242424242020202024D
:104F70000202020202020202020202020202020211
:104F800010101010200000000000000000000000C1
:104F90000000000000000000000000000000000011
:104FA0000000000000000000000000000000000001
:104FB00000000000000000000000000000000000F1
:104FC00000000000000000000000000000000000E1
:104FD00000000000000000000000000000000000D1
:104FE00000000000000000000000000000000000C1
:104FF00000000000000000000000000000000000B1
:105000000000000000000000284D02002C4D0200AE
:10501000304D0200344D0200384D02003C4D02007C
:10502000404D0200444D0200484D02004C4D02002C
:10503000504D0200544D0200584D0200604D0200D8
:105040006C4D0200744D0200384D02007C4D020090
:10505000844D02008C4D0200944D0200A04D0200D0
:10506000A84D0200B44D0200C04D0200C44D020024
:10507000C84D0200CC4D0200D04D0200D44D0200BC
:10508000D84D0200DC4D0200E44D0200EC4D020060
:10509000F44D0200004E02000C4E0200144E0200BD
:1050A000204E02002C4E0200384E0200504E0200EC
:1050B000544E0200584E0200584D0200604D02004E
:1050C0006C4D0200744D0200384D02007C4D020010
:1050D000844D02008C4D0200944D0200A04D020050
:1050E000A84D0200B44D0200704E0200744E020042
:1050F000F04C0200F04C0200F04C0200F04C0200B8
:10510000F04C02001F0000001C0000001F00000007
:105110001E0000001F0000001E0000001F00000015
:105120001F0000001E0000001F0000001E00000005
:105130001F0000001F0000001D0000001F000000F5
:105140001E0000001F0000001E0000001F000000E5
:105150001F0000001E0000001F0000001E000000D5
:105160001F000000F84E0200FC4E0200004F02003B
:105170001000000000000000017A5200027C0E01C5
:105180001B0C0D001C00000018000000F413FFFFB2
:10519000D800000000410E088501840202490A4A35
:1051A000C5C4410B1000000000000000017A52004D
:1051B000027C0E011B0C0D003800000018000000DE
:1051C000601AFFFF9E00000000510E10840485034A
:1051D000860287015BC7C6C5C40E004C0A420B0A93
:1051E000420B0E10840485038602870151C7C6C591
:1051F000C40E00001000000000000000017A520000
:10520000027C0E011B0C0D001400000018000000B1
:10521000741BFFFF340100000002710A430B000001
:04522000000000008A
:0852240058B0FD7F01000000FD
:10522C00440A0020001BB7000080000000000000B2
:10523C00102700000000000000000000000000002B
:10524C00001BB700001BB7000C000000001BB700D0
:10525C00AAAAAAAA01DE010007000C0075E201004F
:10526C000B00100055EE01000E0014002DFD010086
:10527C001100180010000C0048BC0020BAB001004E
:10528C00FF0001001C02FA00FA00F40100006300A8
:10529C0000000000000000000053475320534F4C07
:1052AC0000000000000000000000000001000000F1
:1052BC0000000000000000000000000000000000E2
:1052CC0000000000000000000000000000000000D2
:1052DC000000000000000000000000003200F4019B
:1052EC00650000000000000000000000000000004D
:1052FC0001000000000000000000000000000000A1
:10530C000000000000000000000000000000000091
:10531C000000000000000000000000000000000081
:10532C0000000000FFFFFFFF4BBD000047BD000069
:10533C0000000000100E0000180000000101000029
:10534C001E00000031020000E5FFFFFF000000001E
:10535C0055004001000101000000000000000000A9
:10536C000000000000000000000000000000000031
:10537C000000000071BA01000000000051C80000DC
:10538C008DC9000029C9000025C8000079BA0100A8
:10539C000000000031CB000019CB000085CA0000D2
:1053AC00F1C9000097C301000000000001000000DB
:1053BC000000000000000000001000C0C101C30389
:1053CC0002C2C60607C705C5C404CC0C0DCD0FCF51
:1053DC00CE0E0ACACB0BC90908C8D81819D91BDBC1
:1053EC00DA1A1EDEDF1FDD1D1CDC14D4D515D71711
:1053FC0016D6D21213D311D1D010F03031F133F3C1
:10540C00F23236F6F737F53534F43CFCFD3DFF3F10
:10541C003EFEFA3A3BFB39F9F83828E8E929EB2B40
:10542C002AEAEE2E2FEF2DEDEC2CE42425E527E7D0
:10543C00E62622E2E323E12120E0A06061A163A340
:10544C00A26266A6A767A56564A46CACAD6DAF6FD0
:10545C006EAEAA6A6BAB69A9A86878B8B979BB7B40
:10546C007ABABE7E7FBF7DBDBC7CB47475B577B790
:10547C00B67672B2B373B17170B0509091519353C0
:10548C00529296565797559594549C5C5D9D5F9F90
:10549C009E5E5A9A9B5B99595898884849894B8BC0
:1054AC008A4A4E8E8F4F8D4D4C8C44848545874750
:1054BC004686824243834181804000C1814001C0C5
:1054CC00804101C0804100C1814001C0804100C1C8
:1054DC00814000C1814001C0804101C0804100C1B8
:1054EC00814000C1814001C0804100C1814001C0A8
:1054FC00804101C0804100C1814001C0804100C198
:10550C00814000C1814001C0804100C1814001C087
:10551C00804101C0804100C1814000C1814001C077
:10552C00804101C0804100C1814001C0804100C167
:10553C00814000C1814001C0804101C0804100C157
:10554C00814000C1814001C0804100C1814001C047
:10555C00804101C0804100C1814000C1814001C037
:10556C00804101C0804100C1814001C0804100C127
:10557C00814000C1814001C0804100C1814001C017
:10558C00804101C0804100C1814001C0804100C107
:10559C00814000C1814001C0804101C0804100C1F7
:1055AC00814000C1814001C0804100C1814001C0E7
:1055BC00804101C0804100C1814004000600000010
:1055CC0000000F00020003000000000000000000BB
:1055DC0000000000000000000000000000000000BF
:1055EC0000000000000000000000000000000000AF
:1055FC00000000000000000000000000000000009F
:10560C00000000000000000000000000000000008E
:10561C00000000000000000000000000000000007E
:10562C00000000000000000000000000000000006E
:10563C00000000000000000000000000000000005E
:10564C00000000000000000000000000000000004E
:10565C00000000000000000000000000000000003E
:10566C00000000000000000000000000020002002A
:10567C00000000000000000000000000000000001E
:10568C0000000000FECABEBA0000000000000000CE
:10569C000000000000000000100E000000000000E0
:1056AC000000000064000000484A02003CDC0100DD
:1056BC0044DC010053DC010060DC01006ADC010009
:1056CC0077DC010084DC0100AC0400200000000049
:1056DC0074D50020DCD5002044D60020000000004A
:1056EC0000000000000000000000000000000000AE
:1056FC00000000000000000000000000000000009E
:10570C00000000000000000000000000000000008D
:10571C00000000000000000000000000030000007A
:10572C0074D50020244D0200244D0200000000001E
:10573C0001000000000000004A0000000000000012
:10574C00000000000000000000000000000000004D
:10575C00000000000000000000000000000000003D
:10576C004A000000000000000000000000000000E3
:10577C00000000000000000000000000000000001D
:10578C0000000000000000005D0200003502000077
:10579C0000000000000000000000000000000000FD
:1057AC0000000000000000000000000000000000ED
:1057BC0000000000000000000000000000000000DD
:1057CC0000000000000000000000000000000000CD
:1057DC0000000000000000000000000000000000BD
:1057EC0000000000000000000000000000000000AD
:1057FC00000000000000000000000000000000009D
:10580C00000000000000000000000000000000008C
:10581C00000000000000000000000000000000007C
:10582C00000000000000000000000000000000006C
:10583C00000000000000000000000000000000005C
:10584C00000000000000000000000000000000004C
:10585C00000000000000000000000000000000003C
:10586C00000000000000000000000000000000002C
:10587C00000000000000000000000000000000001C
:10588C00000000000000000000000000000000000C
:10589C0000000000000000000000000000000000FC
:1058AC0000000000000000000000000000000000EC
:1058BC0000000000000000000000000000000000DC
:1058CC0000000000000000000000000000000000CC
:1058DC0000000000000000000000000000000000BC
:1058EC0000000000000000000000000000000000AC
:1058FC00000000000000000000000000000000009C
:10590C00000000000000000000000000000000008B
:10591C00000000000000000000000000000000007B
:10592C00000000000000000000000000000000006B
:10593C00000000000000000000000000000000005B
:10594C00000000000000000000000000000000004B
:10595C00000000000000000000000000000000003B
:10596C00000000000000000000000000000000002B
:10597C00000000000000000000000000000000001B
:10598C00000000000000000000000000000000000B
:10599C0000000000000000000000000000000000FB
:1059AC0000000000000000000000000000000000EB
:1059BC0000000000000000000000000000000000DB
:1059CC0000000000000000000000000000000000CB
:1059DC0000000000000000000000000000000000BB
:1059EC0000000000000000000000000000000000AB
:1059FC00000000000000000000000000000000009B
:105A0C00000000000000000000000000000000008A
:105A1C00000000000000000000000000000000007A
:105A2C00000000000000000000000000000000006A
:105A3C00000000000000000000000000000000005A
:105A4C00000000000000000000000000000000004A
:105A5C00000000000000000000000000000000003A
:105A6C00000000000000000000000000000000002A
:105A7C00000000000000000000000000000000001A
:105A8C00000000000000000000000000000000000A
:105A9C0000000000000000000000000000000000FA
:105AAC0000000000000000000000000000000000EA
:105ABC0000000000000000000000000000000000DA
:105ACC0000000000000000000000000000000000CA
:105ADC0000000000000000000000000000000000BA
:105AEC0000000000000000000000000000000000AA
:105AFC00000000000000000000000000000000009A
:105B0C000000000000000000000000000000000089
:105B1C000000000000000000000000000000000079
:105B2C000000000000000000000000000000000069
:105B3C000000000000000000000000000000000059
:105B4C000000000000000000000000000000000049
:105B5C000000000000000000000000000000000039
:105B6C000000000000000000000000000000000029
:105B7C000000000000000000000000000000000019
:105B8C000000000000000000000000000000000009
:105B9C0000000000000000000000000000000000F9
:105BAC0000000000000000000000000000000000E9
:105BBC0000000000000000000000000000000000D9
:105BCC0000000000000000000000000000000000C9
:105BDC0000000000000000000000000000000000B9
:105BEC0000000000000000000000000000000000A9
:105BFC000000000000000000000000000000000099
:105C0C000000000000000000000000000000000088
:105C1C000000000000000000000000000000000078
:105C2C000000000000000000000000000000000068
:105C3C000000000000000000000000000000000058
:085C4C00000000000000000050
:040000030000058D67
:00000001FF
