:10820000000002208D870000F9870000F987000038
:10821000F9870000F9870000F987000000000000DE
:1082200000000000000000000000000041A200006B
:10823000F987000000000000D1A2000035A3000073
:10824000F9870000F9870000F9870000F98700002E
:10825000F987000000000000F9870000F98700009E
:10826000F9870000F9870000F9870000F98700000E
:10827000F9870000F9870000F9870000F9870000FE
:10828000F9870000F9870000F9870000ED840000FD
:10829000F9870000F9870000F9870000ADF90000B8
:1082A000F9870000F9870000F9870000F9870000CE
:1082B000F9870000F9870000F9870000F9870000BE
:1082C000F9870000F9870000F9870000F9870000AE
:1082D000F9870000F9870000F9870000B9650100FF
:1082E000F9870000F9870000F9870000115A0100A2
:1082F000F987000000000000F9870000F9870000FE
:10830000F9870000F9870000F9870000B9F900003B
:10831000C5F9000053C30100F9870000F987000088
:10832000F98700005D270100F9870000F987000048
:10833000F987000000000000D1F9000000000000F3
:10834000CD7B0100F9870000F9870000F987000064
:10835000F987000000000000F9870000F98700009D
:10836000F9870000F9870000F9870000F98700000D
:10837000F9870000F9870000F9870000F9870000FD
:10838000F9870000F9870000F9870000000000006D
:10839000F9870000F9870000F9870000F9870000DD
:1083A000F9870000F9870000F9870000000000004D
:1083B000F9870000F98700000000000000000000BD
:1083C00000000000000000000000000000000000AD
:1083D00000000000F9870000F9870000F98700001D
:1083E000095901001D5A0100F9870000F9870000B2
:1083F000F98700000348044B834202D0034B03B1CA
:108400001847704728170020281700200000000098
:108410000548064B1B1AD90F01EBA301491002D0E6
:10842000034B03B118477047281700202817002076
:108430000000000010B5064C237843B9FFF7DAFFBF
:10844000044B13B10448AFF300800123237010BD27
:10845000281700200000000070D3020008B5044B6C
:108460001BB104490448AFF30080BDE80840CFE7E2
:10847000000000002C17002070D30200A3F5803A02
:10848000704700BF154B002B08BF114B9D46FFF7EF
:10849000F5FF00218B460F461148124A121A16F0BA
:1084A000DBF90C4B002B00D098470B4B002B00D076
:1084B00098470020002104000D000B4818F07CF9BB
:1084C00015F0A8FF200029000DF0DAFD18F062F980
:1084D0000000080000000000000000000000022072
:1084E0002817002070E40020190F02004FF04023ED
:1084F00010B5D3F8E020D0070FD50122C3F8E02053
:10850000D3F8C0389B1A18BF0123934002221340AE
:10851000012B38D111F01AFC10BDD3F8E0209107DF
:108520000AD50222C3F8E020D3F8C438013B18BFB3
:10853000012393400422EAE7D3F8E020520709D54B
:108540000422C3F8E020D3F8C838013B18BF012348
:108550000122DCE7D3F8E04014F0080409D0082237
:10856000C3F8E020D3F8CC38013B18BF0123DB006F
:10857000CDE7D3F8A020C3F8E0200A4815F0BAFFF1
:1085800022462346C3E7022B02D111F0DCFBC3E7EE
:10859000042B02D111F0D4FBBEE7082BBCD111F0A3
:1085A000CCFBB9E7C8300200820700F001034FF0AE
:1085B00040224FEA4303D16848BF43F004036FF001
:1085C0000600D0609360D160704700002DE9F04153
:1085D00059204FF0804416218822C4F80001C4F8C5
:1085E0000011C4F80021D4F80031002BF5D0434825
:1085F000DFF81C8105F012FB002211463F4805F010
:10860000B5FAA36D3E4823F0FF03A365A36D0025D3
:1086100043F02203A3654FF4E131C4F8005107F0A1
:10862000FBFA374805F048FE4FF040233822C3F8E4
:108630004024012707FA05F63146002240464FF054
:10864000402405F063FD29464FF00112404605F035
:1086500073FDD4F8D43001351E43042DC4F8D46022
:10866000E8D1284B28484FF400221A60602283F892
:1086700013234021012205F049FD4FF08043C4F847
:1086800098789A6B214802F07F429A639A6B42F085
:10869000331242F44C529A63DA6B22F47022DA639A
:1086A000DA6B42F41022DA634FF48051022205F0B3
:1086B0005AFD0020FFF778FF20460122022105F035
:1086C00025FD294620460025012205F01FFD2046F4
:1086D000C4F80C580122082105F018FD2046C4F802
:1086E00014580122202105F011FDBDE8F041074892
:1086F00001224FF4004105F009BD00BF913DA05794
:108700000010074000E100E0804000404040004091
:10871000C04000404FF04023D3F80408003818BF91
:10872000012070474FF04023D3F80808003818BFE5
:10873000012070474FF040230122C3F80C287047F6
:108740004FF040230022C3F80C2870474FF040231D
:10875000D3F80C08003818BF012070474FF04023B1
:108760000122C3F8142870474FF040230022C3F8B9
:10877000142870474FF040230122C3F87C2870472B
:108780004FF040230022C3F87C2870471449154A53
:10879000154B9A42BEBF51F8040B42F8040BF8E7A0
:1087A00012484FF0590101604FF0160101604FF07F
:1087B000880101600E48416841F4804141600D48E4
:1087C000416841F002014160416841F004014160AB
:1087D00000F068F805484FF000010160FFF752FE15
:1087E0002CD40200B81100202817002000010040FE
:1087F0000002004000700040FEE700BF08B516F020
:1088000051F9582303604FF0FF3008BD08B516F04A
:1088100049F9582303604FF0FF3008BD08B516F042
:1088200041F9582303604FF0FF3008BD08B516F03A
:1088300039F958230360002008BD08B516F032F955
:10884000582303604FF0FF3008BD000008B505F065
:108850003FFA0E4B0E4A1860136903F00703022B10
:108860001CBF0C4951F82300136A03F00F030133B6
:10887000B0FBF3F0084B186000F5F420074B00F54F
:108880009070B0FBF3F0064B186008BDDC110020BF
:1088900000020040BC110020E411002040420F0003
:1088A000E0110020174AD2F8883043F47003C2F870
:1088B0008830154AD36C23F00F0343F00803D364C8
:1088C000124BD3F8982042F48022C3F898209A687B
:1088D00042F002029A600E4AD2F8041101F0F73118
:1088E000C2F80411D2F8081101F0F731C2F80811EA
:1088F0009A6822F002029A60064A136C23F0F00391
:108900001364704700ED00E000C00040000200402A
:108910000010044000410040006870470B0A0170DD
:1089200043700B0C090E8370C170704743690239A4
:10893000023B8B4283BF4389806A01FB0300002016
:10894000704703687BB11A4612F8011B202908D929
:108950003A29F9D11978302905D102339A4202D146
:108960000260002070474FF0FF30704738B5037940
:108970000446C3B100F13005C26A4078012329469C
:108980000FF0F6F988B9E16A236AA2692071CB1A5F
:10899000934208D2E378022B05D10A446078012380
:1089A00029460FF0E5F9002038BD0120FCE7C2F3AD
:1089B00007238A76CB760378032B01BF120C0A7546
:1089C000120A4A75704738B5C36A8B4205460C4691
:1089D00010D0FFF7CBFF60B922466878012305F17C
:1089E00030010FF0B5F900281CBF4FF0FF34012013
:1089F000EC6238BD0020FCE738B5002303714FF06E
:108A0000FF33C3620446FFF7DEFF00283ED194F82F
:108A10003030B4F82E52EB2B03D01833DBB2012BDD
:108A20002DD84AF655239D4206D11A49082204F151
:108A3000820018F071F840B3B4F83B30B3F5007F12
:108A40001DD194F83D30D3B15A1E1A4217D1E38F8D
:108A5000ABB194F84030013B012B10D8B4F8413051
:108A60006BB1B4F843307F2B06D804F15000FFF708
:108A700053FFB0F5803F02D3B4F8463043B94AF60D
:108A80005520854214BF0320022038BD0420FCE796
:108A90000020FAE7E030020001292DE9F047064600
:108AA0000C4617466FD943698B426CD90378022B69
:108AB0003ED0032B4FD0012B65D101EB5108016A49
:108AC00001EB5821FFF77FFF054630BB06F1300967
:108AD00008F1010AC8F3080814F0010418BF19F8D6
:108AE0000820FBB21EBF02F00F0242EA0313DBB202
:108AF00009F80830316A0123337101EB5A213046FD
:108B0000FFF761FF054640B9CAF3080A44B1C7F34D
:108B1000071709F80A70012333712846BDE8F0876A
:108B200019F80A30C7F3032723F00F031F43F0E7B8
:108B3000016A01EB1421FFF746FF05460028ECD13E
:108B4000640006F1300304F4FF741A191F55C7F3CB
:108B500007275770DFE7016A01EBD411FFF733FFF6
:108B600005460028D9D1A40006F1300304F4FE74B0
:108B700023441846FFF7D0FE014667F31B01184651
:108B8000FFF7CCFEC7E70225C7E7F8B505460E4656
:108B9000FFF7ECFE0446F8B931462846FFF7C6FE5B
:108BA00005F130070646E8624FF400722146384668
:108BB00015F052FE6B899C4204D36889001B18BFD4
:108BC0000120F8BD68780123321939460FF0D0F83A
:108BD0000028F2D10134EDE70120F2E7F8B50446B0
:108BE000FFF7C4FE0546002842D12378032B37D176
:108BF0006779012F34D104F1300601464FF4007239
:108C0000304615F029FE552384F82E32AA2384F825
:108C10002F3252234122722184F8303084F83130CF
:108C2000612384F8323084F8173284F8332084F8D2
:108C3000141284F8151284F81622216904F50670BE
:108C4000FFF76CFEE16804F50770FFF767FEE26965
:108C500060780132E2623B4631460FF089F8657177
:108C60000022607811460FF08FF8003818BF0120FD
:108C7000F8BDF8B500230246451E1C462E2615F801
:108C8000010F202804F101040AD0052808BFE520BF
:108C9000092C02BFCF1801337E72CF1801337872CE
:108CA0000B2CECD10B4400205872D37A03F03F0315
:108CB0000B7202F11C00FFF72FFE0860D38ACB80F5
:108CC000138B8B80F8BD40B10C2904D80A2904D835
:108CD000807801F0D5B90F29FAD1704738B50D4623
:108CE0000446F8B1036813B90920002413E01A7888
:108CF000002AF9D08188DA889142F5D1987801F07C
:108D0000B1F9034680B1236858780FF005F810F0E8
:108D1000010002D124682C6038BD20680021FFF7D3
:108D2000D2FFE1E70920F6E70F201C46F3E7000039
:108D3000F0B5002385B00B600E461546FFF701FE27
:108D40000028C0F20C818A4B53F82040002C00F020
:108D50000881A07801F086F9002800F004813460D1
:108D60002378607805F0FE055BB10EF0D5FFC307F0
:108D700007D40DB1470702D4002005B0F0BD0A208A
:108D8000FBE70023607823700EF0D2FFC60700F1E6
:108D9000EC800DB14107F2D400212046FFF72CFEF4
:108DA000022840F0C4806E4604F5FB7304F23621BD
:108DB00032461846FFF7B0FD10338B4242F8040BE1
:108DC000F7D1002556F8041B002900F0A7802046A3
:108DD000FFF712FE012800F2A280B4F83B30E16AEE
:108DE000B3F5007F40F0A880B4F8466026B904F1DE
:108DF0005400FFF791FD064694F84030A6615A1ED4
:108E0000012AE37000F2988094F83D506581002DAE
:108E100000F092806A1E2A4240F08E80B4F84170C1
:108E200027813A0740F08880B4F8430018B904F16C
:108E30005000FFF771FDE28F002A7DD006FB03FE94
:108E400002EB171CF444604576D3A0EB0C00A8425B
:108E5000B0FBF5F370D3474883426DD84FF6F570F9
:108E600083426BD840F6F575AB428CBF02250125D5
:108E700002330A4401EB0C00032D6361E1612262BD
:108E8000A0625DD1B4F85A203A4355D104F15C0098
:108E9000FFF742FD9B0003F2FF13B6EB532F606216
:108EA0004AD34FF0FF33C4E90333032D4FF080035F
:108EB00063712BD1B4F86030012B27D101312046EA
:108EC000FFF781FD10BBB4F82E2260714AF65523DE
:108ED0009A421BD104F13000FFF71EFD264B984249
:108EE00014D104F50570FFF717FD03F1FF5303F5E7
:108EF00000532033984209D104F50670FFF70CFDAA
:108F0000206104F50770FFF707FDE0601B4A25703C
:108F1000138801339BB21380E3802DE703200135D2
:108F2000042D7FF44FAF042806D1012025E7042843
:108F3000FBD001287FF651AF0D201EE7032597E7F0
:108F4000002FF9D0022D02EB0E004FEA43021BBFA7
:108F5000D21803F00103134603EB52039BE70B20E7
:108F60000BE70C2009E70F2007E7032005E700BF08
:108F700050170020F5FFFF0F525261414C1700209F
:108F800003284B8B04BF8A8A43EA02431846704782
:108F90000129F8B506460C464ED9436999424BD291
:108FA0000378022B29D0032B34D0012B44D101EBC1
:108FB0005105016A01EB5521FFF705FD10B14FF096
:108FC000FF30F8BD6F1C316AC5F30805354401EB6D
:108FD0005721304695F83050FFF7F5FC0028EED1C8
:108FE000C7F30807374497F8303045EA0320E30712
:108FF0004CBF0009C0F30B00E3E7016A01EB142149
:10900000FFF7E1FC0028DAD1640004F4FF74344473
:10901000208ED6E7016A01EBD411FFF7D4FC0028BB
:10902000CDD1A40006F1300004F4FE742044FFF713
:1090300073FC20F07040C4E70120C2E7F8B58668F1
:109040000568002304460361B6B92B78022B01D9C9
:109050006B6A83B92B890BB90220F8BD686A0022BC
:10906000C4E905200028F7D000EB56203035A06178
:10907000E5610020F1E71E466F8932467F02002637
:10908000B742114603D92846FFF750FCE8E72068AD
:10909000FFF77EFF431C024606D00128DCD96B692E
:1090A0009842D9D2F61BEBE70120D6E7F8B50C467B
:1090B000012C0568064611462BD96B69A34228D9B5
:1090C0002AB14FF0FF322846FFF7E6FC38B92146B7
:1090D0003068FFF75DFF2746044608B90020F8BD59
:1090E000012816D0431C16D0002239462846FFF727
:1090F000D3FC0028F3D1D5E90432911E8B4205D26E
:1091000001332B616B7943F001036B71A242DED80E
:10911000E4E70220E3E70120E1E72DE9F8430568F1
:1091200081460F4649B9EE68C6B16B69B34298BF34
:1091300001262B69A3B9002406E02846FFF728FF83
:109140000128044603D801242046BDE8F883421CC8
:1091500054D06B698342F7D83E46EAE70126E8E738
:10916000BE426B6915D1741C9C4228BF0224D9F8F9
:1091700000002146FFF70CFF0128E4D0431C3DD03E
:10918000F0B1D5F80C80B8F1010F02D96B699845A0
:1091900000D3B04644466B690134A34203D8B8F10A
:1091A000010FC8D00224D9F800002146FFF7F0FED5
:1091B00040B10128C7D0013020D04445EBD1BAE7F7
:1091C000002CE6D04FF0FF3221462846FFF764FC22
:1091D00090B957B9D5E90432023A9342EC6010D9FC
:1091E0006B7943F001036B71AEE72246394628469E
:1091F000FFF752FC0028EDD00128A4D14FF0FF3436
:10920000A2E7013B2B61EBE72DE9F843076906680C
:109210002037B7F5001F24BF00238361836904460C
:10922000894673B1C7F30808B8F1000F39D1416915
:109230000133836141B93389B3EB571F31D8002320
:10924000A3610420BDE8F8837389013B13EA572327
:1092500027D13046FFF79CFE0128054601D80220A1
:10926000F0E7421C01D10120ECE77369834212D878
:10927000B9F1000FE3D061692046FFF74EFF0546C4
:10928000A8B10128EBD0431CEDD001463046FFF7D2
:109290007CFC0028E7D1656129463046FFF746FB94
:1092A000A061303646442761E6610020CAE7072006
:1092B000C8E700002DE9F74FD0F8009005460E46AC
:1092C00011F8013B2F2BFAD05C2BF8D00023AB60B8
:1092D00033781F2B6FD905F120074FF02038C7F8DE
:1092E0000480C7F80080C7F8078006F1FF3B002420
:1092F0004FF0080AC6F1020202EB0B031BF8011F34
:10930000202908D92F2901D05C295FD1F25C2F2AAE
:109310005AD05C2A58D01E44002C00F0838095F867
:109320002030E52B04BF052385F82030202969D99A
:109330003378202B8CBF002301239B0085F82B3032
:109340002846D5F800A0FFF779FE044600285BD137
:10935000A9695046FFF737FB0446B8B9E8690378B6
:10936000002B5BD0C37A03F03F03AB71C47A14F0D7
:10937000080404D10B22394617F0CEFB30B100218E
:109380002846FFF741FF04460028E1D095F82B302E
:10939000002C3BD15A073DD4AB79DB0640D52B6975
:1093A00099F80000C3F3080309F130011944FFF7ED
:1093B000E7FDA86093E78023284685F82B3003B0AB
:1093C000BDE8F04FFFF73ABE01339FE72E292BD0BF
:1093D000A24527D9080644BF01F07F01164B174864
:1093E00048BF595CCDE9001214F0C4F9D0B9009916
:1093F000019AA1F16103192B9CBF2039C9B23955DB
:10940000013479E7042399E795F82B30042C01D136
:10941000590705D5204603B0BDE8F08F0424B5E711
:109420000524F7E70624F5E7BAF10B0FFAD0082474
:109430004FF00B0A60E700BF5A5F0200E9300200FC
:1094400038B5056804460420A16911B9F8B90020AF
:1094500038BD2846FFF7B7FAB0B9E3691A78B2B158
:10946000DB7AE52A03F03F03A37107D02E2A05D04B
:109470000F2B03D023F02003082BE8D10021204636
:10948000FFF7C2FE0028DFD00023A361E0E704203D
:10949000FAE770B506680546FFF7D0FD044678B9CF
:1094A000A9693046FFF78FFA044648B9EB691B7883
:1094B000E52B0AD04BB101212846FFF7A5FEEDE7C9
:1094C000042C08BF0724204670BDA9693046FFF769
:1094D0007AFA04460028F6D1E8692022214615F0E0
:1094E000BBF9203555F8043C03CD18605960298834
:1094F000AA789A72198101233371E4E72DE9FF41BB
:10950000CDE9001003A814460391FFF71AFA051ECF
:1095100027DB164F57F825603EB14FF0000847F89B
:10952000258000F097FD86F80080019E56B1EBB2D1
:109530007370B370284600F07FFDA0B1002347F898
:10954000256033704CB101A900226846FFF7F0FB9B
:10955000044601460198FFF7B6FB204604B0BDE87B
:10956000F0810B24F9E70224F7E700BF5017002031
:109570002DE9F04F8FB0144601910546002800F008
:10958000D98002F03F08424602A901A8FFF7D0FBAC
:109590000746002840F0B980029E0199039603A86F
:1095A000FFF788FE20B99DF93730002BB8BF0620A1
:1095B00014F01C0F4DD0002842D0042840F0A580A4
:1095C00003A8FFF766FF002840F09F8048F00808D6
:1095D00018F0080F47D00EF001FC024601460A9829
:1095E0000E30FFF79BF90A9811461630FFF796F9EF
:1095F0000A993078FFF7C4FC2023CB7200220A9925
:1096000004463046FFF7D3F90A9B00221A775A77AF
:109610009A77DA77012333717CB1214603A8D6F813
:109620002C90FFF743FD00286FD149463046FFF7E5
:10963000CAF9013CF460002867D148F0400812E004
:109640009DF8123013F0110F70D16007C0D50820BB
:109650005BE0002859D19DF81230D90664D4A207E6
:1096600001D5DB0762D4F36A0A992B62696230780C
:10967000FFF786FCA860834601F11C00FFF74CF958
:109680000024F388E86005F1280A81462E60AB804B
:1096900085F810806C74EC616C614FF400722146A7
:1096A000504615F0D9F818F0200F31D0B9F1000F5D
:1096B0002ED07389C5F81490B9EB432F4FEA432895
:1096C0000DD959462868FFF763FC01288346A9EBAA
:1096D000080925D9B0F1FF3F24D0C845F1D30020B7
:1096E000C5F818B088B9C9F308038BB1594630469C
:1096F000FFF71CF9E0B100EB5922EA617078012311
:1097000051460EF025FB18B1012000232B600746BF
:1097100002983946FFF7D7FA38460FB0BDE8F08F08
:109720000220DDE70120DBE70420EEE70720ECE77D
:109730000220EAE70927EFE72DE9F04F9A4687B0C4
:1097400000238946CAF8003005A904469046FFF771
:10975000C5FA074608B9677C27B105983946FFF76F
:10976000B2FA0AE0237C059D13F00103029308D1AD
:1097700007212846FFF7A7FA0727384607B0BDE8B4
:10978000F08F6369E668F61A464504F1280328BF9E
:109790004646019316B931462846E0E76369C3F3AC
:1097A0000802002A77D16A89013A12EA53221BD1B2
:1097B0004BB9A06801280DD8022161742846FFF733
:1097C00082FA0227D9E7A16920680392FFF7E0FB3C
:1097D000039AEFE7431C06D1012161742846FFF785
:1097E00072FA029FC9E7A061A1692846FFF79EF8B7
:1097F0000028E1D0B6F5007F02EB00082FD369897D
:1098000002EB562088424FEA562B88BFA1EB020B91
:1098100068785B46424649460EF09AFA0028DBD14A
:1098200094F91020002A0CDAE069A0EB08005845F2
:1098300007D24FF4007204F1280109EB402015F023
:10984000A1FB4FEA4B28DAF800304344CAF8003055
:1098500063694344A6EB0806C14463619AE7E26981
:10986000424516D094F910306878002B09DA019936
:1098700001230EF07DFA0028AED1237C03F07F0394
:10988000237401996878012342460EF061FA00289A
:10989000A2D1C4F81C806169019BC1F30801C1F524
:1098A0000078B04528BFB04642461944484615F0F6
:1098B00069FBC8E72DE9F04F9A4685B00023894639
:1098C000CAF8003003A904461646FFF707FA074610
:1098D00008B9677C27B103983946FFF7F4F908E027
:1098E000237C039D9A0708D407212846FFF7EBF94C
:1098F0000727384605B0BDE8F08F6369F34228BFFB
:10990000DE4304F128030093A6B16369C3F30802A0
:10991000002A40F09380B5F80A8008F1FF3818EA71
:10992000532826D16BB9A16869B92046FFF7F5FB2A
:10993000014640B9237C43F04003237400212846AC
:10994000CBE7A169F1E7012906D10221617428461C
:10995000FFF7B9F90227CCE74B1C06D1012161744E
:109960002846FFF7B0F90127C3E7A368A16103B94F
:10997000A16094F91030002B0BDAE2690099687845
:1099800001230EF0F5F90028E8D1237C03F07F03D2
:109990002374A1692846FEF7C9FF0028D5D0B6F583
:1099A000007F08EB000B37D3698908EB562088420B
:1099B0004FEA5623687888BFA1EB08035A46494608
:1099C00001930EF0D5F9019B0028C7D1E169A1EB05
:1099D0000B0199420DD24FF4007209EB412104F1C1
:1099E0002800019315F0CEFA227C019B02F07F0241
:1099F00022744FEA4328DAF80030E2684344CAF898
:109A0000003063694344A6EB0806C14463619A428F
:109A10002CBFE260E36077E7E169636959450BD0E9
:109A2000E168994208D9687801235A4604F128016F
:109A30000EF08EF9002891D1C4F81CB06069009B2B
:109A4000C0F30800C0F50078B04528BFB046184400
:109A50004246494615F096FA237C63F07F0323744F
:109A6000C9E72DE9F34101A90546FFF737F9044697
:109A7000002844D12B7C019F13F040043FD01B06EB
:109A800014D5EA697878012305F128010EF070F900
:109A900040B101213846FFF716F90124204602B0F3
:109AA000BDE8F0812B7C03F07F032B740EF096F958
:109AB000296A80463846FEF786FF0446F8B96E6A82
:109AC000F37A43F02003F372AA6828683146FEF760
:109AD0006EFFE96806F11C00FEF720FF414606F123
:109AE0001600FEF71BFF0123B474F47438463B7173
:109AF000FFF774F82B7C23F0400304462B74019885
:109B00002146FFF7E0F8C9E737B50546FFF7A9FF9B
:109B1000044650B901A92846FFF7E0F8044620B9E9
:109B2000286001460198FFF7CEF8204603B030BD0B
:109B30007FB50546019100282FD0002203A901A876
:109B4000FFF7F6F8044678B9039E01992E6028467F
:109B5000FFF7B0FB044610BB95F92B30002B0BDB55
:109B6000AB79DB0603D4052400232B600EE03078AC
:109B7000E969FFF705FAA860F388AB802846FFF78C
:109B80005DFA04280446EED00028EDD10398214662
:109B9000FFF799F8204604B070BD0924FAE70428BD
:109BA000E1D0E1E737B501A90546FFF797F804468C
:109BB00020B9286001460198FFF785F8204603B0D8
:109BC00030BD73B50E4601A90546FFF787F8044678
:109BD00020B928464EB9FFF731FA044601982146CC
:109BE000FFF771F8204602B070BDFFF729FC10F0B6
:109BF000FB030446F2D17372AB691BB1E8693146CD
:109C0000FFF737F800212846FFF7FEFA042804463C
:109C100008BF0024E2E730B58FB00D460190002266
:109C200003A901A8FFF784F8044688B9019903A89D
:109C3000FFF740FB044658B99DF93730002B0EDB87
:109C400035B1099B68721BB10A982946FFF711F8D4
:109C500003982146FFF737F820460FB030BD0624A1
:109C6000F6E72DE9F04F85B088460190164603A926
:109C7000002201A8FFF75CF8054648B9039C346050
:109C8000D4E9043BABF10202934209D8C8F8003092
:109C900003982946FFF717F8284605B0BDE8F08F6E
:109CA00094F800A0BAF1010F17D1022706463946F1
:109CB0002046FFF76DF9431C38D0012834D000B995
:109CC000013663690137BB42F1D8C8F80060637997
:109CD000266143F001036371DAE7216A074606460D
:109CE00004F1300947B94B1C20460093FEF76BFE88
:109CF0008246D8B9009B19462378022B0AD1E31972
:109D00001B8E03B901360237BBF1010BC7F30807FD
:109D1000E8D1DAE709EB0700FEF7FEFD30F070430B
:109D200008BF01360437EFE74FF0020A5546AFE7A8
:109D30002DE9F0419AB00222019003A901A8FEF793
:109D4000F7FF044680B9039E0199049604A8FFF723
:109D5000B1FA044640B99DF93B30002B42DB9DF837
:109D60001640E20708D5072403982146FEF7ABFF0B
:109D700020461AB0BDE8F081DDF82C8030784146ED
:109D8000FFF7FEF8E306054612D4049F0A99384609
:109D9000FEF719FE04460028E6D1E52388F80030D6
:109DA00001233B71ADB93046FEF718FF0446DBE7EF
:109DB00011900FA80F96FFF741F904460028D3D160
:109DC0000FA8FFF73DFB04460028CCD00428CBD1D8
:109DD000DBE70246294604A8FFF768F90446002895
:109DE000C2D1E0E70624BFE7F0B593B002220190AC
:109DF00002A901A8FEF79CFF04460546002867D18A
:109E0000029B0199079307A8FFF754FA044600281C
:109E10006FD004285CD1029B0393294603A8FFF767
:109E20007CF9054600285AD001285AD0431C5C42D0
:109E30005C410DF0D3FF0646002C54D10298294610
:109E4000FEF7A3FE044600284DD1029C4FF02033BC
:109E5000C4F83130C4F83530A4F839302E2384F8F2
:109E60003030102384F83B30314604F1460004F1D1
:109E70003007FEF753FD2A4639462046FEF797FD88
:109E800004F150031A4651F8040B42F8040B9942AE
:109E9000F9D12E2384F851302046099A0127FEF784
:109EA00086FD277107A8FFF7F4FA0446D8B90E9883
:109EB00031461630FEF732FD2A4602980E99FEF71B
:109EC00076FD0E9B1022DA720771FEF787FE0446BC
:109ED00002982146FEF7F7FE204613B0F0BD072496
:109EE000A7E70224A5E70022294603A8FFF7DEF82A
:109EF000EEE70824ECE7F0B5A3B0CDE90010684622
:109F0000FEF71FFD022203A901A8FEF711FF044678
:109F1000002840F08680039D01990C950CA8FFF75E
:109F2000C9F9044600287CD19DF85B3013F0A00FDE
:109F30007ED1139E04AC334606F120071868596899
:109F4000224603C20833BB421446F7D10CAC0FCCF7
:109F500017AF0FC70FCC0FC794E8070087E80700BB
:109F6000009917A8FFF7A6F9044648B9199A0E9B5D
:109F70009A4203D11B9A109B9A4203D0082450E0C6
:109F800004284ED117A8FFF784FA0446002848D1C8
:109F90001E990DF11D0301F10D020DF12D0053F875
:109FA000044B42F8044B8342F9D1188810809B7807
:109FB00093709DF81B30DA0658BF43F02003012749
:109FC000CB722F71CB7ADB061CD50E9A199B9A4265
:109FD00018D02878FEF7D4FF01462846FEF7A6FCE5
:109FE000014638B32846FEF7EEFC0446C8B995F89A
:109FF00051302E2B06D1199A05F150012846FEF753
:10A00000D6FC2F710C9F12993846FEF7DCFC0446F3
:10A0100038B9E523337001233B712846FEF7DEFD96
:10A02000044603982146FEF74EFE204623B0F0BDBD
:10A030000624F6E70224F4E710B50446012000F0F8
:10A04000E3FC034B43F82400003818BF012010BD87
:10A0500054170020024B53F8200000F0F7BE00BF59
:10A060005417002008B5054B4FF47A7153F82000BF
:10A0700000F00AFE431E5842584108BD5417002004
:10A0800010B4054C002354F820005DF8044B1A4628
:10A09000194600F019BC00BF5417002010B54FF04E
:10A0A0008043592416208821C3F80041C3F80001D9
:10A0B000C3F80011D3F80021002AF5D00E480F4C48
:10A0C00003F0ACFD002211460B4803F04FFD204683
:10A0D00005F070FD0A4BB0FBF3F0236843F0C0536A
:10A0E0002360236823F0FF0303432360236843F0C6
:10A0F0008043236010BD00BF0200805E0000054069
:10A10000A0860100014BD868704700BF00000540E1
:10A1100000F108034FF0FF32C0E9022343600361FE
:10A1200000230360704700230361704743684B605E
:10A130009A688A605160996003680861013303601E
:10A14000704730B50C68631C0AD103695A684A60CD
:10A1500091608B605960036808610133036030BD12
:10A1600000F10802134652681568A542FAD9EDE7D6
:10A17000D0E9011203698A6051605968814208BFC1
:10A180005A60002202611A68013A1A601868704722
:10A1900008480068006880F308884FF0000080F3EA
:10A1A000148862B661B6BFF34F8FBFF36F8F00DFC5
:10A1B00000BF000008ED00E0DFF80C00016841F48A
:10A1C000700101607047000088ED00E082B000235C
:10A1D00001930D4B1B68013308D04FF0500383F3FC
:10A1E0001188BFF36F8FBFF34F8FFFDE4FF0500327
:10A1F00083F31188BFF36F8FBFF34F8F019B002B49
:10A20000FCD002B0704700BFE81100204FF080730F
:10A2100040F8043C074B40F80C3C21F001016FF082
:10A22000020340F8081C40F8202C40F8243C443835
:10A23000704700BFCDA1000000000000000000003A
:10A24000074B19680868B0E8F04F80F30988BFF33E
:10A250006F8F4FF0000080F311887047AFF30080DC
:10A26000C09800204FF0500383F31188BFF36F8F25
:10A27000BFF34F8F0A4A13680133012B13600ED1CD
:10A280004FF0E023D3F8043DDBB243B14FF050036D
:10A2900083F31188BFF36F8FBFF34F8FFFDE7047DB
:10A2A000E8110020084A136843B94FF0500383F3C4
:10A2B0001188BFF36F8FBFF34F8FFFDE013B136039
:10A2C0000BB983F311887047E811002000000000EB
:10A2D000EFF30980BFF36F8F154B1A681EF0100F54
:10A2E00008BF20ED108A20E9F04F10602DE9090029
:10A2F0004FF0500080F31188BFF34F8FBFF36F8F83
:10A3000001F030FB4FF0000080F3118809BC1968A0
:10A310000868B0E8F04F1EF0100F08BFB0EC108ACC
:10A3200080F30988BFF36F8F704700BFAFF30080E1
:10A33000C098002008B54FF0500383F31188BFF395
:10A340006F8FBFF34F8F01F097F928B14FF0E023E3
:10A350004FF08052C3F8042D002383F3118808BD09
:10A360004FF0E022002313619361054B4FF47A71A3
:10A370001B68B3FBF1F3013B536107231361704783
:10A38000E41100204FF0E02337B5D3F8001D2F4A29
:10A39000914208D14FF0500383F31188BFF36F8FC0
:10A3A000BFF34F8FFFDED3F8002D294B9A42F1D037
:10A3B000284B1A78D2B20192FF221A701B78264AD3
:10A3C000DBB28DF803309DF8033003F050031370B7
:10A3D000224A072313609DF80310136809062CD442
:10A3E000032BD7D14FF440731360019B194A4FF0F0
:10A3F000E024DBB21370D4F8203D43F47003C4F8BA
:10A40000203DD4F8203D43F07043C4F8203DFFF7D1
:10A41000A7FF134B00251D60FFF7CEFED4F8343F95
:10A4200043F04043C4F8343FFFF7B2FE01F09AFA1C
:10A43000FFF7CCFE284603B030BD013B13609DF80A
:10A4400003305B00DBB28DF80330C4E771C20F410B
:10A4500070C20F4100E400E0601700205C1700208C
:10A46000E8110020EFF305830F2B0ED90C4A9B5CFB
:10A470000C4A12789A4208D94FF0500383F311889E
:10A48000BFF36F8FBFF34F8FFFDE4FF0E023064A1D
:10A49000D3F80C3D126803F4E0639342ECD87047A4
:10A4A000F0E300E0601700205C17002010B5104BAF
:10A4B0001A461B688342FBD354681119884201BFB6
:10A4C0004168104609195160446801198B420CD14A
:10A4D000084909688B4203D05968214441601968D2
:10A4E0000160904218BF106010BD1946F8E700BF28
:10A4F00074170020701700202DE9F041044601F088
:10A50000A5F83C493C4D0B680BBB3C4A56071FBFA6
:10A51000D01D20F0070002F50042131A0CBF4FF4C3
:10A52000004302461344364E083B23F00703002045
:10A5300070603260C3E90000981AC2E900300B6015
:10A54000304B1860304B18604FF000432B602F6881
:10A55000274207D001F028F90BF038FD00263046DD
:10A56000BDE8F081002CF5D004F1080360071CBFA2
:10A5700023F007030833002BECD0DFF88C80D8F8E9
:10A5800000509D42E6D31E4A14686068984201D28A
:10A590002668B6B90968A142DCD021681668116046
:10A5A000C21A102A06F1080612D9E01841070BD08A
:10A5B0004FF0500383F31188BFF36F8FBFF34F8FBA
:10A5C000FFDE22463446E0E742606360FFF76EFF3D
:10A5D0000C4962680868AD1A00231743854223605E
:10A5E000676038BF0D60C8F8005001F0DDF87307F0
:10A5F000B5D0DDE770170020641700207C1700201D
:10A6000074170020681700206C17002038B5044626
:10A6100038B3144A50F8043C12681342A0F10805FC
:10A6200008D14FF0500383F31188BFF36F8FBFF34E
:10A630004F8FFFDE50F8081C0029F2D123EA0203F5
:10A6400040F8043C01F002F8074A54F8043C116851
:10A6500028460B441360FFF729FFBDE8384001F09E
:10A66000A3B838BD641700206C170020014B186890
:10A67000704700BF6C17002010B50446FFF7F2FDCD
:10A68000A46BFFF70FFEB4FA84F0400910BD70B55B
:10A690001646026C856B044642B906689EB940684E
:10A6A00001F002FB66600135A56370BD6EB980687C
:10A6B00014F068FCA368226C13446268A3609342A0
:10A6C00024BF2368A3600020EDE7C06814F05AFCA3
:10A6D000226CE36851429B1A2268E36093423EBFBA
:10A6E00063685B18E360022EEDD10DB1013DEAE72E
:10A6F0002846D8E773B5846C01900A4644B94FF0F8
:10A70000500383F31188BFF36F8FBFF34F8FFFDECA
:10A71000A16BE36B9942F2D2A16B8B421AD994F8E8
:10A72000455001A92046FFF7B2FF6DB26B1C0646EB
:10A730000BD1636A33B104F1240001F0ABF90028B6
:10A7400018BF0126304602B070BD01356DB284F8E5
:10A750004550F7E70026F5E7034610B41A6C0846A3
:10A760006AB1DC68596814448C4228BF1968DC60FF
:10A7700028BFD960D9685DF8044B14F003BC5DF8BC
:10A78000044B704770B50446FFF76CFD94F84550D4
:10A7900004F124066DB2002D0DDDA36C4BB1002138
:10A7A0002046FFF7A7FF08B101F012FA013D6DB294
:10A7B000F1E7636AB3B9FF2384F84530FFF772FD10
:10A7C000FFF750FD94F8445004F110066DB2002DCF
:10A7D00001DD236953B9FF2384F84430BDE870409C
:10A7E000FFF760BD304601F055F9DCE7304601F077
:10A7F00051F908B101F0ECF9013D6DB2E7E738B568
:10A800000D46044640B94FF0500383F31188BFF35F
:10A810006F8FBFF34F8FFFDEFFF724FDD4E90F31B9
:10A820002268A2604B43D0185B1A1A446060FF2371
:10A830000020A063E26084F8443084F84530A5B974
:10A84000236973B104F1100001F024F948B14FF00D
:10A85000E0234FF08052C3F8042DBFF34F8FBFF3B6
:10A860006F8FFFF71FFD012038BD04F11000FFF7C7
:10A870004FFC04F12400FFF74BFCF2E7F8B50D465E
:10A880001746064640B94FF0500383F31188BFF3D3
:10A890006F8FBFF34F8FFFDE48435430FFF72CFE1E
:10A8A000044668B175B100F154032360C4E90F6533
:10A8B00001212046FFF7A3FF002384F85070A36412
:10A8C0002046F8BD0346F0E72DE9FF410F4601920F
:10A8D0001D46044640B94FF0500383F31188BFF37F
:10A8E0006F8FBFF34F8FFFDE11B9036C002BF2D1D6
:10A8F000022D02D1E36B012BEDD101F075F9064673
:10A90000B0B100264FF00008FFF7ACFCA26BE36B80
:10A910009A4211D22A4639462046FFF7B8FEA36C68
:10A9200093B9636AA3B104F1240001F0B3F80FE016
:10A93000019B002BE6D0CEE7022DEBD0019BC3B9E3
:10A94000FFF7B0FC002011E029462046FFF7D2FEB9
:10A9500048B14FF0E0234FF08052C3F8042DBFF30D
:10A960004F8FBFF36F8FFFF79DFC012004B0BDE850
:10A97000F08116B902A801F0EBF8FFF793FC00F0A4
:10A9800065FEFFF76FFC94F84430FF2B08BF84F896
:10A99000448094F84530FF2B08BF84F84580FFF7CA
:10A9A00081FC01A902A801F0DFF838BBFFF75AFCCF
:10A9B000A26BE36B9A420ED1FFF774FC019904F18C
:10A9C000100001F02FF82046FFF7DCFE00F0ECFE4F
:10A9D00048B1012698E7FFF765FC2046FFF7D2FE55
:10A9E00000F0E2FEF5E74FF0E0234FF08052C3F8AD
:10A9F000042DBFF34F8FBFF36F8FEAE72046FFF7B9
:10AA0000C1FE00F0D1FE9DE710B5024600210120F5
:10AA1000FFF734FF044638B10023C0E90033C360B8
:10AA20001A461946FFF750FF204610BD2DE9F8439E
:10AA3000894617461E46044640B94FF0500383F33B
:10AA40001188BFF36F8FBFF34F8FFFDE11B9036C17
:10AA5000002BF2D1022E02D1E36B012BEDD1FFF7D7
:10AA600001FDEFF311884FF0500383F31188BFF31A
:10AA70006F8FBFF34F8FA26BE36B9A4201D3022E0D
:10AA800027D194F8455032466DB249462046FFF72B
:10AA9000FEFD6B1C18D1A36C73B131462046FFF745
:10AAA00029FE20B9012088F31188BDE8F883002F22
:10AAB000F8D001233B60F5E7636A002BF2D004F184
:10AAC000240000F0E7FFECE701356DB284F8455053
:10AAD000E8E70020E7E770B50D46044640B94FF0BF
:10AAE000500383F31188BFF36F8FBFF34F8FFFDEE7
:10AAF000036C002BF3D1036813B94368002BEED12C
:10AB0000FFF7B0FCEFF311864FF0500383F3118889
:10AB1000BFF36F8FBFF34F8FA26BE36B934223D9C9
:10AB200094F845100132FF294BB2A26317D1A36CF0
:10AB30006BB100212046FFF7DDFD18B9012086F337
:10AB4000118870BD002DF9D001232B60F6E7636AF0
:10AB5000002BF3D004F1240000F09CFFEDE701335B
:10AB60005BB284F84530E9E70020E8E72DE9FF41D2
:10AB70000E460192044640B94FF0500383F311880A
:10AB8000BFF36F8FBFF34F8FFFDE11B9036C002B44
:10AB9000F2D101F029F8054618B300254FF000085E
:10ABA000FFF760FBA76B07B331462046013FFFF775
:10ABB000D3FDA763236973B104F1100000F06AFFAD
:10ABC00048B14FF0E0234FF08052C3F8042DBFF39B
:10ABD0004F8FBFF36F8FFFF765FB012004B0BDE817
:10ABE000F081019B002BD9D0C6E7019B1BB9FFF771
:10ABF00059FB0020F2E715B902A800F0A9FFFFF702
:10AC000051FB00F023FDFFF72DFB94F84430FF2BA0
:10AC100008BF84F8448094F84530FF2B08BF84F8BF
:10AC20004580FFF73FFB01A902A800F09DFF00BB94
:10AC30002046FFF721FDB0B1019904F1240000F096
:10AC4000F1FE2046FFF79EFD00F0AEFD48B94FF043
:10AC5000E0234FF08052C3F8042DBFF34F8FBFF3B2
:10AC60006F8F01259CE72046FFF78CFD00F09CFDCF
:10AC7000F7E72046FFF786FD00F096FD2046FFF738
:10AC8000FBFC0028EDD0B4E7F0B585B00446019197
:10AC900040B94FF0500383F31188BFF36F8FBFF3B8
:10ACA0004F8FFFDE056C002DF3D100F09DFF0646AF
:10ACB00010B32E460027FFF7D5FAA36B0BB3013B69
:10ACC000A363236813B901F087F86060236973B147
:10ACD00004F1100000F0DEFE48B14FF0E0234FF029
:10ACE0008052C3F8042DBFF34F8FBFF36F8FFFF770
:10ACF000D9FA012005B0F0BD019B002BC9D1354622
:10AD0000D8E7019B2BB9002DC3D1FFF7CBFA002068
:10AD1000F0E716B902A800F01BFFFFF7C3FA00F036
:10AD200095FCFFF79FFA94F84430FF2B08BF84F896
:10AD3000447094F84530FF2B08BF84F84570FFF746
:10AD4000B1FA01A902A800F00FFF50BB2046FFF79F
:10AD500093FC00B323683BB9FFF784FA606800F006
:10AD600053FF0546FFF79EFA019904F1240000F015
:10AD700059FE2046FFF706FD00F016FD48B94FF0DA
:10AD8000E0234FF08052C3F8042DBFF34F8FBFF381
:10AD90006F8F01268FE72046FFF7F4FC00F004FDDB
:10ADA000F7E72046FFF7EEFC00F0FEFC2046FFF739
:10ADB00063FC0028EDD0002DA9D0FFF753FA616A9B
:10ADC00019B1236B1968C1F10501606800F0B4FF87
:10ADD0009BE710B5044640B94FF0500383F3118848
:10ADE000BFF36F8FBFF34F8FFFDEFFF73BFAA46B0C
:10ADF000FFF758FA204610BD30B5074A002352F835
:10AE0000335002EBC3041DB942F83310606030BD0B
:10AE10000133082BF3D1FAE77C97002010B5094ADB
:10AE2000002352F8331081424FEAC30406D1064A88
:10AE3000002142F833102244516010BD0133082B29
:10AE4000EFD1FAE7809700207C97002008B540B941
:10AE50004FF0500383F31188BFF36F8FBFF34F8F11
:10AE6000FFDEFFF7DBFFBDE80840FFF7CFBB70B5A3
:10AE700004460D461646FFF7F5F994F84430FF2BCB
:10AE800004BF002384F8443094F84530FF2B04BFFE
:10AE9000002384F84530FFF705FAA36B2BB932463F
:10AEA000294604F1240000F0D7FD2046BDE870409B
:10AEB000FFF768BC8268436800681344181A82422E
:10AEC00098BF801A70472DE9F0410446884616461F
:10AED00042B94FF0500383F31188BFF36F8FBFF374
:10AEE0004F8FFFDE456883685F1B974228BF174678
:10AEF000EA199342EDD380693A46284414F042F8A7
:10AF0000BE4208D9A368F21B9A42E2D8A06908EBB6
:10AF1000070114F037F8A3683544AB4298BFED1A27
:10AF200065603046BDE8F081934228BF13462DE9A5
:10AF3000F041064688461D463BB3046883681F1BE4
:10AF4000AF4228BF2F46BA4208D24FF0500383F3D6
:10AF50001188BFF36F8FBFF34F8FFFDEE21993426B
:10AF6000F3D381693A462144404614F00BF8BD42C0
:10AF700005D9B169EA1B08EB070014F003F8B368C0
:10AF80002C44A34298BFE41A34602846BDE8F081FF
:10AF90002DE9F3411646089A04460F461D46C2B1F4
:10AFA00004220DEB0201D0F80080FFF7BDFF019BEA
:10AFB000B342A5F1040503D90023C4F8008001932E
:10AFC000019A2B463946204602B0BDE8F041FFF712
:10AFD000ABBF0196F4E74FF0500383F31188BFF342
:10AFE0006F8FBFF34F8FFFDE04282DE9F041054638
:10AFF0000E46174608D84FF0500383F31188BFF36D
:10B000006F8FBFF34F8FFFDE8842F4D32530FFF7F9
:10B0100073FA0446D0B100F1240801352A465521BF
:10B02000404613F019FC804501D0FFF7D4FF2422DD
:10B030000021204613F010FC012E38BF0126C4F871
:10B040001880A560E6600FB1012323772046BDE894
:10B05000F08108B508B9FFF7BEFF82680368416850
:10B06000D0180138401A824298BF801A08BD2DE9D5
:10B07000F043044685B015461F460E4641B94FF0D1
:10B08000500383F31188BFF36F8FBFF34F8FFFDE41
:10B090000028F4D0027F12F0010814BF05F1040962
:10B0A000A946FFF7D6FF039568B1B8F1000F0FD19D
:10B0B000854294BF03950390039A31462046FFF7DB
:10B0C00002FF054660B90025284605B0BDE8F083BB
:10B0D0008145F8D8042203A92046FFF7F4FEEBE7E8
:10B0E0002046FFF7E7FEE3689842EDD3EFF31186C1
:10B0F0004FF0500383F31188BFF36F8FBFF34F8F6F
:10B10000236943B10023206900971A46194600F0CD
:10B1100013FF0023236186F31188D5E72DE9F74358
:10B120000446904699460F4641B94FF0500383F3C9
:10B130001188BFF36F8FBFF34F8FFFDE0028F4D06D
:10B14000067F06F00106B600ABB3FFF78BF820468A
:10B15000FFF7B0FE8642054619D2FFF7A3F82B464B
:10B160000096424639462046FFF712FF054638B39F
:10B1700000F06CFA63693BB100231A461946606916
:10B1800000F07CFE0023636100F00EFB19E000205C
:10B1900000F048FF2569002DC7D100F01FFD206198
:10B1A000FFF780F84B462A464FF0FF31284600F063
:10B1B0001FFE25612046FFF77DFE86420546CED361
:10B1C0000025284603B0BDE8F0830268F0B50346C9
:10B1D0001AB342685068586003F10802904204BFF5
:10B1E000D86858605868C768586840685860824294
:10B1F00004BF506858605868C0684D1E00F13304A1
:10B2000000F13D0C14F801EF15F8016F764502D1FD
:10B2100026B16445F6D18742E6D10020F0BD00009A
:10B22000F8B51A4B1A4D1C680646286804300F46BC
:10B23000FEF79EFF40B92A681649D06A0B680122C2
:10B24000824023EA02030B60731C07D137B12968DF
:10B250001148BDE8F8400431FEF768BF2B68A41917
:10B260005C6007D30D4B18682968BDE8F8400431CD
:10B27000FEF767BF0A4B186829680431FEF761FFC3
:10B28000084B1A68A24288BF1C60F8BDE4970020F2
:10B29000C0980020E0970020EC9700202C98002018
:10B2A00030980020C8970020064A13681968064B9A
:10B2B00019B94FF0FF321A6070471268D268D2682D
:10B2C0005268F8E730980020C897002080B5154CE8
:10B2D000154F164E236873B9154B1B68012BF8D90F
:10B2E0004FF0E0234FF08052C3F8042DBFF34F8F8F
:10B2F000BFF36F8FEDE7FEF7B5FFFB68DD68281D34
:10B30000FEF736FF3368013B33602368013B23605F
:10B31000FEF7C8FF286BFFF779F92846FFF776F9A3
:10B32000D8E700BF0098002004980020E89700208C
:10B330005C9800202DE9F84F950006462846DDF878
:10B340002C808A461F46FFF7D7F8814618B94FF080
:10B35000FF30BDE8F88F6020FFF7CEF804460028E4
:10B3600000F0A780C0F830902A464846A52113F087
:10B3700073FA236B043D2B4423F00709C4F8409073
:10B380000AF1FF3304F133020AF1090A13F8011F2D
:10B3900002F8011F09B15345F8D10A9D042D28BFB9
:10B3A00004254FF0000B04F1040AC4E9135BE562C5
:10B3B000504684F83DB0FEF7B6FEC5F1050504F130
:10B3C0001800FEF7B0FEC4F858B02461A5616462AD
:10B3D000C4F854B084F85CB03A4631464846FEF7AB
:10B3E00015FF2060B8F1000F01D0C8F80040FEF74B
:10B3F00039FF324B324F1A68324E01321A603D68C3
:10B40000002D4BD13C601B68012B1FD1B04640463C
:10B410000135FEF77DFE052D08F11408F7D1DFF8A0
:10B42000CC80294D4046FEF773FE2846FEF770FE9D
:10B430002648FEF76DFE2648FEF76AFE2548FEF711
:10B4400067FE254BC3F80080244B1D60244A254924
:10B450001368086801331360E26A63640123934050
:10B46000034314200B6000FB02605146FEF75EFEB2
:10B47000FEF718FF1C4B1B6873B13B68DA6AE36A7E
:10B480009A4209D24FF0E0234FF08052C3F8042DC6
:10B49000BFF34F8FBFF36F8F01205AE7124B1A682B
:10B4A000E36A002AD2D13A68D26A9A4298BF3C60D5
:10B4B000CCE74846FFF7AAF849E700BFE897002025
:10B4C000C09800205C980020349800201898002034
:10B4D00004980020EC970020309800202C98002041
:10B4E000CC970020E0970020DC97002048980020AF
:10B4F00070B504462B4DFEF7B5FE04B92C68261D29
:10B500003046FEF735FE60B9E06A274A142343430C
:10B51000D35833B9254901220B68824023EA02033C
:10B520000B60A36A1BB104F11800FEF721FE204A4C
:10B530001368013313602B68A3421BD11D483146A9
:10B54000FEF7F4FD1C4A136801331360FEF7AAFEF0
:10B550001A4B1B682BB32B68A34222D1184B1B68D4
:10B56000ABB14FF0500383F31188BFF36F8FBFF37C
:10B570004F8FFFDE134A206B1368013B1360FFF708
:10B5800045F82046FFF742F8FFF78EFEDEE74FF062
:10B59000E0234FF08052C3F8042DBFF34F8FBFF369
:10B5A0006F8F70BDC09800205C980020E09700204D
:10B5B000CC9700200498002000980020DC97002001
:10B5C000C0970020E897002013B51A4B0193002480
:10B5D00019491A48009423463222FFF7ABFE01288E
:10B5E0001AD100F07FFD012816D14FF0500383F3EC
:10B5F0001188BFF36F8FBFF34F8F114B4FF0FF32A6
:10B600001A60104B1860104B1C60FEF747FD02B02B
:10B61000BDE81040FEF7B6BE013008D14FF0500330
:10B6200083F31188BFF36F8FBFF34F8FFFDE02B03C
:10B6300010BD00BFC4970020F8300200CDB200005A
:10B64000C8970020DC970020E4970020024A136886
:10B6500001331360704700BFC0970020014B18688A
:10B66000704700BFE497002008B5FEF7FBFE014BD2
:10B67000186808BDE4970020404B1B682DE9F74F80
:10B68000002B74D13E4B1C6801341C60BCB93D4B8F
:10B690001A68126842B14FF0500383F31188BFF368
:10B6A0006F8FBFF34F8FFFDE374A1968106818603D
:10B6B0001160364A136801331360FFF7F5FD344D0E
:10B6C000344E2B68344FA3424FF0000B11D93A6827
:10B6D000D26A14214A43B258022A28BF4FF0010B04
:10B6E0002E4A1268002A0CBF5846012003B0BDE85C
:10B6F000F08FDFF890A0DFF8AC90DAF80020126845
:10B700001AB94FF0FF322A60E1E7DAF80020D26878
:10B71000D2F80C80D8F804108C4201D22960D6E708
:10B7200008F1040318460193FEF722FDD8F828100B
:10B7300019B108F11800FEF71BFDD8F82C00D9F854
:10B740000030012202FA00F119434FF0140CC9F83D
:10B7500000100CFB00600199FEF7E8FC3868D8F88F
:10B760002C10C26A914228BF4FF0010BC5E70C4A6A
:10B770001368013313604FF0000BB1E7C09700204E
:10B78000E4970020309800202C980020D0970020CB
:10B79000C89700205C980020C0980020D497002013
:10B7A000D8970020E09700202DE9F843314C23681A
:10B7B00043B94FF0500383F31188BFF36F8FBFF38A
:10B7C0004F8FFFDEFEF74EFD2368013B23602468A8
:10B7D0002CB10024FEF766FD2046BDE8F883264B19
:10B7E0001B68002BF5D0254D254EDFF8A4801FE007
:10B7F000EB68DC6804F1040904F11800FEF7B8FCFA
:10B800004846FEF7B5FCE26A3168012707FA02F301
:10B8100014200B4300FB028049463360FEF786FC90
:10B82000184BE26A1B68DB6A9A4201D3164B1F6011
:10B830002B68002BDCD10CB1FFF736FD134D2C68C3
:10B8400044B1114E0127FFF717FF00B13760013CEB
:10B85000F9D12C600C4B1B68002BBAD04FF0E023C1
:10B860004FF08052C3F8042DBFF34F8FBFF36F8F9B
:10B870000124AFE7C0970020E89700201898002027
:10B88000E0970020C0980020D4970020D89700208F
:10B890005C98002008B550B94FF0E0234FF080527B
:10B8A000C3F8042DBFF34F8FBFF36F8F08BD0A4B52
:10B8B000196841B14FF0500383F31188BFF36F8FC4
:10B8C000BFF34F8FFFDEFFF7C1FEFFF7A9FCFFF7C5
:10B8D0006BFF0028E0D0E9E7C09700202DE9F04198
:10B8E000064612F04DFF092808D94FF0500383F3A4
:10B8F0001188BFF36F8FBFF34F8FFFDEFFF7A6FEF8
:10B90000DFF85C8005251427013D314607FB0580E3
:10B91000FFF75BFC0446B0B9002DF5D10C4B18685D
:10B92000FFF753FC044670B90A4B1868FFF74DFC4B
:10B93000044640B90848FFF748FC044618B90748D0
:10B94000FFF743FC0446FFF72FFF2046BDE8F081D8
:10B95000309800202C980020EC97002004980020BC
:10B960005C98002038B5294B1A68294B12B1012286
:10B970001A6038BD1A60FEF7C5FB264A264C1568CA
:10B98000A84204D921684B6D5B1B03444B652368B7
:10B9900010601B6B1A68B2F1A53F0BD15A68B2F167
:10B9A000A53F07D19A68B2F1A53F03D1DB68B3F197
:10B9B000A53F04D02068216834310AF037FB174BCB
:10B9C0001A68B2FA82F2D2B2C2F11F0214231449E9
:10B9D0005343C818CD5845B94FF0500383F311882D
:10B9E000BFF36F8FBFF34F8FFFDE456808336D687D
:10B9F00045600B449D4204BF6B684360142303FB06
:10BA000002114B68DB682360B3E700BFC0970020DA
:10BA1000D4970020BC970020C0980020E097002019
:10BA20005C98002010B50C4640B94FF0500383F3EA
:10BA30001188BFF36F8FBFF34F8FFFDE054B19687F
:10BA40001831FEF77EFB20460121BDE81040FFF7CC
:10BA5000E7BB00BFC098002038B50D46144640B97A
:10BA60004FF0500383F31188BFF36F8FBFF34F8FF5
:10BA7000FFDE074B19681831FEF758FB002C2146F2
:10BA80000CBF28464FF0FF30BDE83840FFF7C8BB79
:10BA9000C098002038B5C368DC6844B94FF0500343
:10BAA00083F31188BFF36F8FBFF34F8FFFDE04F175
:10BAB00018052846FEF75CFB114B1B68E3B9251DF2
:10BAC0002846FEF755FB0F49E26A086801239340B8
:10BAD00003430B600C4B1420294600FB0230FEF799
:10BAE00025FB0A4BE26A1B68DB6A9A4283BF084B5C
:10BAF00001201860002038BD06482946EFE700BF46
:10BB0000C0970020E09700205C980020C09800209B
:10BB1000D49700201898002010B5044640B94FF083
:10BB2000500383F31188BFF36F8FBFF34F8FFFDE96
:10BB3000FEF798FB044B1B682360044B1B68636093
:10BB4000BDE81040FEF7AEBBD0970020E497002080
:10BB5000034B1B680360034B1B684360704700BFC7
:10BB6000D0970020E497002070B50C46054640B9F8
:10BB70004FF0500383F31188BFF36F8FBFF34F8FE4
:10BB8000FFDE0029F4D0FEF76DFB0F4B1968236828
:10BB90005A1C10D00D482E6800686A68864201D091
:10BBA0008A420FD9881A83420AD95B1A1344236048
:10BBB0002846FFF7CDFF0024FEF774FB204670BD3A
:10BBC000002323600124F7E7E4970020D0970020AA
:10BBD000014B01221A607047D4970020014B18686E
:10BBE000704700BFC0980020054B1B6833B1054B60
:10BBF0001868B0FA80F04009400070470120704793
:10BC0000DC970020C09700202DE9F0410446002871
:10BC10002ED0224DC36A2A68D26A934236D28269F4
:10BC20001F4F002AA1BF2A68D26AC2F105028261B1
:10BC30001426426906FB03739A4215D100F10408E9
:10BC40004046FEF795FA174AA0B12B681168D86AEA
:10BC5000E062012383400B4313601423414603FB3E
:10BC60000070FEF763FA02E02B68DB6AC362012012
:10BC7000BDE8F081E06A4643BB59002BE5D113686B
:10BC80000121814023EA01031360DEE72B68C06CC9
:10BC9000DB6A98422CBF00200120E9E7C098002011
:10BCA0005C980020E0970020F8B5044608B9002011
:10BCB000F8BD1E4B1B68834208D04FF0500383F33E
:10BCC0001188BFF36F8FBFF34F8FFFDE1B6D002B0B
:10BCD000F3D0C16AC26C013B91420365E7D0002BEF
:10BCE000E5D1061D3046FEF743FA114F114A50B90F
:10BCF000E16A14234B43FB582BB9136801258D408F
:10BD000023EA05031360E36CE362C3F10501A1615B
:10BD10001168012404FA03F514200D4300FB03709D
:10BD200031461560FEF702FA2046C1E7C0980020B0
:10BD30005C980020E0970020F8B50446002844D025
:10BD4000026D42B94FF0500383F31188BFF36F8F38
:10BD5000BFF34F8FFFDEC36C994238BF1946C36AE9
:10BD60008B4232D0012A30D1184A12688242E9D07F
:10BD70008269174EC162002A4FF014054269A8BFBC
:10BD8000C1F1050105FB0363A8BF81619A421CD183
:10BD9000071D3846FEF7ECF9E26A0E4C40B95543F0
:10BDA00073592BB923680121914023EA01032360D1
:10BDB0002168012393400B4314202360394600FB84
:10BDC0000260BDE8F840FEF7B1B9F8BDC0980020A8
:10BDD0005C980020E0970020044B1A681AB119689B
:10BDE0000A6D01320A651868704700BFC0980020CC
:10BDF0002DE9F041204C1E4680460F461546FEF7C1
:10BE000031FA236893F85C30022B16D02268936DC8
:10BE100023EA080393652368012183F85C1066B167
:10BE20003046FFF7FDF94FF0E0234FF08052C3F8A2
:10BE3000042DBFF34F8FBFF36F8FFEF733FAFEF77A
:10BE400011FA15B123689B6D2B60236893F85C3061
:10BE5000022B01BF2268936DBB43936523684FF0AB
:10BE600000020CBF0125002583F85C20FEF71AFABA
:10BE70002846BDE8F08100BFC0980020F8B50F4605
:10BE800016461D46044640B94FF0500383F311880F
:10BE9000BFF36F8FBFF34F8FFFDEFEF7E3F90DB1F6
:10BEA000A36D2B6094F85C500223721EEDB284F8EF
:10BEB0005C30032A06D8DFE802F002303533A36D88
:10BEC0003B43A365012D23D1261D3046FEF750F9D3
:10BED000164AE36A11689D400D431560144A142008
:10BEE00000FB03203146FEF721F9A36A002BCBD1DA
:10BEF000104BE26A1B68DB6A9A4209D94FF0E023D3
:10BF00004FF08052C3F8042DBFF34F8FBFF36F8FF4
:10BF10000124FEF7C7F92046F8BDA36D0133D0E731
:10BF2000022D01D0A765CDE70024F2E7E0970020BD
:10BF30005C980020C09800202DE9F843089F8946AE
:10BF400016461D46044640B94FF0500383F311884E
:10BF5000BFF36F8FBFF34F8FFFDEFEF783FAEFF370
:10BF600011884FF0500383F31188BFF36F8FBFF335
:10BF70004F8F0DB1A36D2B6094F85C500223721E9D
:10BF8000EDB284F85C30032A07D8DFE802F0022D16
:10BF90003230A36D43EA0903A365012D1FD1A36AC3
:10BFA000002BD1D1194B1B6833BB261D3046FEF741
:10BFB000DFF8174AE36A11689D400D431560154A82
:10BFC0001420314600FB0320FEF7B0F8124BE26A62
:10BFD0001B68DB6A9A4202D901238FB13B600120C2
:10BFE00088F31188BDE8F883A36D0133D4E7022DEF
:10BFF00009D0C4F85890D0E7084804F11801E3E7E5
:10C00000074A1360EBE70020EAE700BFC097002073
:10C01000E09700205C980020C0980020189800202D
:10C02000D497002010B5044608B9084B1C68FEF7E9
:10C0300019F994F85C300020022B0ABF84F85C00E8
:10C0400004460124FEF72EF9204610BDC0980020BA
:10C05000914208B5416000610AD8D21A83699A42B8
:10C060000DD2084B011D1868FEF76BF8002008BDC3
:10C070009A4201D2994202D2034B011DF3E70120FB
:10C08000F5E700BFD0980020D4980020F8B50F4CF9
:10C09000FEF7E8F82568ADB90D4F0E4E3846FEF7AD
:10C0A00037F83046FEF734F80B4B1F600B4B2A462F
:10C0B0000C210A201E60FEF7E1FB206010B1084948
:10C0C000FEF79AFEBDE8F840FEF7ECB8CC980020E9
:10C0D000EC980020D8980020D4980020D098002018
:10C0E000FD30020007B5FFF7D1FF0D4B1B6843B9C8
:10C0F0004FF0500383F31188BFF36F8FBFF34F8F5F
:10C10000FFDE084B019302230093074907480023F1
:10C110006422FFF70FF90028EAD003B05DF804FBB2
:10C12000CC980020C89800200231020071C20000A3
:10C130002DE9F04180462C200D4617461E46FEF79D
:10C14000DBF90446A8B145B94FF0500383F31188D9
:10C15000BFF36F8FBFF34F8FFFDEFFF797FF069B95
:10C16000C4F80080C4E9065726626362201DFDF70B
:10C17000DAFF2046BDE8F0817FB5164604461A4630
:10C1800040B94FF0500383F31188BFF36F8FBFF3B3
:10C190004F8FFFDE0D4D286880B10529CDE90116CE
:10C1A00003940DDCFFF720FD0023022808BF089A46
:10C1B000286818BF1A4601A9FEF786FB04B070BDB7
:10C1C000002301A9FEF732FCF8E700BFCC9800205D
:10C1D0002DE9F347DFF894800646FFF73FFAD8F8D9
:10C1E00000308342054609D91E4F3B681A686AB978
:10C1F0001D4A116839601360012300E000232846BE
:10C200003360C8F8005002B0BDE8F087DB68DC6836
:10C21000D3F8009004F1040A5046FDF7A9FF636AC1
:10C2200020469847E369012BDFD1A3694B44994528
:10C2300006D23868636024615146FDF782FFD4E777
:10C24000002300934A4619462046FFF795FF002831
:10C25000CBD14FF0500383F31188BFF36F8FBFF33F
:10C260004F8FFFDED4980020D0980020C498002083
:10C270002DE9F043594E5A4F87B033681D68002DA1
:10C2800033D0DB68D3F80080FFF7E0F903A8FFF7AD
:10C290009FFF039C8146002C75D1002D58D040454E
:10C2A0005CD3FFF781FA3368DB68DD68281DFDF792
:10C2B0005FFFEB69012B1AD1A96943464A46414405
:10C2C0002846FFF7C5FE90B100942346424621461A
:10C2D0002846FFF751FF50B94FF0500383F3118800
:10C2E000BFF36F8FBFF34F8FFFDEA846CCE76B6ABB
:10C2F000284698473868002203A9FEF737FC002833
:10C30000BBD0039B002BF5DB059C636913B1201D9B
:10C31000FDF72EFF02A8FFF75BFF039B0246092BE8
:10C32000E8D801A151F823F08DC300008DC30000AF
:10C330008DC30000F5C20000C1C30000D5C30000DA
:10C340008DC300008DC30000F5C20000C1C3000012
:10C35000244B1B681C68B4FA84F4640938682246CC
:10C36000A8EB0901FEF783FDFFF71EFA0028C1D1F3
:10C370004FF0E0234FF08052C3F8042DBFF34F8FEE
:10C38000BFF36F8FB6E7FFF70FFAB3E7A169049B1E
:10C3900020461944FFF75CFE0028ABD0636A2046B4
:10C3A0009847E369012BA5D1A269049900230A44A7
:10C3B000009319462046FFF7DFFE00289AD18BE74D
:10C3C0000499A161002987D0034601442046FFF764
:10C3D0003FFE8FE72046FEF719F98BE7D49800203F
:10C3E000CC980020D09800200369C26893429CBF7B
:10C3F00081685B18013B981A70472DE9F041D0E93C
:10C4000002840546A8EB04064068964220440F4685
:10C41000144406D912F0B6FDBFF35F8FEC60BDE89F
:10C42000F0813246A4EB080412F0ACFD68682246A5
:10C43000B919EFE72DE9F843C5680646894617465E
:10C440004FF000083369B46870689D4228BF1B191B
:10C45000641BBC4203F1FF3328BF3C465B1B9C427C
:10C4600028BF1C4649462246284412F08BFDB3687B
:10C470002544A044A1443F1BAB4208BF0025BFF3A5
:10C480005F8FF560002FDDD14046BDE8F8830000E6
:10C4900008B5144BA8220021184612F0DDF903223A
:10C4A000026111494261114A8161C2614FF48062A7
:10C4B0000262002282624262C26201660C494166E7
:10C4C0001021816603460267C2664267BFF35F8F31
:10C4D000084911F8010D98540132102AF9D1BFF31F
:10C4E0005F8F08BD000000200A310200B800002064
:10C4F000A8000020F05F0200F8B5144B182700FBDD
:10C5000007751D4407FB00330E46DB6A012B1446FA
:10C510000AD0022B14D023B92846FFF765FF8442C6
:10C5200008D900242046F8BD2846FFF75DFF844265
:10C5300028BF0446224631462846FFF75EFFF1E752
:10C540002846BDE8F840FFF775BF00BF0000002097
:10C55000F8B50B4B1B78532B04460D46164601D0FD
:10C56000FFF796FFEFF311874FF0200181F3118859
:10C57000324629462046FFF7BFFF87F31188F8BDF2
:10C580000000002038B5054608460C4612F0F8F8C1
:10C59000214602462846BDE83840FFF7D9BFFFF7DD
:10C5A00077BF826810B504464068531C834205D8A3
:10C5B00020688154A360E3680133E360D4E9013269
:10C5C0009A420BD121682069FFF7C2FFA368984205
:10C5D00015BF4FF0FF330023E360A36010BD0000E0
:10C5E0002DE9F84F9946DDE90A4316460546884687
:10C5F0000A464FF0010AB24212D2CA4538BFCA46B3
:10C6000013F0010B01D184B90024EB68002B3DDB52
:10C610000127B9F1010F1FD909F1FF397743F8E775
:10C620000AF1010AB2FBF6F2E5E79B0712D5B9F170
:10C63000000F0CBF30272027A245E6D239462846F6
:10C64000FFF7AFFFEB68002B04F1FF34DDDB002CBC
:10C65000F2D1D9E72027EFE7B8FBF7F39E42DDD907
:10C66000DFF84890B8FBF7F3284619F8031007FBEA
:10C670001388FFF796FFEB68002B03DBB7FBF6F39D
:10C68000B74205D2BBF1000F00D064B9BDE8F88F06
:10C690001F46E7E720212846FFF783FFEB68002BC2
:10C6A00004F1FF34F2DB5445F4D8EFE7F15F020008
:10C6B0002DE9F04F00239BB00D464021CDE9061334
:10C6C000CDE908300DF1280A03901646CDF814A0E4
:10C6D00015F8011B39B9089D002D00F32C8108982D
:10C6E0001BB0BDE8F08F252940F0CC804FF0000B47
:10C6F000294611F8013B2D2B18D012D8232B1CD022
:10C700002B2B17D00024294611F8013BA3F1300050
:10C71000092815D80A2202FB0433A3F130040D4680
:10C72000F1E7302BEED14BF0020B01E04BF0010BA7
:10C730000D46DDE74BF0040BFAE74BF0080BF7E78B
:10C740002E2B39D16B782A2B21D13368191DD3F8C0
:10C750000090316002350127284610F8011B01F0D6
:10C76000FB0CBCF1680F0546F7D078290BD86F2970
:10C7700026D8632900F082803AD8252900F08280EB
:10C78000582900F0AE80089B002BA1DAA3E74FF0F8
:10C7900000090D464F464FF00A0C284610F8011BC1
:10C7A000A1F1300EBEF1090FD6D80CFB0911A1F191
:10C7B000300905460127F0E74FF000094F46CBE767
:10C7C00070390829DFD801A050F821F027C90000EE
:10C7D00087C7000087C70000F3C8000087C70000B4
:10C7E000D1C8000087C7000087C70000E3C8000069
:10C7F0006429C8D131680F68081D87EAE771306085
:10C80000A1EBE7714FF001080A2009293EDCC84579
:10C8100038BFC8462CB1002F02DB1BF0040F00D03C
:10C82000013C1BF0020F02D0B9F1000F04D01BF045
:10C83000010F01D17CBB002408990029A3DB002F44
:10C8400035DA7F422D2105A8FFF7ABFE08990029B4
:10C8500099DB0BF00301022904D1B9F1000F01D1DA
:10C8600054BB0024089900298DDBCDE9004B4B46D1
:10C870000A22394605A8FFF7B3FE84E733681A1D7C
:10C880001978326005A8FFF78CFE7CE708F10108F3
:10C89000B1FBF0F1B9E74445CED9202105A8FFF757
:10C8A00080FE0899002904F1FF34C3DAC4E71BF0C5
:10C8B000040FCED02B21C6E74445D3D9302105A89B
:10C8C000FFF76FFE0899002904F1FF34C8DAC9E7C1
:10C8D0003168081D3060CDE9004B4B460A220968DB
:10C8E000C8E73168081D3060CDE9004B4B46102287
:10C8F000F5E73268111D316014680CB9134C00273C
:10C9000014F8011B00293FF43EAF1FB1B9F1000F2D
:10C910003FF439AF05A8FFF744FE089A002A09F151
:10C92000FF39EDDA2FE731680B1D33600022082351
:10C93000CDE90032DBE7079C24B10398224651463B
:10C94000FFF706FE2C440894C9E600BF133102002D
:10C950000EB403B503AB01AA53F8041B0193FFF710
:10C96000A7FE02B05DF804EB03B07047044903462C
:10C97000184613F8012B12B18A5C1207F8D47047DD
:10C9800005D102002DE9F047DFF83C90DFF83CA02C
:10C990000E4604460027A04614F8015B5DB126B19F
:10C9A0002946304610F0E6FE28B93FB129464846F0
:10C9B00010F0E0FE10B14046BDE8F0871AF80570AF
:10C9C00007F00807E7E700BF1A31020005D10200AF
:10C9D00010B5044611F0D4FE0749231800209C42EC
:10C9E00004D213F8012C8A5C120701D4204610BD32
:10C9F00003F8010DF3E700BF05D102002DE9F04F68
:10CA0000D1B0CDE9010190460021322204A8994617
:10CA100011F022FF3222002111A811F01DFF002584
:10CA20002F461EAE029A019BC8213046984718B97E
:10CA3000284651B0BDE8F08F0137012F0BD19DF88A
:10CA40007830EF2B07D19DF87930BB2B03D19DF8BF
:10CA50007A30BF2B2AD03046FFF7BAFFFFF786FFA8
:10CA600003780393194604463D4810F083FE039B68
:10CA700082460028D6D19DF84420D2B1002BD1D0D7
:10CA8000B44269D901462046FFF77CFF03780BB119
:10CA900080F800A02046FFF79BFF234611AA04A9B7
:10CAA0004846C0472843BDD13D46BBE70DF17B005A
:10CAB000D2E75B2B17D12B49601CFFF763FF03788C
:10CAC0005D2B45D10023037004A914F8012F22B176
:10CAD0000133312B01F8012BF7D104A90022CA54EC
:10CAE0008DF844209EE7002B9CD01F492046FFF77D
:10CAF00049FF02783D2A034601D03A2A28D19A46B6
:10CB00004FF0000B0AF801BB2046FFF761FF5946C2
:10CB100004465046FFF736FF02780AB180F800B0AD
:10CB20005046FFF723FF0390FFF752FF039B11A826
:10CB30000022A15C21B10132312A00F8011BF8D199
:10CB400002F5A0726A44002102F8FC1C2246A6E706
:10CB5000002D7FF467AFA7E75B2BC6D1ABE700BF23
:10CB60001C310200523302001F310200F0B5CF0821
:10CB70004C0718BF0137A3B1B42B12D016460D468F
:10CB8000094C2181BDF81410A181E3810221002309
:10CB900020606281E1826782A2822382A680E58092
:10CBA000F0BD0E461546EBE700990020014B1860DA
:10CBB000704700BF00990020434B30B49C888442EA
:10CBC00002D3DC888C4203D230BC404811F092BCC6
:10CBD000DC89B42C1AD004D88CB15A2C0AD030BCC1
:10CBE0007047B4F5877FFAD15C89013C241A084666
:10CBF000A1B204E01C89013C641A0146A0B21C8A5F
:10CC0000032CECD8DFE804F00F0B2D291C89013C24
:10CC1000201A5C89013C611A80B289B2EFE71C8955
:10CC2000013C201A80B21C898442CDD35C898C429D
:10CC3000CAD3DC8A022C1ED15D8AC0F3CF0401FB6B
:10CC400005411C6800F00700635C7AB96FF0800250
:10CC500042FA00F003406354C1E71C89013C201AEA
:10CC600080B25C89013C611A89B2DCE7802242FA19
:10CC700000F00343EFE7042C13D15D8AC0F38F0467
:10CC800001FB05411C6800F00300655C40006FF08B
:10CC9000C003034102F003022B40920102411343FF
:10CCA000D9E7072C9BD15D8AC0F34F0401FB0541F6
:10CCB0001C6800F00100655C80006FF0F003034128
:10CCC0002B401201EAE700BF009900202231020048
:10CCD0002DE9F74FDFF8F0801746B8F804208242BC
:10CCE0001C4606469DF830300D4603D3B8F80620A2
:10CCF0008A4211D2314811F0FDFBB8F804203048C7
:10CD0000314613F059FFB8F806202E48294603B0E3
:10CD1000BDE8F04F13F050BF012B49D14FEA440852
:10CD200008F1FF384FF00009031B0FFA89FBC345D8
:10CD30001FFA89F022DB03B0BDE8F08F06EB0B0190
:10CD400005EB020C091BACEB040C51EA0C0112D4EC
:10CD5000291B11FA82F11FFA82FA89B23A4601932D
:10CD60000090FFF729FFDDE900030AF1010A0FFA3D
:10CD70008AF24245E2DB09F10109D6E718440022B4
:10CD800080B2F6E706EB080A4FF000091FFA8AFAAC
:10CD900005EB09013A4689B2504609F10109FFF74E
:10CDA0000BFF4C45F4DC08F101084445EADCC2E71E
:10CDB0004FF000084D1E461EF7E700BF403102004D
:10CDC000783102009C310200009900202DE9F04FDB
:10CDD0008BB01F46BDF8503008939DF85430039334
:10CDE0009DF858300493384B16469A8882428B46F9
:10CDF00006D3DB888B4203D3B24201D3BB4205D2B8
:10CE000032480BB0BDE8F04F11F074BBA6EB000840
:10CE1000A7EB0109B8F1000FB8BFC8F10008B9F1DC
:10CE2000000FB8BFC9F10009C9F100030593B04272
:10CE30002CBF4FF0FF3301230693B9422CBF4FF0B4
:10CE4000FF3301230793A8EB09050024049B04F199
:10CE5000010A012B5FFA8AFA29D10323BAFBF3F402
:10CE600004EB4404AAEB040414F0FF041FD1049B58
:10CE70000093FF22039B09905946FFF729FF059B6A
:10CE80000998B3EB450F09DC86421AD0069BA5EB47
:10CE900009051844B8EB450F80B2D7DB5F4510D0C9
:10CEA000079B0BEB030145441FFA81FBCEE70123EF
:10CEB0000093089A039B09905946FFF709FF5446CF
:10CEC000DDE70BB0BDE8F08F00990020C131020012
:10CED0002DE9FF471F462D4BBDF83080B3F804C045
:10CEE0009DF834909DF838A0844506460C461546BA
:10CEF00006D3DB888B4203D3944501D3BB4205D2D2
:10CF0000234804B0BDE8F04711F0F4BABAF1000FBD
:10CF100013D04FF0000ABC4202D304B0BDE8F08742
:10CF200023462146CDE9019ACDF800802A463046B5
:10CF30000134FFF74BFFA4B2EDE70B46CDE9019AB0
:10CF4000CDF80080FFF742FF3B463246214630468F
:10CF5000CDE9019ACDF80080FFF738FF23462A4635
:10CF600039462846CDE9019ACDF80080FFF72EFF1B
:10CF70003B46324639462846CDE90D9ACDF83080F9
:10CF800004B0BDE8F047FFF721BF00BF00990020C3
:10CF9000433202002DE9F04F85B01C46BDF8383011
:10CFA0000193BDF83C3002932D4B0E469988814287
:10CFB000054602D3DB88B34205D22A4805B0BDE856
:10CFC000F04F11F097BAA18811F0070318BF0123A1
:10CFD00003EBD103E188203A4A4321684FF000086F
:10CFE00002FB031AE2881FFA88F7BA4232D805B06A
:10CFF000BDE8F08F80239AF8002000F0070B43FA79
:10D000000BF1029B0A404FF6FF718B421AD132B1ED
:10D01000F1192844019A89B280B2FFF7CDFDBBF126
:10D02000070F08BF0AF1010A09F10109A2881FFAD6
:10D0300089F09042DED3530718BF0AF1010A08F1C4
:10D040000108CFE7284480B212B1019A0399E4E7BE
:10D05000029AFBE7F21993B24FF000090393E5E758
:10D0600000990020F83102002DE9F04FDFF88090A0
:10D070008846B9F8041085B08142BDF838A0BDF8E3
:10D080003CB007460CD3B9F80610414508D3561EEC
:10D090004446054616F8012F42B905B0BDE8F08FA9
:10D0A000124805B0BDE8F04F11F024BA9888B9F8DD
:10D0B00004C0D988039328446045C8BF6418B9F8F0
:10D0C0000600C8BFA4B22144C8BF3D468142C4BFC8
:10D0D0003D4644462846CDE900AB2146FFF75AFFBE
:10D0E000039B9A882A4495B2D4E700BF2F320200EE
:10D0F00000990020F0B50B4C0023A18A9AB291420E
:10D100000DD8F0BD91B205FB06112568475C6F5440
:10D110000132658A91B28D42F4D80133EDE70022E5
:10D120009EB2F6E7009900202DE9F04F85B01D462C
:10D1300001924FEAD5086A07BDF838B09DF83C3037
:10D140000746894618BF08F1010800245C4526D22D
:10D15000019AA118002608FB047A89B215E0C208DA
:10D1600000F0070C1AF8022002FA0CF202F080021A
:10D170008BB1B2FA82F25209484480B20393029111
:10D18000FFF71AFDDDE902130136AE42B0B2E6D177
:10D190000134A4B2DAE7003A18BF0122ECE705B087
:10D1A000BDE8F08F0048704798AB002000487047FA
:10D1B0001899002007B5002000905A234FF494726C
:10D1C0008021FFF7D3FC4FF49452FF21054811F062
:10D1D00043FB05484FF49452FF2103B05DF804EB84
:10D1E00011F03ABB1899002098AB00202DE9F041CE
:10D1F0001F463C4BDFF8F0809B6940450CBF03F4B1
:10D20000807303F4007304460E4615467BB900F0A4
:10D210005FFDB0FBF5F2B2F5803F50D3012340F63D
:10D22000FF7101338B420CD14FF6FF750EE0FBF717
:10D230000DFB444502D100F039FCEAE700F062FC46
:10D24000E7E7B2FBF3F5B5F5803FEAD205FB03F261
:10D25000013B6361B0FBF2F06B1E012206FA02FE95
:10D26000626023634FF0031303FA0EF30EF1100113
:10D270004FF0020CDB430CFA01FC143617B37D436C
:10D280006427B5FBF7F5013D44F82650D4F8B050BB
:10D290001D40C4F8B050D4F8B05002FA01F129434F
:10D2A000C4F8B010D4F8B4201340C4F8B430D4F8A3
:10D2B000B43043EA0C03C4F8B430BDE8F08115463D
:10D2C0000123C3E744F82670D4F8B0101940C4F81D
:10D2D000B010D4F8B01002FA0EF20A43C4F8B0202D
:10D2E000E0E700BF0002004000A005400123036208
:10D2F0007047036A23F0010303627047D0F8D83007
:10D300000B43C0F8D8307047D0F8D83023EA010377
:10D31000C0F8D830704700002049DFF888C02DE9F8
:10D32000F041441A61426141DFF87CE01C4E034643
:10D3300049004FF08055012763451FD0734514BF46
:10D340000A4601221C68186820F00E001860186A4E
:10D3500010F4004004F00E0412D116F81280B8F157
:10D36000000F0DD106F812701A68022842EA040272
:10D370001A6001D1013DDFD1BDE8F0810022E1E773
:10D38000D3F88000000406D406EB4202507810B9AE
:10D3900057700120E8E70220E6E700BF00200A40BE
:10D3A00018BE002000000A4000100A4030B54D1C95
:10D3B00001FB00040D4894FBF0F4641914D0092C0F
:10D3C00028BF08241C600C1B102C83BF10201039B0
:10D3D0001060146088BF19601B684FF47A72EB1AF2
:10D3E000534393FBF5F030BD0124EBE718FCFFFF3E
:10D3F000012910B51BD8104B984219D003F5805362
:10D40000984217D003F58053C21A534253415B0030
:10D410000268046824F00E040460084C04EB430323
:10D4200000245C54016802F00E030B43036010BD3E
:10D430000023EDE70123EBE700000A4018BE0020BF
:10D440000268064B22F041021B6802600268D207A4
:10D4500000D47047002BFCD0013BF7E7E41100201B
:10D460000F2994BFD0F82021D0F824214FF00103D8
:10D4700088BF103903FA01F0104070472B4B10B5EC
:10D480001C680023026A12043DD443680A6823F032
:10D49000080343608B68002A3BD1026341F6FC72AB
:10D4A00002EA830343634B68002B39D0436B43F498
:10D4B00000534363836B0A7B23F00F03134383639F
:10D4C000B1F80D30C363B1F80F300364B1F8113017
:10D4D0004364B1F813308364036A23F400430362A6
:10D4E000036A13F400431FD1026A42F4004202624D
:10D4F0000F4A016A090402D501339342F9D1981AFF
:10D5000018BF012010BD01339C42BBD24FF0FF3049
:10D51000F8E79AB2C3F30C43026343F48043C1E7D4
:10D52000436B23F40053C4E70020EBE7E411002031
:10D53000FFFF0F000346D0F8980010F4004010B52C
:10D540003AD05A6822F010025A603322C3F884207D
:10D55000D3F8942012F480422FD10A60D3F894209B
:10D56000C2F38A028A60D3F8942082F40052C2F394
:10D5700040324A60D3F8982002F00F020A73D3F8C1
:10D580009C204A73D3F89C20120A8A73D3F8A020F7
:10D59000CA73D3F8A020120A0A74D3F8A4204A74DC
:10D5A000D3F8A420120A8A74D3F8A820CA74D3F836
:10D5B000A8301B0A0B75012010BD0122D3F894403E
:10D5C0000A60034AD3F8900002EA04420243C9E722
:10D5D0000000FF1F2DE9F0410E469DF8187005462A
:10D5E00090461C46FFF798FE0228014635D060237E
:10D5F00003FB0053F3225A62B8F1000F22D141F627
:10D60000FC7202EA840242F40042C3F830805A639A
:10D61000602303FB01524FF4A0509063906BCFB195
:10D6200040F0800003FB0153906301360022DA636F
:10D6300028461A645A649A641E62FFF7D9FE0120D4
:10D64000BDE8F081A2B2C4F30C4444F440441A6330
:10D650005C63DDE720F08000E4E70020F0E70000F5
:10D660002DE9F0411C462F4B05461E680F4690469B
:10D67000FFF7F6FE10B90020BDE8F0812846FFF75D
:10D680004BFE02280146F6D06B6823F010036B6056
:10D690006023B8F1000F03FB01530CBF7B207F20F8
:10D6A0000137586276001F62186A020428D45A6B48
:10D6B00012F480422DD15B6B2260C3F38A03A36016
:10D6C000602303FB015328469A6B02F00F0222737A
:10D6D000DA6B6273DA6B120AA2731A6CE2731A6C59
:10D6E000120A22745A6C62745A6C120AA2749A6CEE
:10D6F000E2749B6C1B0A2375FFF77AFE0120BBE7DF
:10D700002EB92846FFF774FE4FF0FF30B4E7013E14
:10D71000CAE70122586B22601A6B034B03EA0043ED
:10D720001343CCE7E41100200000FF1F2DE9F04F68
:10D73000412387B0036000260546CDE904660C4608
:10D74000FBF784F8534B9D4204D003F500539D42F0
:10D7500040F08C80504B5B6B03F0070301229A4032
:10D76000D3174E49086800210FF06EFB4C4B9C42CA
:10D77000CDE9010100F285804A4B9C4200F2828093
:10D78000494B40F26B369C4288BF4FF448764FF4C9
:10D790007A730027DFF81CB103934FF0310900972B
:10D7A0004FEA59020023DDE9010102F1010A02FBFF
:10D7B00004420FF049FB09F00108804408F1FF33EF
:10D7C000B3F5806F25D208FB0AF2DDE90101D3171A
:10D7D0000FF03AFBA4EB000ABAF1000FB8BFCAF190
:10D7E000000ADA4515DC84424FEA690B4DD105ABDE
:10D7F00004AA59463046FFF7D9FD039A331A48BFA9
:10D80000831B934243DC03934746CDF800B02BB112
:10D81000D34609F1FF39B9F1050FC1D1009905AB24
:10D8200004AA3046FFF7C2FDDDE90441631E481E2D
:10D830001B0243EA0033081E18BF01207A1E43EA88
:10D84000801302F03F000343C2F38312EB602846CB
:10D85000AA612144FFF7F4FD01FB0772D317DDE94C
:10D8600001010FF0F1FA07B0BDE8F08F0F4B9D42B8
:10D8700004D1094B5B6BC3F302136FE701223346FC
:10D880006FE70B4C40F2EE2681E75346BCE74FF0C2
:10D89000000BBEE700000A4000020040E411002037
:10D8A0003F420F0000350C0020A1070000100A4085
:10D8B00040420F0000CA9A3B38B515460446FFF7B0
:10D8C00035FF012D05D1236843F080032360042335
:10D8D000636138BD70B50E4605461446FFF71CFD62
:10D8E000022801463ED0602303FB00532068F32248
:10D8F0005A62A26860BB186341F6FC7000EA8202BB
:10D9000042F420425A636268602303FB01532AB346
:10D910005A6B42F400525A63602303FB0153B4F87C
:10D920000D20DA63B4F80F201A64B4F811205A6499
:10D93000B4F813209A64227B42F4084242F0800239
:10D9400001369A6328461E62FFF752FD012070BD22
:10D9500090B2120C186342F46042D3E75A6B22F47F
:10D960000052D8E70020F2E7154B70B50D461E684F
:10D970000446FFF7D1FC022801461ED0636823F05D
:10D9800008036360602303FB00430C2201355A62E5
:10D990001D62186A020407D48420586220461D6262
:10D9A000FFF726FD012005E02EB92046FFF720FDF8
:10D9B0004FF0FF3070BD013EEBE70020FAE700BFFB
:10D9C000E4110020036801F00E0123F00E030B4365
:10D9D000036070472DE9F743044698464FF080579F
:10D9E000D6B2CDB24FF00109CDF800904346324691
:10D9F00029462046FFF7EEFD08B1012001E0013F76
:10DA0000F2D103B0BDE8F08338B543690D46016833
:10DA10000906044607D55B0705D51146FFF72EFD1D
:10DA200020EAE07038BD29462046FFF753FF002862
:10DA3000F8D029462046FFF797FF0120F2E730B4DF
:10DA40001346426905682D06044605D5520703D5DD
:10DA500030BC1946FFF76EBD2046012230BCC9B26A
:10DA6000FFF7FEBD38B505460C46FFF755FC02280A
:10DA700001464FF0600314BF0146002103FB015330
:10DA800001340C225A6228461C62BDE83840FFF778
:10DA9000AFBC0000034B1868034B10F0010018BF27
:10DAA0001846704700020040001BB70008B5FAF79F
:10DAB000CDFE124B12495A6B12F0070F01D10868C4
:10DAC00008BD5A6B086802F00702012A01D140081C
:10DAD000F6E75A6B02F00702022A01D18008EFE74D
:10DAE0005A6B02F00702032A01D1C008E8E75B6B1A
:10DAF00003F00703042B08BF0009E1E70002004020
:10DB0000E411002008B5FAF7A1FE124B12495A6B36
:10DB100012F0700F01D1086808BD5A6B086802F056
:10DB20007002102A01D14008F6E75A6B02F0700229
:10DB3000202A01D18008EFE75A6B02F07002302AE8
:10DB400001D1C008E8E75B6B03F07003402B08BF0E
:10DB50000009E1E700020040E411002008B5FAF7EF
:10DB600075FE014B186808BDE411002010F47F3FDA
:10DB700070B51ED04FF0804300F44024D3F8F45128
:10DB8000EDB2012D4FEA904328D1B4F5002F28D1F2
:10DB90001B4B1C4D00F01D041D2C18BF2B461C6890
:10DBA000C0F38725C0F34416B54024EA0504224398
:10DBB0001A6010F0606F10D0C0F3017303F180534E
:10DBC00084339B00C0F342641A68C0F3045004FA23
:10DBD00000F022EA00021143196070BDB4F5002F75
:10DBE00009D0B4F5402F08D003F0030303F18053AC
:10DBF00088339B00D3E7034BD1E7034BCFE700BF4C
:10DC0000280200402C02004030020040024A136803
:10DC100003431360704700BF00020040830F9B0066
:10DC200003F1804300F01F00D3F804120122824068
:10DC30000A43C3F804227047024A136C43F480334A
:10DC400013647047000200400B4B024618680B4BF0
:10DC500010B500210A4C19604008216D32EA01011B
:10DC600002D138B9012001E00138F6D14FF0FF327E
:10DC70001A6010BD0120FCE7E411002020BE002046
:10DC800000020040F8B5114C276D236843F00403EF
:10DC90000546236010200E46FFF7D6FF236943F0A8
:10DCA00007032361236A23F00F03334323622369AD
:10DCB00023F007032B432361FAF7C8FDFB065EBF81
:10DCC000236823F004032360F8BD00BF0002004076
:10DCD00082B0104B0193104B1B6C13F4A02F15D185
:10DCE0009A0315D40D4AC3F3080002305043C3F31E
:10DCF000813208326A44C3F3442312F8042C03FB34
:10DD00000222B0FBF2F0C00002B070470020FBE737
:10DD10000348F9E70102020400020040C0C62D00DA
:10DD2000001BB7002DE9F74FFFF786FF484B04466D
:10DD30001A680F46C8B942F001021A600120FFF7C5
:10DD400083FF0194434A444BBA189A4217D9404B77
:10DD5000002C7AD144F21E221A640420FFF774FFCB
:10DD600003B0BDE8F04FFFF7B3BF42F004021A6002
:10DD70001020FFF769FF4FF400230193E2E700262C
:10DD8000BE46354634464FF0FF330122032A3BD0CE
:10DD9000042A55D14FEA870E4FEA9E0802212F48E8
:10DDA000B0FBF1F92E48A9F5741CACF5106C844554
:10DDB00025D84FEA5900A34600904FEA400CA8EB43
:10DDC000400A99460224234B2648634483420BD8D9
:10DDD000E04534BFACEB080353464B4504D216462E
:10DDE0000D4663B1A3469946009B01349C44AAEBBF
:10DDF000030A40F202239C42E5D15C464B460131C6
:10DE0000212901D0002BCAD10132052A01D0002BD3
:10DE1000BCD10199A31E721E0B4343EA82336A1ED2
:10DE200043EA42230A4A04201364FFF70DFF7543B7
:10DE30000A48B0FBF5F06043400003B0BDE8F08F46
:10DE4000022A08BF4FEA470EA6E7074A84E700BF49
:10DE500000020040800F05FD8074D21A001BB7003D
:10DE600000093D00C06878041E4208001B4B70B5D5
:10DE70001B4C984228BF1846256D236843F00403C5
:10DE8000236006461020FFF7DFFE236943F00703F7
:10DE90002361236A23F00F0323622368DB0712D573
:10DEA00031460020FFF73EFF05F010040546002133
:10DEB0000220FFF7E7FE24B9094A136823F00403A0
:10DEC0001360284670BD31464FF40020FFF72AFF4B
:10DED000246D054604F01004E9E700BF00B0710BA3
:10DEE00000020040184310B50843054C40F0010003
:10DEF000A2602060236843F00203236010BD00BFCE
:10DF0000001003400C4B10B50C4C1A680023236022
:10DF1000036D23F480730365036D0B4343F001032A
:10DF20000365D0F81031DB0704D4013AF9D14FF082
:10DF3000FF33236010BD00BFE411002024BE002089
:10DF400000EB81001A43D0F8801021F4F81121F081
:10DF50003F01C0F88010D0F880100A43C0F880203C
:10DF600070470000024A136823F0010313607047F2
:10DF700000C000401549164A002310B50B6022234B
:10DF8000D3604FF400135360124B9360012313616D
:10DF9000114B0A201B68B3FBF0F39B00013B5C1C98
:10DFA0000ED0D2F8C000C00703F1FF340CD43BB14F
:10DFB000106810F0400006D0136843F0400313606F
:10DFC0004FF0FF30086010BD2346E8E728BE002070
:10DFD00000C0004003AA5500E411002018490023A6
:10DFE000B0F5001F10B40B6003D15DF8044BFFF7D0
:10DFF000C1BF144A2223D360012350601361124B26
:10E000000A201B68B3FBF0F39B00013B5C1C0ED0A5
:10E01000D2F8C000C00703F1FF340ED43BB1106842
:10E0200010F0400006D0136843F0400313604FF037
:10E03000FF3008605DF8044B70472346E6E700BFF9
:10E0400028BE002000C00040E4110020024A1368EE
:10E0500043F001031360704700C00040104A1149AB
:10E06000002310B50B60D3600123506013610E4B89
:10E070000A201B68B3FBF0F35B00013B5C1C06D07D
:10E08000D2F8C000C00703F1FF3404D42BB94FF01D
:10E09000FF30086010BD2346F0E79068FAE700BF44
:10E0A00000C0004028BE0020E411002010B5144C30
:10E0B000144A002323602123D36001235060916020
:10E0C0001361114B0A211B68B3FBF1F35B00013BA9
:10E0D000581C0ED0D2F8C010C90703F1FF300CD481
:10E0E0003BB1106C10F0400006D0136C43F04003BD
:10E0F00013644FF0FF30206010BD0346E8E700BF17
:10E1000028BE002000C00040E4110020F0B500232C
:10E110000126032706FA03F48C4309D104685D0045
:10E1200007FA05FC24EA0C0402FA05F52C43046006
:10E130000133102BEED1F0BD836910B501248C4062
:10E1400023EA0403140E8C4023438361C3694FF018
:10E1500001148C4022F07F4223EA040302FA01F109
:10E160000B43C36110BDF0B50023032621FA03F46D
:10E17000E40709D5046B5D0006FA05F724EA0704F5
:10E1800002FA05F52C4304630133102BEED1F0BDE8
:10E1900038B50E4B984204460D4614D1FFF7B2FC39
:10E1A0000A2202FB00F3AD00B3FBF5F30533B3FB2A
:10E1B000F2F35A1E2261226842F040029B00226064
:10E1C000B0FBF3F038BDFFF771FCE9E70010084041
:10E1D000154B98420ED14FF08043DA6842F48072BA
:10E1E000DA60DA6822F48072DA60036823F04003B0
:10E1F000036070470D4B984209D14FF08043DA68B5
:10E2000042F40072DA60DA6822F40072ECE7084B3C
:10E210009842EAD14FF08043DA6842F48062DA60D3
:10E22000DA6822F48062DFE700000840001008404E
:10E2300000200840436943F00103436170470368CD
:10E2400023F0800303607047036843F0800303609A
:10E2500070470000074B984210B5046906D1FFF7DC
:10E2600051FC0134A400B0FBF4F010BDFFF71EFC1C
:10E27000F7E700BF00100840022943EA420305D037
:10E28000032905D0012905D183617047C361704717
:10E29000036270474360704702294FEA420205D08B
:10E2A000032905D0012905D182627047C2627047F7
:10E2B0000263704742627047014B1860704700BFAD
:10E2C0002CBE0020034B1B689A695204FCD41868CA
:10E2D000C0B270472CBE002038B50C46204611460F
:10E2E00015460DF089FE0B4B1B6862190D219442F7
:10E2F00001D1284638BD98690002FCD420780A284C
:10E3000003D1196098690002FCD414F8010B18605D
:10E31000EDE700BF2CBE002008B5FFF7D3FF087063
:10E32000012008BD0E4B0F481A6800234168C9013F
:10E3300002D501339A42F9D24FF08041D1F8F4115D
:10E34000C80703D407494AF6651048600548416884
:10E35000C90300D5704701339A42F8D2704700BF15
:10E36000E411002000100440F8B5044600284FD006
:10E37000FFF7D8FFE269294B002A4AD15A6922F0F7
:10E3800001025A61236A022B02D1236914332361EB
:10E39000224EFFF7C7FFE368B361D4E901500A22B8
:10E3A000B5FBF2F702FB17552D02B0FBF2F3216823
:10E3B00002FB130045EA07350543A1F5FA6145EA7A
:10E3C0000315B1FBF2F302FB131145EA0355236970
:10E3D000B3FBF2F745EA0145D4E9050102FB173426
:10E3E000240444EA0754B1FBF2F702FB17110C4373
:10E3F000B0FBF2F344EA033402FB130344EA0324C0
:10E4000044EA0714FFF78EFF3561FFF78BFFF460D6
:10E41000F8BD5A6942F001025A61B9E700100440A0
:10E420000C4B0D491A680D4B10B519601C68012C76
:10E4300002D140B9002010BD196019680129F8D037
:10E4400022B1013AF9E7FFF78FFFF3E74FF0FF3012
:10E45000F1E700BFE41100205713EBA500100440C2
:10E4600070B50A251E46B2FBF5F305FB132444EAFA
:10E470000314A0F5FA60B1FBF5F305FB131144EAB0
:10E48000033444EA0124B0FBF5F305FB1300074D08
:10E4900044EA035406F0070644EA0044FFF742FF4B
:10E4A000AE61FFF73FFF2C6170BD00BF001004405C
:10E4B00070B51E461BB9049B022B08BF14300A25F9
:10E4C000B2FBF5F305FB132444EA0314B1FBF5F3A7
:10E4D00005FB131144EA033444EA0124B0FBF5F3CD
:10E4E00005FB1300094D44EA035444EA0044FFF7D6
:10E4F00019FF6B6936B923F001036B61FFF712FF57
:10E50000EC6070BD43F00103F7E700BF001004406A
:10E5100003460D4A0D480E49834208BF0A46D3F808
:10E52000201841F04001C3F82018D3F8200810F05B
:10E530004000FAD1D3F82C18090603D41178002929
:10E54000EDD10448704700BF38BE002000D0004025
:10E5500054BE00201001FFFF37B500230193104D7A
:10E56000104B114CC0F82428A84208BF1C46D0F814
:10E57000203823F47C5343EA012343F00103009342
:10E58000009BC0F82038D0F82038DB0702D401986F
:10E5900003B030BD2378002BF5D1044B0193F2E793
:10E5A00000D0004054BE002038BE00201001FFFF04
:10E5B00073B5C0F82428D0F820282A4E2A4C2B4DB9
:10E5C00022F47C5242EA012242F003020192019AB3
:10E5D000C0F82028B04208BF2C46F3B9D0F8203844
:10E5E0009A071ED523781BB1D0F82C38D903F5D55E
:10E5F0001F4807E043B9D0F8203843F48043C0F8FF
:10E600002038022002B070BD2278002AF0D0D0F865
:10E610002C28D60303F1FF33EAD4D0F8202895073D
:10E62000E8D4A37873B1D0F83428D0F83038D2B217
:10E63000552A07D003F00F03012B03D000230D4808
:10E64000A370DFE763782BB9D0F82C385B0707D5C8
:10E650000020D7E7002363700223C0F82C38F7E7C7
:10E660000548CFE700D0004038BE002054BE00204F
:10E670001001FFFF1901FFFF1601FFFF00BA7047ED
:10E6800070B50446204EC4F82428D4F820281F482A
:10E690001F4D22F47C5242EA012242F0110286B060
:10E6A000B44208BF2846C4F82028D4F8202812F025
:10E6B00010021ED1D4F82C18490722D501AD2E46E0
:10E6C000114654F82100FFF7D9FF0131052946F81A
:10E6D000040BF6D1181F0C33296855F8044F0902B2
:10E6E00041EA146140F8041F9842F5D1104606B083
:10E6F00070BD02781AB1D4F82C28D503D5D5054AB7
:10E70000F4E7054AF2E700BF00D0004038BE002021
:10E7100054BE00201001FFFF1601FFFF034637B56E
:10E72000C3F82428D3F820281B4D1C4C1C4822F485
:10E730007C5242EA012242F007020192019AC3F898
:10E740002028AB4208BF0446D3F82028900711D4F4
:10E75000D3F8200810F0040014D1D3F82C28520765
:10E7600018D5D3F82C3813F0080F0E4B08BF1846F5
:10E7700003B030BD22781AB1D3F82C28D503E3D5E5
:10E780000948F5E72278002AFAD0D3F82C28D103DB
:10E79000F6D4DDE70548EBE700D0004038BE0020A6
:10E7A00054BE00201701FFFF1001FFFF1601FFFFFD
:10E7B00070B54FF0804305460C4659261620882137
:10E7C000C3F80061C3F80001C3F80011D3F80021B9
:10E7D000002AF5D0B4F5C87F4F4A504B50485149F4
:10E7E00040D816681E6073075EBF136843F00403C9
:10E7F0001360494B85421A6927D102F440120A601E
:10E800001A6942F440121A61474B42F6E0621A60FC
:10E81000454B1A68B2FBF4F304FB132202B1013337
:10E82000B3F5807F3E4A28BF4FF48073013B954289
:10E830004FEA0363A2F54E4266D1116A21F07F418F
:10E840001162116A0B43136270BD02F440020A6048
:10E850001A6942F440021A61344B42F6E0621A60CF
:10E86000324BD6E71B68136085420B68116925D1CE
:10E8700021F4401119432C4E11613BB9FFF70AF9FD
:10E880004FF47A73B0FBF3F0306005E0B3F5401F4E
:10E8900008D142F6E06333604CF250339C4228BF0B
:10E8A0001C46B5E7B3F5801F02D1FFF711FAE7E781
:10E8B000B3F5001FF0D1FFF751F9E1E721F4400172
:10E8C00019431A4E11613BB9FFF7E4F84FF47A731C
:10E8D000B0FBF3F0306005E0B3F5400F08D142F62D
:10E8E000E06333604CF250339C4228BF1C46B7E7CC
:10E8F000B3F5800F02D1FFF7EBF9E7E7B3F5000FAF
:10E90000F0D1FFF72BF9E1E7D16A21F07F41D16225
:10E91000D16A0B43D36297E70002004034BE002067
:10E9200000D0004030BE002074C2002070C2002021
:10E930000246184B18481949824208BF1946D2F8B6
:10E94000283858000AD5D2F82C38DA0302D500202E
:10E950000870704701230B7001207047D2F82838E7
:10E960005B00F9D4D2F8203843F08003C2F8203895
:10E97000D2F82C0810F4803014BF012303460B702A
:10E9800018BF1846D2F8203823F08003C2F8203888
:10E99000704700BF54BE002000D0004038BE0020A9
:10E9A0002DE9F043874B884A884D044689B04FF4DF
:10E9B0009671904208BF1D46FFF7FAFED4F8203842
:10E9C00043F02003C4F82038D4F8202812F02002A5
:10E9D00032D111462046FFF7BFFD4FF4805301931B
:10E9E000019E002E30D17A4B03930127039BAF7019
:10E9F00040F2551208212046FFF7DAFD0190019BF5
:10EA0000002B38D1039BDFF8CC81324637212046DA
:10EA1000FFF7CEFD039B6F706E4A6F4F2921204692
:10EA2000FFF7C6FDD4F8303813F400020FD05902B6
:10EA300000F1B280022355E02B78002BC4D1664E42
:10EA4000304609B0BDE8F083019B013BC7E7039B5B
:10EA500037212046FFF7ACFDB842F0D001236B70A0
:10EA60004246039B29212046FFF7A2FDB842E6D08B
:10EA7000D4F83038D8E7324631462046FFF76CFDEF
:10EA80004FF480730193019F002F43D1039B3A46BB
:10EA900037212046FFF78CFD0190019B022B4FD1BF
:10EAA0003A4639462046FFF757FD4FF480730193ED
:10EAB000DDF80480B8F1000F2FD10127039B454AF0
:10EAC0006F7039462046FFF773FD022834D0D4F822
:10EAD0003038DFF80081DFF800911A0220D55B02A0
:10EAE0005CD403231F466B60002204AB0221204646
:10EAF000033FFFF7C5FD012F4FF0000350D84FF43F
:10EB0000803203212046FFF753FD0290002856D0A3
:10EB1000029E95E7019B013BB4E7019B013BC6E7E1
:10EB2000039B6F70424601212046FFF741FD484597
:10EB300085D0D4F83038D0E7284EC5F804807FE778
:10EB4000019B33BB0123264A6B702921039B224F73
:10EB5000DFF88C802046FFF72BFDD4F8302812F424
:10EB600000027FF467AF039B37212046FFF720FDAB
:10EB7000B8423FF464AF01236B704246039B2921E6
:10EB80002046FFF715FDB8423FF459AFD4F83028BE
:10EB9000E5E7144E6F6053E70123A3E70423A1E7E1
:10EBA0001A4603212046FFF703FD02900028AFD14B
:10EBB000D4F830280C4B03EA0223AB6040E74FF453
:10EBC0008033FAE754BE002000D0004038BE002059
:10EBD000FFFF0F000080FF401001FFFF1101FFFF4A
:10EBE0000080FF001501FFFF0000FFFFF7B50023C5
:10EBF0008D6901933F27C0F80854194AC0F8387846
:10EC00000E4606210446FFF789FD019010B1012050
:10EC100003B0F0BD2B88002BF9D0AB8B002BF6D1C5
:10EC2000C4F808540F4AC4F8387806212046FFF784
:10EC300075FD01900028EAD1D4F8203843F0400354
:10EC4000C4F82038D4F820385B0604D42888B0FAF9
:10EC500080F04009DCE73378002BF3D10248D7E796
:10EC600001FFFF0001FFFF801001FFFF73B5634A42
:10EC70006349644D884208BF15460023AA68019382
:10EC800007210446FFF794FC019010B1019802B0EF
:10EC900070BD2046FFF73CFC034601900028F5D1EB
:10ECA0006E68012E6FD1AB69C4F808340723C4F82D
:10ECB0003838D4F8003443F00203C4F80034D4F8F0
:10ECC000003413F00203FAD1AA6837212046FFF777
:10ECD0006FFC024601900028D8D133212046FFF76F
:10ECE0001DFD01900028D1D1AB691B7803F00F0303
:10ECF000022B0BD129462046FFF778FF0190019B9C
:10ED000023B94CF250312046FFF752FD0023AA6888
:10ED100037212046FFF74CFC034601900028B5D16F
:10ED2000022206212046FFF743FC01900028ADD1C6
:10ED3000D4F8203843F40043C4F820384FF400726C
:10ED4000002310212046FFF733FC024601900028E3
:10ED50009CD140F2FF13C4F8383807212046FFF752
:10ED6000FBFBD4F8203843F04003C4F82038D4F833
:10ED7000200810F040003CD1D4F8283843F00103BB
:10ED8000C4F8283883E7022E19D1AA69C4F80824E8
:10ED90000722C4F838283721AA682046FFF708FC64
:10EDA0000246019000287FF471AF33212046FFF71F
:10EDB000B5FC0346019000287FF468AFA7E7F31E77
:10EDC000012BBBD8032E08BFD4F820380E4A04BF4D
:10EDD00023F40043C4F82038062100232046FFF71F
:10EDE000E7FB019000287FF451AF2046FFF790FB2E
:10EDF0009BE72B78002BBAD1044848E754BE00208B
:10EE000000D0004038BE00200001B7031001FFFF12
:10EE10007FB5464A464B474C904208BF1C460921E5
:10EE2000A6686B4632460546FFF72AFC63680098E1
:10EE3000033B012B59D800F04040B0F1404F40D186
:10EE40003246002307212846FFF7B2FBA669C5F822
:10EE5000086440F2FF130022C5F83838082128461C
:10EE6000FFF75CFC024608BB07212846FFF774FB4E
:10EE7000D5F8203843F04003C5F82038D5F82038BD
:10EE80005B0619D496F8D7301B06E36096F8D620B7
:10EE900043EA0243E36096F8D52043EA0223E360A5
:10EEA00096F8D4201343E3605B0823614FF40073AA
:10EEB0006361002004B070BD2378002BDED11E48B2
:10EEC000F8E7DDE9011240F6FC7303EA810343EA47
:10EED0009273C2F3C232013302329340C1F3034151
:10EEE0008B409A0A22615B0A0DE0B0F1804FDDE9A8
:10EEF00001310AD31B0403F47C1343EA11430133A9
:10EF00005A0222619B02E360D0E740F6FC7202EAFB
:10EF1000830242EA9172C1F3C231013202318A4066
:10EF2000C3F3034302FA03F3DBE700BF00D0004062
:10EF300054BE002038BE00201001FFFF38B5022368
:10EF400004460D46C0F80034D4F800349907FBD4C9
:10EF50000123C4F800340323C4F80038D4F800189F
:10EF600011F00101FAD11D4B9C4228D11C4B01220A
:10EF70009A601C4B182218460FF06EFC1A4A034682
:10EF80009A610223C4F80038D4F82838AA054CBF87
:10EF900023F0804343F08043C4F82838D4F828385D
:10EFA00043F48073C4F82838D4F8203843F48043FD
:10EFB000C4F82038D4F820385B04FBD438BD0B4BA0
:10EFC0009C42DED1064B4FF080629A60084B1822BB
:10EFD00018460FF041FC074A0346D1E700D0004035
:10EFE00000E100E054BE002070C0002000E00040BE
:10EFF00038BE002070BE0020002310B5C0F80438D1
:10F00000D0F8203823F07063C0F82038D0F82038CA
:10F0100043F01063C0F82038D0F8203823F47F0381
:10F02000C0F82038D0F8203843F48033C0F82038B6
:10F03000D0F8203823F40043C0F820380446FFF706
:10F0400077FC08B9104810BD2046FFF7A9FC00283E
:10F05000F9D10E4B5B68032B03D00D4B5B68032B80
:10F060000ED144F620612046FFF7A2FB2046FFF7B1
:10F07000CFFE0028E6D12046BDE81040FFF7F6BDE0
:10F0800046F2A811EFE700BF1001FFFF54BE0020B9
:10F0900038BE00202DE9F041634D86B08846174602
:10F0A0006249634A1E46002304460193884208BF12
:10F0B0001546002E00F0B680AA680721FFF778FAFF
:10F0C000059008B1059870E02046FFF721FA0590F9
:10F0D0000028F7D140F2FF13C4F838386B68012BD1
:10F0E00002D0042B18BF7F020022C4F82478FF232B
:10F0F000C4F80884B6FBF3F3049303920399049BCA
:10F1000099422BD3FF23B6FBF3F3C3EB0323F61A89
:10F110000496049B002B55D100231A460C2120464F
:10F12000FFF746FA002834D12046FFF7F1F90246EE
:10F1300005900028C6D107212046FFF70DFAD4F824
:10F14000203843F04003C4F82038D4F8200810F0E9
:10F1500040002AD02B78002BF7D125E0EA70D4F8B4
:10F16000203823F47C530293029B43F47F030293E1
:10F17000019B83B9029B43F4905343F00703C4F807
:10F18000203801230193EB785BB1D4F82C38580771
:10F190000ED4284809E0029B43F00403C4F8203849
:10F1A000F1E72B78002BEED1234806B0BDE8F081C3
:10F1B000D4F82C38190701D42048F6E7039B013313
:10F1C00003939BE70023EB70D4F8203823F47C539F
:10F1D0000293029B23F47F030293049A029B43EA67
:10F1E00002430293019B9BB9029B43F4905343F06B
:10F1F0000703C4F8203801230193EB7873B1D4F8E6
:10F200002C385A07C5D5D4F82C381B0784D4D3E73B
:10F21000029B43F00403C4F82038EEE72B78002B60
:10F22000EBD1C1E70648C0E738BE002000D000405F
:10F2300054BE00201601FFFF1001FFFF1701FFFF62
:10F240001301FFFF2DE9F041614D86B08846174656
:10F250006049614A1E46002304460193884208BF64
:10F260001546002E00F0AF80AA680721FFF7A0F92D
:10F27000059008B1059895E02046FFF749F90590FB
:10F280000028F7D140F2FF13C4F838386B68012B1F
:10F2900002D0042B18BF7F0200225049C4F8247802
:10F2A000FF23C4F80884B6FBF3F304930392039896
:10F2B000049B98424DD3FF23B6FBF3F3C3EB032328
:10F2C000F61A0496049BFBB10023EB70D4F82018C7
:10F2D000049AA3F57F03A3F57E530B4043EA024350
:10F2E0000293019B002B64D1029B43F4C85343F06B
:10F2F0000B03C4F8203801230193EB78002B5ED078
:10F30000D4F82C389B073ED40223C4F82C380023B1
:10F310001A460C212046FFF74BF9002855D120460C
:10F32000FFF7F6F8024605900028A3D107212046F2
:10F33000FFF712F9D4F8203843F04003C4F820381E
:10F34000D4F8200810F040002CD02B78002BF7D1F7
:10F3500027E0EA70D4F820380B400293029B43F474
:10F360007F030293019B9BB9029B43F4C85343F074
:10F370000B03C4F8203801230193EB7873B1D4F860
:10F380002C38980711D502231548C4F82C3809E009
:10F39000029B43F00803C4F82038EEE72B78002BDB
:10F3A000EBD1104806B0BDE8F081039B0133039315
:10F3B0007DE7029B43F00803C4F820389DE72B78D3
:10F3C000002B9AD1EDE70848ECE70848EAE700BFD0
:10F3D00038BE002000D0004054BE002080C000FF96
:10F3E0001801FFFF1001FFFF1301FFFF1601FFFFD0
:10F3F0002DE9F8439946036E089F23F00103036645
:10F40000B9F1200F164608BF4FF0000904460D461B
:10F41000FEF7A4FB694B804646EA0922002D40F026
:10F420009D8042F00102B842A56022605FD89C42F4
:10F43000634B11D19A6922F0300242F020029A61A6
:10F440005F4B9A6912F0300F5AD15E48B84567D8C1
:10F4500000236360BDE8F8835B4A944217D19A6940
:10F4600022F0C00242F080029A61554B9A6912F074
:10F47000C00FEAD09A6902F0C002402A45D09B69C9
:10F4800003F0C003802BE0D1FEF710FBDEE74F4A0C
:10F4900094429A6915D122F4406242F400629A6162
:10F4A000474B9A6912F4406FCFD09A6902F44062D8
:10F4B000B2F5806F29D09B6903F44063B3F5006F08
:10F4C0002AE022F4405242F400529A613C4B9A697D
:10F4D00012F4405FB9D09A6902F44052B2F5805FED
:10F4E00013D09B6903F44053B3F5005FCBE79C4214
:10F4F000A6D0354B9C42B8D0344B9C42E6D1CFE7E6
:10F500009A6902F03002102A02D1FEF7E1FB9DE772
:10F510009B6903F03003202B97D1FEF7F3FA95E7B0
:10F52000B84295D93FB963686FEA53236FEA432322
:10F530006360000A8EE70A2202FB00F3B3FBF7F3D5
:10F540000533B3FBF2F3591EFF29ECD8B0FBF3F0FF
:10F5500062686FF308020A4362607BE7154300218B
:10F5600045F001059C42A160154B2560616009D101
:10F570009A6922F0300242F020029A61BDE8F84315
:10F58000FEF7C0BA104A944209D19A6922F0C0022B
:10F5900042F080029A61BDE8F843FEF787BA0B4A51
:10F5A00094429A6904D122F4406242F40062E4E792
:10F5B00022F4405242F40052ECE700BF0010064033
:10F5C00000020040001BB70000200640003006404B
:10F5D000036943F4807303617047036943F4007364
:10F5E00003617047836823F00D0313430B4343F01B
:10F5F0000803836070470369120642EA017223F030
:10F60000EE431A4302617047CA0742BF036843F4DE
:10F61000003303608B0742BF836843F480538360E9
:10F620004A0742BF836843F4005383600B0742BF1D
:10F63000836843F400738360CA0642BF836843F45F
:10F64000807383604B0642BF036943F0800303610C
:10F650000A0642BF036943F008030361CB0542BFBA
:10F66000036943F0040303618A0542BF036943F061
:10F67000200303614B0542BF036943F0100303619C
:10F680007047CA0742BF036823F4003303608B0747
:10F6900042BF836823F4805383604A0742BF836874
:10F6A00023F4005383600B0742BF836823F4007385
:10F6B0008360CA0642BF836823F4807383604B066D
:10F6C00042BF036923F0800303610A0642BF036956
:10F6D00023F008030361CB0542BF036923F0040351
:10F6E00003618A0542BF036923F0200303614B05D0
:10F6F00042BF036923F0100303617047CA0744BF88
:10F70000022343618B0744BF042343614A0744BF7C
:10F71000082343610B0744BF80234361CA0644BFEB
:10F72000402343614B0644BF4FF4002343618A05E5
:10F7300044BF4FF4006343614B0544BF4FF4805313
:10F7400043617047042907B5436A0FD1D86A01A9FC
:10F75000FBF7C1F9019B4BB14FF0E0234FF0805212
:10F76000C3F8042DBFF34F8FBFF36F8F03B05DF865
:10F7700004FB10B5044660B100F076F90023E06A9E
:10F78000C4E90833FBF762FBA06ABDE81040FBF751
:10F790005DBB10BD38B505460C4699B1302200213D
:10F7A00020460FF059F80120FBF72EF90322A06242
:10F7B00000210120FBF762F8A36AE06223B920462A
:10F7C000FFF7D7FF002038BD0028F8D0044B646253
:10F7D00023622146284600F001F90028F3D1EEE724
:10F7E00045F70000F7B504460D46806A4FF0FF313B
:10F7F00016461F46FBF748FA012803D04FF0FF30AA
:10F8000003B0F0BD089B009332463B462946204694
:10F8100000F04EF90028F1D0E06A4FF0FF31FBF71D
:10F8200033FA0128EAD1237F042B07D00023A06AF2
:10F830001A461946FBF748F80020E1E7204600F099
:10F840007BF90028F2D1D9E72DE9F8434FF04023A6
:10F8500005680122C3F8C029D5F814802F6917F074
:10F86000080718BF6F692E6818BFC7F3804716F4E2
:10F87000003618BF6E694FF0402318BFC6F340062C
:10F88000C3F8C4790446C3F8C8691EB101212846EB
:10F89000FFF734FF6B69DA0511D5237F012B5FFA7F
:10F8A00083F931D1E3684BBB80212846FFF7E9FE9D
:10F8B00049462846FFF7A8FE0323237724E02A6B56
:10F8C000237F022BE6D12369002BE3D0A3681A70B3
:10F8D000A3680133A3602369013B2361DAE7E3688E
:10F8E0003BB1636862681B7801326260E268013A8A
:10F8F000E2602B6201212846FFF700FF6B699B0342
:10F9000002D4E368002BEAD1237F032B0BD1E368F9
:10F910004BB946B118F4803F05D02369002B14BFC2
:10F92000022304232377237F022B15D1A36963B914
:10F9300023697BBB042323770EE001212846FFF7D0
:10F94000DDFE2E62A369013BA3616E6916F40036E9
:10F9500002D1A369002BF0D1237F042BDEB20CD19E
:10F9600080212846FFF78DFE01212846FFF789FEFA
:10F97000236A13B1606A314698474FF04023002252
:10F98000C3F8CC29C3F8C829C3F8C429C3F8C029CF
:10F99000BDE8F883002FDFD028468021FFF771FEF5
:10F9A00001212846FFF730FED6E70000014B18681A
:10F9B000FFF74ABF78C20020014B5868FFF744BFE9
:10F9C00078C20020014B9868FFF73EBF78C2002044
:10F9D000014BD868FFF738BF78C2002010B5002966
:10F9E00039D01E4B984230D003F5805398422ED028
:10F9F00003F5805398422CD003F5805398422AD1C6
:10FA00000323174A52F823402CBB42F82310042446
:10FA1000012208600C7713481146FEF777FB114866
:10FA200001220221FEF772FB0E4801222146FEF759
:10FA30006DFB0C4801220821FEF768FB09480122F2
:10FA40001021FEF763FB012010BD0023D9E701233D
:10FA5000D7E70223D5E70020F6E700BF00100640F5
:10FA600078C20020C041004003680F4A934215D07D
:10FA700002F58052934213D002F58052934211D086
:10FA800002F58052934208D10323084A52F823100A
:10FA9000814204BF002142F8231070470023F4E79D
:10FAA0000123F2E70223F0E70010064078C20020AD
:10FAB00038B5057F049C042D37D1012505774160B9
:10FAC000C260836013190461436112B90223037792
:10FAD000846104682046FFF77BFD2046FFF77DFD2B
:10FAE00080212046FFF790FD114B9C4217D003F573
:10FAF00080539C4215D003F580539C4213D003F5EC
:10FB000080539C420CBF3E2400246209094B04F040
:10FB10001F04012000FA04F443F8224038BD1724E2
:10FB2000F3E73324F1E73424EFE70020F6E700BFE2
:10FB30000010064000E100E00368114A934218D02B
:10FB400002F58052934216D002F58052934214D0AF
:10FB500002F5805293420CBF3E2300235A09094903
:10FB60000120203203F01F0300FA03F341F8223092
:10FB700070471723F2E73323F0E73423EEE700BFA3
:10FB80000010064000E100E04FF08042936843F02F
:10FB90000103936070474FF08042936843F0020383
:10FBA000936070474FF08042936A23F01F03034332
:10FBB00093627047104B9842104B08D15B69C3F3B6
:10FBC0000223022B16D00E4A52F8230070470D4A2A
:10FBD000904203D15B69C3F30233F2E70A4A5B69DF
:10FBE00090420CBFC3F30243C3F30253022BEAD18A
:10FBF000FDF788BFFDF75ABF000005400002004036
:10FC0000E89902000001054000100540C36923F097
:10FC10001E030B43C3617047F0B54C4B05460E46BF
:10FC20000FCB85B004AC04E90F00494B9D4207D1CE
:10FC3000484B5F691C6AC7F30167C4F3032414E0EF
:10FC4000454B9D4207D1434B5F691C6AC7F38167EF
:10FC5000C4F3033409E0414B9D4233D13D4BDF698E
:10FC60001C6BC7F3016704F00F0400232B6303230D
:10FC7000EB60AB6823F4702323F0F003012FAB603B
:10FC800002D1FEF725F80190D6B104AB03EB87074C
:10FC9000013457F8103CB3FBF4F303EB5602B2FB0C
:10FCA000F6F2023AB2F5803F21BF03EBC603B3FB85
:10FCB000F6F31B09023B36BF42F040526B626A62A8
:10FCC00005B0F0BD264B9D4207D1224BDF691C6B6E
:10FCD000C7F38167C4F30314C7E7224B9D4205D1E4
:10FCE0001C4BDF691C6BC7F30177A6E71E4B9D42D7
:10FCF00004D1184BDF691C6BBF0FA9E71B4B9D425A
:10FD00000ED14FF08043D3F8F431DBB2012B19D17F
:10FD1000104BDF691C6BC7F30157C4F30344A4E71E
:10FD2000134B9D420ED14FF08043D3F8F431DBB238
:10FD3000012B07D1074BDF691C6BC7F38157C4F355
:10FD4000035492E7002427468FE700BF089A020079
:10FD5000000007400002004000100740002007405C
:10FD60000030074000400740005007400060074057
:10FD7000007007402DE9F041064601F075F948B3DF
:10FD800001F07AF9054628BB134CFC2303FB064718
:10FD9000FA78FAB13C461034204600F0F3FF3F28D1
:10FDA00018D9F978284601F0EFFA98B1204600F00A
:10FDB000E9FF3F28F97808D9084A284602EBC6121D
:10FDC0004023BDE8F04101F0FFBA2846BDE8F0410C
:10FDD00001F0EABABDE8F0810CC400208CC200201A
:10FDE00008B5FC22102302FB00330248184400F03F
:10FDF000B0FF08BD0CC4002038B54FF6FF739A421F
:10FE000028BF1A460446FC23102013FB04030548B0
:10FE100092B2184400F0C8FF05462046FFF7AAFF3B
:10FE2000284638BD0CC4002010B51022FC2304461F
:10FE300013FB00230448184401F061F82046BDE894
:10FE40001040FFF797BF00BF0CC400202DE9F04120
:10FE5000044601F009F998B301F00EF9064678BBA3
:10FE60001B4F4FF0FC08242518FB04553D44284641
:10FE700000F06FFF20B308FB04773046B97801F03B
:10FE800083FAE8B1134B402202EBC4141C44214610
:10FE9000284600F089FFB9780546B0B103462246EE
:10FEA000304601F091FA70B90B490C48D52210F098
:10FEB00083FE4FF0E023D3F8F03DDB0700D500BE12
:10FEC0000020BDE8F0812846FBE701F06DFAF7E776
:10FED0000CC400208CC20020399A02006B32020050
:10FEE00070B52423FC2414FB00340B4B1C444FF648
:10FEF000FF739A4228BF1A4692B20546204600F088
:10FF000079FF0646204600F024FF3F2802D9284604
:10FF1000FFF79CFF304670BD0CC400202DE9F3476D
:10FF20004FF43D722648264C00210EF095FC254BDF
:10FF300000251D70FF274FF4E1384FF0010900261E
:10FF40000823A3736771C4F80880267366730123BE
:10FF5000402204F13801009604F1100000F0C7FEC1
:10FF60000123802204F17801CDF8009004F12400EF
:10FF700000F0BDFE0120FAF747FD82460120FAF7A6
:10FF800043FDBAF1000F00D078B90F490F484FF484
:10FF9000827210F011FE4FF0E023D3F8F03DDB0742
:10FFA00000D500BE02B0BDE8F0870135032DC4E9DD
:10FFB000076AC4E90C0604F1FC04C0D1F2E700BFF3
:10FFC0000CC4002088C200202F9A02006B3202006D
:10FFD0002DE9F0410025114CDFF844802F4698F8B8
:10FFE00000302760DA07277103D404F1100000F015
:10FFF00086FF98F800309B0704F1240602D43046AF
:020000021000EC
:1000000000F07DFF01213046013500F098FF032DFF
:1000100004F1FC04E3D1BDE8F08100BF0CC4002072
:1000200088C200202DE9F7434B79022B07461CD1EB
:1000300091F80680B8F1020F17D1324EB378CBB1E8
:1000400096F8FE30002B39D096F8FA31002B39D0D3
:1000500040F241122C492D4810F0AEFD4FF0E02344
:10006000D3F8F03DDB0700D500BE0025284603B0DD
:10007000BDE8F08398468B7833700B780925CC184F
:100080006378242B26D195421FD96378042B35D170
:1000900063790A2B32D194F80090B31C0193033694
:1000A00002230E3500961A4604EB09013846ADB21C
:1000B00001F030F9F8B94FF4B172CBE74FF0010815
:1000C000FC36D8E706F5FC76D5E723781D44ADB2BB
:1000D0001C44D5E7052BD8D12146384601F0ECF871
:1000E00010B940F25312B5E7A378737023781D441A
:1000F000ADB21C44C9E7A9441FFA89F54046FFF791
:1001000039FEB3E70CC40020259A02006B320200CE
:10011000137803F06003202B2DE9F0410F461146C0
:100120005DD1304D93882A789A4212D095F8FC2000
:100130009A4210D095F8F8219A4250D102244A7878
:10014000FC23203A6343032A49D8DFE802F0061B68
:100150001E3C0024F3E70124F1E7012F06D103F14F
:1001600008022A44072301F01BFD08E0032F06D1F3
:100170001D4A22B10833E9182046AFF30080012060
:10018000BDE8F081012FFAD1E9E7012F02D101F09A
:10019000F5FCF4E7032FF2D14F88FC22243302FB55
:1001A000045607F00108E81888F00101377100F0E3
:1001B000C6FE0E4B002BE2D0C7F34002414620465C
:1001C0000BF0F8FEDBE7012FE1D0032FD7D1084B6E
:1001D000002BD4D049882046AFF30080CFE7002021
:1001E000CEE700BF0CC4002000000000B5BF010036
:1001F000000000002DE9F04F1C4685B0454B0290F1
:10020000894600259A46DA784A455FFA85F856D03D
:100210009A784A4575D00135032D03F1FC03F2D1DC
:100220003D493E484FF4E67210F0C6FC4FF0E02323
:10023000D3F8F03DDB0700D500BE002005B0BDE8D7
:10024000F08F16F8011B7879884207D1019800F0E9
:1002500091FD18B979794046AFF300800BF1010B9D
:1002600047E0019800F086FD002847D140460BF09A
:10027000B3FE43E02A4B13B14046AFF30080404643
:10028000FFF7E4FD002842D1FC235D4305F1240083
:10029000504400F05EFD002839D1002C37D014F016
:1002A0003F0434D155440298A97801F06DF870B339
:1002B000A97802982346224601F086F827E0FC231D
:1002C0006B43184E039303F110070AEB070306EB89
:1002D000C516A2B218463146019300F08BFD124AB2
:1002E000039B42B10AEB03077A79FF2A03D04FF050
:1002F000000BA345A5D10D4B002BB2D14046FFF713
:1003000039FDFC2303FB05A39B784B45B2D00120AC
:1003100094E700BF0CC40020189A02006B32020060
:10032000000000008CC2002000000000D9BF0100C6
:1003300030B4104B02249A6B83F82C10996883F820
:10034000304093F83C408A1A9A6224B942F205057B
:100350009D8783F83E4051B14AB11A7BD20930BC27
:1003600014BF93F82E1093F82F1001F071B830BC21
:10037000704700BF00C9002038B5184B184C05461F
:1003800073B1607BAFF3008050B942F2077384F819
:100390003E00A38728460121BDE83840FFF7C8BFCB
:1003A000A26BA36894F82F109B1AB3F5007F28BFA7
:1003B0004FF400730B4A9BB2284601F005F860B970
:1003C00009490A4840F2273210F0F6FB4FF0E023CB
:1003D000D3F8F03DDB0700D500BE38BD00000000BB
:1003E00000C9002000C700205F9A02006B320200A3
:1003F000F0B40C4C0C4EA26BA3689B1AA3620323AF
:1004000084F8303004F1200307460FCB354607C58A
:100410002B7094F82E10324638460D23F0BC00F0B5
:10042000D3BF00BF00C9002000C70020034B43F624
:1004300002229A87002283F83E20704700C90020DC
:1004400070B52A4CE28AA36886B0054622B152BA3A
:1004500092B2B3FBF2F292B2A06BD4F81110B0FBDF
:10046000F2F61B1AB3F5007F28BF4FF40073009318
:1004700009BA1F4B02FB16023144607B0BF052FE9F
:10048000031E08DAFFF7D2FF0121284606B0BDE8B7
:100490007040FFF74DBF94F82E1011D1CDF80E30FB
:1004A00007228DF8101003A81946ADF812308DF808
:1004B0000C508DF80D20059300F070FE06B070BD55
:1004C0000B4A9BB2284600F07FFF0028F6D109496D
:1004D000094840F20F3210F06FFB4FF0E023D3F8E1
:1004E000F03DDB07EAD500BEE8E700BF00C9002009
:1004F00000C700204F9A02006B320200044880F8C7
:100500003C1080F83D2080F83E300120704700BF4D
:1005100000C900200248402200210EF09DB900BF12
:1005200000C900200248402200210EF095B900BF0A
:1005300000C9002073B54B79082B054613D18B7980
:10054000062B10D1CB79502B0DD1162A0ED8F422C0
:100550001D491E4810F030FB4FF0E023D3F8F03D6A
:10056000DA0700D500BE002002B070BD184C8B78B1
:1005700084F82D3004F12E030E78019304F12F033B
:10058000009302231A46314400F0C4FE08B9FA224F
:10059000DEE7002384F830300E4A94F82F101F2332
:1005A000284600F011FF08B11720DDE7064907488B
:1005B000FD2210F001FB4FF0E023D3F8F03DDB0704
:1005C000F2D500BEF0E700BF929A02006B32020043
:1005D00000C9002000C70020012973B50546144654
:1005E00002D0012002B070BD137803F07F02022A0E
:1005F00049D16278012A46D16288002A43D1A38872
:100600003E4C94F83020042ADBB203D1194600F0A6
:100610001FFFE6E794F82E10994214D1022AE0D188
:10062000FFF7E6FE0028DCD14FF4927234493548DA
:1006300010F0C2FA4FF0E023D3F8F03DDB0700D50D
:1006400000BE0020CEE794F82F609E42C9D1002A58
:10065000C7D1314600F0EEFE0028C2D1314628460F
:1006600000F032FF0028BCD1002384F83030264A45
:1006700094F82F101F23284600F0A6FE0028B0D1C2
:1006800040F22B12D2E703F06003202BD9D163781C
:10069000FE2B15D0FF2BD4D16388002BD1D1E1885C
:1006A0008AB2002ACDD1154B284699872146C3E945
:1006B0000D2283F8302083F83E2001F05FFA90E7A6
:1006C0006388002BBDD1E388012BBAD18DF80730A8
:1006D0000E4B1BB1AFF300808DF807009DF807307B
:1006E000002BAED0013B8DF807300DF1070201233E
:1006F0002146284601F054FA73E700BF00C90020E4
:100700007D9A02006B32020000C70020000000004A
:100710002DE9F047A64C94F830A0BAF1010F8EB045
:1007200005468C461E4600F0CC81BAF1030F00F05E
:100730004082BAF1000F44D194F82F308B4258D147
:10074000DFF878821F2ED8F80020C14602D1994BDD
:100750009A4210D094F82E100423284684F83030A2
:1007600000F076FE94F82F10284600F071FE00206D
:100770000EB0BDE8F08747460FCF26460FC697E874
:100780000F0007C626F8023B1B0C33708A4B23620E
:100790006368E27B84F82CA0C4E9093A012384F859
:1007A000303002F0FD01A3682829C4E90D3A38D1A0
:1007B000E18A03BB002900F07E8102212846FFF771
:1007C000B7FD94F83030022B13D194F82E10284640
:1007D00000F07AFE68B9A268A36B9A4240F21C82CC
:1007E000237BDB0900F0188294F82E10284600F0D5
:1007F0002FFE0120BCE7207B282A4FEAD0100DD124
:100800000028DAD0A1B149BA89B28B42D5D3282ABF
:1008100040F0AC812846FFF713FED2E70028F1D064
:10082000CBE7EBB1217BC9091AD1B3F5007F01D920
:100830000121C3E7614A9BB26146284600F0C4FD2E
:100840000028BED140F297125D495E4810F0B4F91D
:100850004FF0E023D3F8F03DDA0788D500BE86E7F5
:10086000252A677B08D8192A14D8032A00F0EA80C1
:10087000122A00F0AF805AB394F83C30002BD7D145
:10088000A38E4E4A5049607B0BF0B0FC002880F2EA
:100890000B81CDE71A3A0B2AEED801A353F822F0C8
:1008A000110A0100EB080100790801007908010034
:1008B00007090100790801007908010079080100A1
:1008C0007908010069090100790801001B0901008C
:1008D00038460BF0F5FB002840F0E98094F83C30F6
:1008E000002BC9D1FFF7A2FDC6E7384B002B00F063
:1008F000DE80E17C3846C1F3400301F001020909C2
:100900000BF004FCE7E7324B002B00F0D080227D97
:10091000E17C3846AFF30080DDE704AA05A938463C
:100920000BF0E0FB059BBDF81020002BD6D0002A71
:10093000D4D0013B1BBA12BAC8E900320820A36820
:10094000002B3FF475AF834228BF034663631B4A05
:1009500094F82E109BB2284600F036FD00287FF454
:1009600030AF40F2B7126FE7002305AE05930DF1EB
:100970000E02C6E9013304A938460BF0B3FB049A12
:10098000002AABD0BDF80E30002BA7D012BA082138
:1009900006925BBA02228DF817108DF81C20ADF874
:1009A0001E3096E8070089E807000C20C7E700BF63
:1009B00000C90020555342435553425300C70020FD
:1009C000709A02006B3202000FC900200DC10100B5
:1009D0000000000095491F23CDE905134FF0203694
:1009E0001022202109A8CDE907660DF035FF384611
:1009F0000DAB09AA07A905AF0D960BF03BFB0FCF76
:100A00008B4E0FC60FCF0FC63B683360242096E78E
:100A1000059B03F4000343F003030593854B7BB16F
:100A20003846AFF300809DF8163080F0010060F387
:100A3000C7138DF81630059BC8F8003004207EE7F8
:100A40000120F0E794F83C6094F83D9094F83E80E3
:100A50001222002105A80DF0FFFEF0238DF81430BE
:100A600006F00F060A238DF816608DF81B308DF8FE
:100A700020908DF8218005AE0FCEDFF8B4C1ACE830
:100A80000F003368ACF800306B4BC3B14FF4007209
:100A9000ACF110013846AFF3008000239842A387E1
:100AA00084F83E30FFF6E8AE00287FF448AFA36834
:100AB000002B7FF4BDAE022384F8303081E6122093
:100AC000EBE7B3F5007F02D94FF4E072BCE6E37BBD
:100AD000A06B282B05D1636B30449842A063EAD207
:100AE00098E62A2B46D1E28A2AB152BA92B2A3687A
:100AF000B3FBF2F39AB2D4F811104D4F009609BA35
:100B0000B0FBF2FC3B4602FB1C026144607B0BF035
:100B10003BFB011E05DAA36B3344A363FFF786FC9E
:100B200086E68E421CD9761A39B1A36B32460B4445
:100B300038463944A3630EF0CDF8002194F82F30E5
:100B4000CDF81610072205A8ADF81A108DF814502C
:100B50008DF815208DF81830079600F01FFB30E651
:100B6000A36B626B33449342A363A4D22846FFF77E
:100B700003FC26E6237B3044DB09A0630CD1A38E63
:100B80002B4A607B04F10F010BF030FB002803DAE5
:100B900051462846FFF7CCFBD4E90D329A428AD25F
:100BA0004FF0E023D3F8F03DDB077FF50AAE00BE3F
:100BB00007E694F82E308B422AD10D2E28D1E37B04
:100BC000282B09D02A2B1CD01C4B53B1607B04F17D
:100BD0000F01AFF3008004E0194B13B1607BAFF35A
:100BE0000080002384F83030114A94F82F101F231E
:100BF000284600F0E9FB00287FF4E3AD40F209222B
:100C000022E6104B002BECD0607BAFF30080E8E7CE
:100C10000D480DF06FFCD4E52846FFF7E9FB0028EE
:100C20007FF4E7AD40F21B220EE600BF0080020217
:100C300000C70020000000000000000000000000CD
:100C40000000000000000000823202000A4492B25C
:100C500091424FEA400001D8824201DB121A92B25F
:100C6000104670472DE9F047BDF8204086881D1BCF
:100C7000ADB2A3423CBF05EB4605ADB20746884680
:100C8000F5B1AE4206D29E4294BF9B1B9B199CB20B
:100C900044813546954228BF1546A64213D9FA88A5
:100CA0003968A6EB04091FFA89F9C2F30E0A4D450B
:100CB00052460AFB041109D86A4340460EF062F915
:100CC0002846BDE8F087A41BA4B2E6E719FB0AF9A1
:100CD0001FFA89F94A464046AE1B0EF053F9A21995
:100CE00012FB0AF2396892B208EB0900E6E7B2F5A6
:100CF000004FF8B504460F4616461D4627D8C06873
:100D000018B14FF0FF31F9F7BFFF206918B14FF06C
:100D1000FF31F9F7B9FF9DF81830E0682760C5F397
:100D20000E0545EAC33500236381A680E580238153
:100D300018B11A461946F9F7C7FD206908B901200C
:100D4000F8BD00231A461946F9F7BEFDF7E7002063
:100D5000F6E702468088138952899BB292B2934289
:100D600036BFC2EB40029B1A9B189BB2984228BF29
:100D7000184670470289438992B29BB2D31A5842EF
:100D80005841704703894189828889B29BB28B425E
:100D900036BFC1EB42015B1A5B189BB29A4286BF19
:100DA000D01A80B20020704773B5044600690D4622
:100DB000164618B14FF0FF31F9F766FF23896289B3
:100DC00092B2294600929BB232462046FFF74AFF74
:100DD00061890246054689B2A088FFF737FF608126
:100DE000206920B100231A461946F9F76DFD2846FF
:100DF00002B070BD2DE9F84F06460F4615465AB3AE
:100E0000C06818B14FF0FF31F9F73EFFF379B6F83B
:100E100008807189B6F80490DB091FFA88F889B256
:100E20001DD1884539BFC1EB49044444A8EB0101F9
:100E30008CB238BFA4B24C4536BFA9EB04040024E1
:100E4000A4B2A54228BF254645BBF06820B10023C7
:100E50001A461946F9F738FD2846BDE8F88F4D4582
:100E600009D3F388A5EB0905C3F30E0303FB05774C
:100E700088464D46E8E788454FEA490236BF531A8F
:100E8000A8EB010343449BB22B44934206DBA9EB3E
:100E9000050292B24846FFF7D9FE804644464C45CB
:100EA00017D2F2883068A9EB040A1FFA8AFAC2F353
:100EB0000E0BAA455A460BFB04000ED36A43394673
:100EC0000EF060F8B0882A464146FFF7BFFE308139
:100ED000BBE7A4EB0904A4B2E1E71AFB0BFA1FFA83
:100EE0008AFA524639460EF04DF8A5EB0903E2188E
:100EF00012FB0BF2306892B207EB0A01E0E710B583
:100F00000446C06818B14FF0FF31F9F7BDFE206903
:100F100018B14FF0FF31F9F7B7FEE06800236381A5
:100F2000238118B11A461946F9F7CEFC206920B181
:100F300000231A461946F9F7C7FC012010BD38B541
:100F40000446C0680D4618B14FF0FF31F9F79CFE1A
:100F5000206918B14FF0FF31F9F796FEE379E068A8
:100F600065F3C713E37120B100231A461946F9F758
:100F7000ABFC206920B100231A461946F9F7A4FCFE
:100F8000012038BD0B4B63B10B4B1B78834206D954
:100F90000A4B1B6800EB400003EBC0007047C01A0F
:100FA000C0B2012803D8064B00EB4000F4E7002054
:100FB000704700BF0000000008CA00200CCA0020D3
:100FC0003C9B020070B5174E054600242046FFF7F3
:100FD000D9FF68B91449154840F2B3120FF0ECFD7F
:100FE0004FF0E023D3F8F03DDB0700D500BE70BD25
:100FF00043682846984733780134E4B20133A3426A
:10100000E4DA332200210A480DF026FC1022FF21E9
:1010100008480DF021FCBDE8704007481022FF2170
:101020000DF01ABC08CA0020109B02006B320200AF
:1010300010CA002013CA002023CA002070B50C4635
:1010400005461646C86800F0EBFDE36832462846C0
:101050000121BDE870401847024B187800F00100EC
:10106000704700BF10CA0020024B5878003818BFE4
:101070000120704710CA0020024B1878C0F380008E
:10108000704700BF10CA0020044808B520B1044BC7
:10109000187801F0A3F8012008BD00BFDD21010090
:1010A00018120020044808B520B1044B187801F04C
:1010B0009FF8012008BD00BFF12101001812002097
:1010C000024B1878FF3818BF012070471812002013
:1010D000F8B5284E3378FF2B054648D1332200213E
:1010E00025480DF0B9FB0120F9F78EFC234B186061
:1010F00070B940F28F12224922480FF05DFD4FF087
:10110000E023D3F8F03DDB0700D500BE0020F8BD9A
:101110001D4F002279883888F9F7B0FBB96804467A
:10112000F9F76AFE194B1C6014B94FF4CA72E2E772
:10113000174B23B11748AFF30080174B1860154FBA
:1011400000242046FFF71EFF10B94FF4D072D2E7FB
:10115000036898473B780134E4B20133A342F0DAE4
:101160002846357000F03CFE284600F055FE012070
:10117000CDE700BF1812002010CA002040C900208F
:10118000319B02006B3202000C12002044C9002087
:101190000000000008CA00200CCA0020F0B5437807
:1011A000023B85B004460D46032B26D8DFE803F04A
:1011B000023A1D313D4A137823F00103137013786E
:1011C00023F00203137000235370117863F382013C
:1011D0001170374A1068ADB92B464FF0FF322146E7
:1011E00005B0BDE8F040F9F76FBB304B1A78D00777
:1011F00047D51A7842F004021A702D4B1868002D5A
:10120000EAD0002301AA21460193F9F70FFC019BC4
:101210003FE0264A1378D90733D5137823F0040327
:101220001370EAE7234F00263046FFF7ABFE20B1EC
:10123000436913B16168207898473B780136F6B26C
:101240000133B342F0DA194A13785B0719D51378E2
:1012500023F00403137022788DF8042005228DF802
:101260000520134A00231068CDF80630CDF80A3067
:10127000ADF80E303DB92B464FF0FF3201A9F9F71A
:1012800023FB05B0F0BD6A4601A90093F9F7CEFB38
:10129000009B002BF5D04FF0E0234FF08052C3F8B5
:1012A000042DBFF34F8FBFF36F8FEAE710CA002002
:1012B00044C9002008CA002038B5124B1D788B782D
:1012C00013F0780F0C460ED040F2AF420E490F4893
:1012D0000FF072FC4FF0E023D3F8F03DDB0700D5B0
:1012E00000BE002038BD0A4B2046997800F0D4FF9C
:1012F00010B94FF49662E9E721462846BDE8384028
:1013000000F0A0BD18120020AB9A02006B32020060
:1013100010CA00202DE9F047DDE9086781460C4638
:1013200090469A460025A84501DC012010E063782C
:10133000052B0FD040F28742114912480FF03CFCB8
:101340004FF0E023D3F8F03DDB0700D500BE0020CE
:10135000BDE8F087E37803F003035345EAD1214663
:101360004846FFF7A9FF10B94FF49162E4E7A3786C
:10137000DA0914BF3B703370237801351C44D2E77F
:10138000BA9A02006B320200CB0901F07F022333CC
:1013900003EB42030248034A1844116800F034BFCB
:1013A00010CA002040C90020CB0901F07F0223337E
:1013B00003EB42030248034A1844116800F04DBF92
:1013C00010CA002040C9002070B5164C164801F024
:1013D0007F0604EB460404EBD1142034E578007852
:1013E000ED070ED51149124840F2DB420FF0E4FB45
:1013F0004FF0E023D3F8F03DDB0700D500BE00201E
:1014000070BDE57845F00105E57000F06BFD002842
:10141000F6D1E27860F30002E270E27860F38202D3
:10142000E270E5E710CA0020181200209C9A020022
:101430006B320200054B01F07F0203EB420303EB2A
:10144000D11191F8230000F00100704710CA00206C
:1014500010B50C4C01F07F0204EB420404EBD114F4
:101460002034E3789B070BD4074B187800F082FDFB
:10147000E37843F00203E370E37843F00103E370A1
:1014800010BD00BF10CA00201812002010B50C4C6F
:1014900001F07F0204EB420404EBD1142034E37822
:1014A0009B070BD5074B187800F06FFDE37823F00E
:1014B0000203E370E37823F00103E37010BD00BF83
:1014C00010CA002018120020054B01F07F0203EB28
:1014D000420303EBD11191F82300C0F340007047A1
:1014E00010CA00202DE9F04F8BB0804600F08AFE34
:1014F000002800F0C4824FF47A7303FB08F2A64C74
:10150000B2FBF3F302920593A44BB8F1FF3F1868C6
:101510001FD0B8F1000F1CD0029BB3F57A7F059B5A
:1015200034BF01221A4607A9F9F720FB002800F072
:10153000A6829DF81D30013B072B00F2E482DFE814
:1015400013F00A001A00E202A902B7022600700294
:10155000DB024246E7E79DF81C00FFF733FD00F091
:1015600057FB9DF82030A3708C4B1868F9F731FCBD
:101570000028C9D183E29DF81C00FFF723FD00F08D
:1015800047FB874B002BEFD00AF052FFECE72378A4
:101590009DF81C5043F00103237094F8233023F08E
:1015A000010384F8233094F8233023F0040384F8F3
:1015B000233094F8243023F0010384F8243094F885
:1015C0002430002023F0040384F8243000F028FBAA
:1015D0009DF8206006F06002602A03D140F26E227E
:1015E000704969E1402A0BD16F4858B300F018FBED
:1015F00008AA01212846AFF300800028B4D121E0D9
:1016000006F01F06012E00F09C81022E00F0C4811E
:101610008EB9202A0ED19DF824300F2B12D82344E6
:10162000D878FFF7AFFC014660B108AA2846FFF75B
:1016300005FDE2E78AB14FF0E023D3F8F03DDD0786
:1016400000D500BE9DF81C00002100F093FC9DF821
:101650001C00802100F08EFC86E79DF82130092BCC
:10166000E9D801A252F823F02D1901001B1901003D
:101670003716010007190100371601009116010005
:101680003F18010037160100AB160100C11601001A
:1016900008A800F0CBFA9DF82210284600F0C4FB01
:1016A000237843F0020323705EE763788DF81A30E5
:1016B00001230DF11A0208A9284600F071FA53E738
:1016C0009DF822300193019A63789A423CD0637866
:1016D0003BB1284600F004FCA6782846FFF772FCD0
:1016E000A670019B83B3581EC0B20AF09DFD10B1D5
:1016F0004378022B0FD040F26A322C492C480FF06D
:101700005BFA4FF0E023D3F8F03DDF0700D500BED1
:1017100040F2C22264E7C379C3F38012C3F34013DB
:101720001B0143EA4213227822F030021343237054
:101730004388C31800F109060393039BB3420BD8F7
:101740001C4B0BB10AF066FE134B019A5A7008A9A4
:10175000284600F013FA07E773780B2B03BF3378A2
:1017600096F80390F6184FF001097378042B02D015
:1017700040F28532C1E7039BA3EB060A1FFA8AF306
:1017800000270493BA463846FFF7FCFB834698B916
:1017900040F28E32B1E700BF10CA002044C90020D9
:1017A00031C40100F89A020000000000E59A02002E
:1017B0006B32020015C401008368049A3146284642
:1017C00098470828024631D9049B83422ED3B9F1A9
:1017D000010F06D1DBF80810BB4B994208BF4FF050
:1017E0000209BA4800215FFA81FCE1450FD83B4667
:1017F0003146B748049200F08DFDB64B049A1B7831
:1018000001335345164498DA4FF46F7275E7B37895
:10181000634450FA83F3013193F803C0BCF1FF0F26
:1018200002D040F2AD3268E7DF70DCE7A94B1B78ED
:101830000137FFB20133BB42BA46A4DAE4E7BDF890
:1018400022301A0AD8B2531E0E2B3FF6FBAE01A16E
:1018500051F823F091180100C1180100E5180100AA
:101860004516010045160100F9180100C1180100D4
:1018700045160100451601004516010045160100F8
:10188000451601004516010045160100A318010088
:101890000AF0C6FC1223024608A9284600F080F987
:1018A000ABE68D4B002B3FF4CDAEAFF3008002468C
:1018B000B0B940F2ED32894989480FF07DF9BAE6B6
:1018C000022A06D10AF0B0FC024648B940F20742AB
:1018D000F1E7844B002B3FF4B5AEAFF30080F3E7A4
:1018E0005388D9E7BDF824100AF0AEFC0246002860
:1018F0003FF4A8AE0378CFE77B4B002B3FF4A2AEBA
:10190000AFF30080F2E7BDF82230012B7FF49AAEEE
:10191000237843F00803237019E7BDF82230012B28
:101920007FF490AE237823F00803F4E72378C3F321
:1019300040129B0803F002031343ADF81A30022350
:10194000B7E69DF824300F2B3FF67CAE2344D878C1
:10195000FFF718FB014600283FF474AE08AA28469A
:10196000FFF76CFB00287FF4FFAD9DF8203013F0EB
:1019700060077FF467AE9DF821300A3B012B3FF6EC
:1019800061AE00F04DF99DF821300A2B7FF4DFAEF7
:101990008DF81A7033468CE69DF8241011F0780FFC
:1019A00001F07F034FEAD11002D040F2223217E655
:1019B00004EB43030344D87CFFF7E4FA07462AB15B
:1019C00000283FF43FAE08AA01462FE69DF82130DB
:1019D00003F0FD02012A08D0002B7FF42CAE28462C
:1019E000FFF772FDADF81A00D4E7BDF8222022B946
:1019F000012B284612D1FFF749FD002F3FF4B4AD6B
:101A000008AA39462846FFF719FB002000F008F91C
:101A100094F82430DE073FF5A7AD98E6FFF718FDF0
:101A2000EBE79DF8201001F07F0504EB450202EB87
:101A3000D11292F8233023F0010382F8233092F878
:101A4000233023F0040382F823303DB9099B9DF82D
:101A500021209DF81C0000F0F7F885E5D07CFFF709
:101A600091FA78B921491E4840F229220FF0A4F8D2
:101A70004FF0E023D3F8F03DD80700D500BE0BB0FF
:101A8000BDE8F08F0569099B9DF821209DF81C0099
:101A9000A84769E52378D9077FF566AD144B002B7D
:101AA0003FF462AD2078C0F3C0000AF0C9FC5BE5EA
:101AB0002378DA077FF558AD0E4B002B3FF454AD79
:101AC0000AF0BFFC50E500BF2500010010CA00204D
:101AD00023CA002008CA002000000000CE9A02009D
:101AE0006B3202000000000000000000249B020096
:101AF00041C4010043C40100089B002B3FF434ADF6
:101B00000998984730E54FF0E023D3F8F03DDB0724
:101B10007FF52AAD00BE27E5124B9989DA8970B5A9
:101B20008C1AA4B2054693F90000402C28BF40242B
:101B300000280EDA914212D099680B4822460DF027
:101B400021FA8021084A23462846BDE87040FFF765
:101B50003BBC91424FF00001F4D10A46F3E78021EB
:101B60000022F0E784CA002044CA0020C9430023B1
:101B70001A4601F08001FFF727BC000030B4074C83
:101B800005460B4608684968224603C20022C4E99C
:101B900002222846197830BCFFF7E8BF84CA00202B
:101BA000F8B5184E0C46054608684968B2603746D5
:101BB00003C70021F181E1888B4228BF0B46B38126
:101BC000B9B173B16AB975220F4910480EF0F4FF2C
:101BD0004FF0E023D3F8F03DDB0700D500BE002036
:101BE00004E02846FFF798FF08B10120F8BD7B22EA
:101BF000EAE721782846FFF7B9FF0028F5D18022CF
:101C0000E2E700BF84CA0020819B02006B32020021
:101C10000248142200210CF01FBE00BF84CA00201D
:101C2000014B1861704700BF84CA002010B50246FE
:101C3000044C00685168234603C30023C4E90233FF
:101C400010BD00BF84CA002070B52E4C1E462378FC
:101C5000C909B1EBD31F05461AD066B1AD222A4996
:101C60002A480EF0A9FF4FF0E023D3F8F03DDB0740
:101C700045D4002070BD264B13B1214600F0A0FAD8
:101C800023691BB11F4A0321284698470120F1E729
:101C900094F90030A068002B05DB0028E9D01D492D
:101CA00032460DF06FF9A268E38932443344A260F2
:101CB000E2889BB29A42E38101D03F2E18D8236973
:101CC0003BB921782846FFF751FF0028DED1DA2200
:101CD000C5E702210B4A2846984701460028F0D163
:101CE000284600F047F98021284600F043F9CDE767
:101CF0002846FFF711FF0028C8D1E522AFE700BE54
:101D0000B7E700BF84CA00206C9B02006B32020060
:101D1000C121010044CA0020134A002310B519460E
:101D2000936102EB031001330C2BC0F80815C0F8C7
:101D30000C15F6D14FF41073C2F808350823C2F819
:101D400000350A4B40204FF40874D880C2F818457B
:101D50004824C2F810455882054B88201860054B6E
:101D60009160197010BD00BF00000C4098CA00209F
:101D70002CCB002028CB00200A68094B30B5134437
:101D800004688288C088824228BF0246A018844224
:101D900001D14A6030BD14F8015B03F8015BF6E73E
:101DA00000010C4030B502460B4D0C48836819B158
:101DB00013F0600F0BD130BD846804F0600403F0B1
:101DC0000F03402C08BF43F080039A42F3D0103039
:101DD000A842EBD10020EEE7C0050C4000050C4006
:101DE00010B50B4C4FF4FA632361D4F8903043F0F4
:101DF0000103C4F89030FFF78FFFD4F8903023F040
:101E00000103C4F89030034B6360236010BD00BF32
:101E100000000C4007000080024B4FF400125A6093
:101E2000704700BF00E100E0054BD3F8082542F001
:101E30008002C3F808250022C3F80425704700BFBC
:101E400000000C40F8B58F780C4638460121FFF7AA
:101E5000A9FF70B94FF48D721C491D480EF0ACFEFD
:101E60004FF0E023D3F8F03DDB0700D500BE0020A3
:101E7000F8BD184BA6881A68E17802601C68164DF8
:101E8000C6F30A0634441C601B680544B3F5806F32
:101E90004FEAD71C01F003014FEA251502D940F2A1
:101EA0002512D9E7BCF1010F07F07F0214BF2023F0
:101EB00040231343012908BF43F010038360074BFD
:101EC0000C2202FB05330120DE80D1E7A09B02003B
:101ED0006B3202002CCB002000FBF3BF98CA00201D
:101EE000704700002DE9F041884640460021144625
:101EF0001E46FFF757FF78B919491A4840F23F12BA
:101F00000EF05AFE4FF0E023D3F8F03DDB0700D58A
:101F100000BE0020BDE8F081134A144F02441211A4
:101F20000C235343FD18B8F1800FFC50AE802E8176
:101F30000ED10F4B1B781BB9836843F0800383607D
:101F400001460C2000FB0270FFF716FF0120E1E7BD
:101F50005FEAD818F4D1EB88A9804360F6E700BFA8
:101F6000929B02006B32020000FBF3BF98CA002074
:101F700028CB002008B508460021FFF713FF18B151
:101F8000C36843F00203C36008BD08B508460021DA
:101F9000FFF708FF28B1836823F4207343F400732C
:101FA000836008BD2DE9F04F7F4B5C681D696607B3
:101FB00085B024F0F8070BD504225A605A6912F054
:101FC000010F1A6914BF42F0900222F080021A61D8
:101FD000E00748D5744B0126E9075E6014D51A69FD
:101FE00042F090021A61FFF797FE0023314601A8E4
:101FF000CDF80630CDF80A30ADF80E308DF804304B
:102000008DF80560FFF7CAF8AA0715D5664A136967
:1020100023F0100313610023CDF80630CDF80A3009
:10202000ADF80E308DF80430042301210DEB0300D0
:102030008DF80530FFF7B2F86B0714D55A4A1369CB
:1020400043F0900313610023CDF80630CDF80A3039
:10205000ADF80E308DF804300121052301A88DF86C
:102060000530FFF79BF8002F1CDA4F4B4FF0004272
:102070005A60D3F80C2542F00102C3F80C25D3F8BE
:102080001C2542F00102C3F81C254FF4C0630193E4
:10209000464B93E8030004AB03E90300012101A8C8
:1020A000FFF77CF8A60776D5E50318D53E4B4FF42D
:1020B00080325A603E4AD3F80435D28899B2501A19
:1020C00042423C4942410A704FF4E06480229BB294
:1020D000012101A8CDE901420393FFF75FF8344ED7
:1020E000354CDFF8C480DFF8C4904FF400352F4240
:1020F000334606F10C0648D0C8F80450D4F804C0A2
:10210000A068A268D96802F060021FFA8CFE402A1B
:1021100000F00F00F4461FD0226801EB0E0A4A447B
:102120008A452CD1DA68998A6244DA601A8A724444
:1021300092B291421A8202D05B8A734524D94FF43D
:10214000E0610023CDE9011303928DF8080001211D
:1021500001A8FFF723F818E01A8AA2EB0E0292B248
:1021600071441A82D960CAB99B8A03934FF4E06123
:1021700060F07F00CDE901128DF80800E7E712F862
:1021800001BB01F801BBCBE763600C4B10349C42F0
:102190004FEA4505ABD105B0BDE8F08F214630468A
:1021A000FFF7EAFDF1E700BF00000C4000010C4022
:1021B00098CA002028CB002010050C40C0050C4018
:1021C0000B785B0606D14B78052B01BF4B88024A82
:1021D000DBB29360704700BF00000C40034AD2F8A6
:1021E000903043F00103C2F89030704700000C407B
:1021F000034AD2F8903023F00103C2F890307047C0
:1022000000000C40FEF75CBFF8B5047814F0010440
:1022100005460E461FD103785A07C3F3800716D42C
:102220004FF0FF313046F8F72FFD2C7814F0010401
:102230000FD12B785B0704D42B7843F004032B7069
:10224000012400231A4619463046F8F73DFB204684
:10225000F8BD3C46F5E70024F9E770B504460D46A5
:1022600028464FF0FF31F8F70FFD2378C3F38006BF
:102270005B0708D5237813F0010203BF237862F3CC
:1022800082032370002600231A4619462846F8F7D1
:102290001BFB304670BD000008B58388C07800F095
:1022A00003000228C3F30A0319D0032822D001280F
:1022B00013D1022940F2FF3208BF4FF480629A42E4
:1022C0000CD2A322114912480EF076FC4FF0E02305
:1022D000D3F8F03DDB0700D500BE002008BD022981
:1022E00004D1B3F5007F0ED0AB22EBE7402B0AD927
:1022F000AF22E7E7022914BF40224FF480629A42DE
:1023000001D2B622DEE70120E8E700BFAE9B020063
:102310006B32020030B50A44914200D330BD4C7894
:10232000052C06D18C7804F07F0500EB4505E40907
:102330002B550C782144EFE70022002380ED000BA1
:10234000C0E90223C0E90423C0E90623704710B5A1
:10235000B0EE401AF0EE601A2DED028BB0EE408A1E
:10236000F0EE608A80ED020B90ED040B044610F055
:102370007FFCB0EE481AF0EE681A84ED040B94ED81
:10238000060B10F09DFCBDEC028B84ED060B10BD1E
:1023900070B555EC104B0646002200232046294616
:1023A0000AF0B0FC38B120462946D6E900230AF0ED
:1023B00019FA04460D46D6E90223204629460AF0BA
:1023C0005BF841EC100B3046BDE87040FFF7BFBF33
:1023D00090ED020B704700220023C0E90223C0E900
:1023E0000423C0E90623704738B50F4D044628463C
:1023F000FFF7F1FF20460AF07BF909A3D3E9002398
:102400000AF0F0F9094B00220AF016FB41EC100B20
:102410002846BDE83840FFF79ABF00BFAFF3008001
:10242000000000046BF4444230CB0020000059400F
:1024300010B50F4C9FED0A0B2046FFF77DFF3220B1
:10244000FFF7D2FF04F120009FED070B00F040F9E9
:1024500004F18000BDE8104000F0ECB8AFF300805C
:10246000666666666666EE3F000000046BF44442F2
:1024700030CB0020F8B504461F480D4600F0EAF8BE
:102480001D4800F006F930B328460AF041F9064627
:1024900020460F460AF02CF902460B4630463946D4
:1024A0000AF0A0F941EC100B1448FFF771FF124835
:1024B00000F0FBF80446104800F000F9024684B131
:1024C000C0B902200E4B012103F028FC6420BDE8B6
:1024D000F840FFF789BF084800F0E1F80028D3D1A1
:1024E000E5E738B10220074B2246012103F016FC34
:1024F0002046ECE7F8BD00BFB0CB002030CB002079
:10250000C5320200D8320200054B01888288A3F848
:10251000901003F18000A3F8922000F09EB800BF55
:1025200030CB002082B0ADF804000199014802B020
:1025300000F086B8B0CB002038B51948FFF748FF47
:1025400055EC104B00220023204629460AF0BCFB24
:10255000D8B911A3D3E90023204629460AF0D2FBBB
:10256000B0B9104B0022204629460AF03BF9044638
:102570000D480D4600F0BCF8204653EC102B2946C0
:102580000AF05AFA0AF0C8FB38BD00240025E8E733
:1025900001A5D5E90045E4E7000000046BF44442DE
:1025A00030CB00200000594050CB002037B5C27816
:1025B00004798368054622B1B3F5487FB4BF002291
:1025C000012224B113F5487FCCBF0024012495F9E2
:1025D00000301ABB6442A34214BF01220022AA7039
:1025E00019D00133DBB2022B96BF0F4A0F4A52F8C3
:1025F0002320631CDBB2022B96BF0B490B4B51F817
:1026000023300220CDE900230121094B002203F0F1
:1026100085FB2B786B702C7003B030BD002C14BF81
:102620001C460124D7E700BFC09B0200EC32020029
:10263000F13202000023C0E90233036003717047E6
:1026400082B0ADF80410BDF80430A0F8033002B039
:10265000FFF7ACBF8160FFF7A9BF037B4373B2F5FF
:10266000486F10B511D940F62E54A24288BF0123FD
:102670000373B1F5486F837BC37308D240F6F4321D
:10268000914298BF0123837310BD0023F0E700231C
:10269000F9E790F90000431E58425841704790F9FD
:1026A0000000431C5842584170470346007B10B15C
:1026B000587B80F0010000F0010070470346807BEA
:1026C00010B1D87B80F0010000F0010070470000DD
:1026D000064B0022C0E9022380ED000B00F110033D
:1026E0006030A3EC020B8342FBD170470000F03F47
:1026F00008B5D0E90223D0E900010AF073F841ECF3
:10270000100B08BD08B5074B022118600648FBF7FF
:1027100059F9064B602283F839234FF000725A6052
:1027200008BD00BFCCCB002000100A4000E100E053
:1027300010B5084C236863B1074A0139FBF77FF9EC
:1027400038B1002320680449BDE810401A46F8F764
:102750006DB910BDCCCB002018CC002038B51A4C78
:102760002569B5F5004F1CD16368DD0642BF63687B
:1027700023F0100363606368180742BF636823F0A7
:1027800008036360104B5A685A68110608D5412245
:102790001A601A6822F041021A601A68D207FCD443
:1027A00038BD55B129462046FFF7C2FF691E2046B5
:1027B000C9B2BDE83840FBF755B9D4F86C31012BEC
:1027C00008BFC4F86C51EBE700100A40074B1B88A8
:1027D000DB0507B506D50090054B0022012103203B
:1027E00003F09CFA03B05DF804FB00BF5215002013
:1027F000E15C020000B5A3B00346064A009102A8BE
:1028000080210EF021F802A8FFF7E0FF23B05DF869
:1028100004FB00BF043302002DE9F0410026174FEE
:10282000DFF86880A4B004463546227BF3B29A42B2
:1028300018D83D4400236B702168114A114B029750
:10284000002918BF1346227BCDE900328021A368FE
:102850000D4A04A80DF0F8FF04A8FFF7B7FF24B055
:10286000BDE8F0812344C5F1200178195B7B424625
:102870000DF0EAFF2844C5B20136D6E7DCCB0020D4
:102880001F330200233302002D33020027330200DE
:1028900010B588B0C379069383790593437904937F
:1028A00003790393C378029383780193064C4378AA
:1028B00000930378054A202120460DF0C5FF002330
:1028C0002046E37708B010BDDCCB00205433020073
:1028D0002DE9F0410546182098460E46174604F0AB
:1028E000F3F8012330801824288088F800303B70EA
:1028F000204604F0E9F82B88834282BFA4F1170335
:1029000028803B703388834238BFA4F1170304F159
:1029100001043CBF308088F80030282CE8D1BDE8A5
:10292000F0812DE9F8430646102099460F4690465F
:1029300004F0DCF8012380B238801024308089F85C
:10294000003088F80030204604F0D0F8338885B293
:10295000AB4282BFA4F10F03358088F800303B887A
:10296000AB4238BFA4F10F0304F101043CBF3D802A
:1029700089F80030182CE6D1BDE8F883064B18889A
:10298000064B1B88C01A064B1B880A2253439842E9
:10299000D4BF002001207047D8CB0020DACB002024
:1029A0007612002010B5174CC0F38013E377C0F304
:1029B000401384F82030C0F3001384F82130C0F3B2
:1029C000C00384F8223000F0010384F82330C0F300
:1029D000400384F82430C0F30023C0F3C01084F80F
:1029E000253084F8260001F035FFC0F3001084F88C
:1029F0002700FFF7C3FF003818BF012084F8280024
:102A000010BD00BF1A1200202DE9F14F424D434E78
:102A1000434FDFF828A1DFF828B1DFF82891414CB7
:102A2000284601F0B1FD33463A4651465846FFF775
:102A30004FFF3D4B3D493E4A4846FFF772FF462057
:102A400004F042F84FF00A08B0FBF8F0E0810E20E5
:102A500004F04CF890FBF8F02082082004F046F8CF
:102A600090FBF8F0608201F0D9FE6A7C2275AA7CA6
:102A70006275608101F018FFFFF794FF6425BBF8D1
:102A80000020B9F80000B2FBF8F2B0FBF5F0628666
:102A9000BAF80020B2FBF8F3A38609F039FE1CA3B4
:102AA000D3E9002309F0E8FC0AF05EF91F4BE08649
:102AB0001888B0FBF5F009F02BFE15A3D3E900232D
:102AC00009F0DAFC0AF050F91A4D3B7820872A46C3
:102AD000082104F13A000DF0B7FE33782A460821A8
:102AE00004F142000DF0B0FE134D114B2A461B7845
:102AF000082104F14A000DF0A7FE0B4B1B782A4673
:102B0000082104F1520001B0BDE8F04F0DF09CBE69
:102B10006666666666127140FCCB0020D2CB002050
:102B2000D3CB00201A120020D0CB0020D4CB002021
:102B3000D1CB00207C33020083330200D8CB0020AD
:102B4000DACB0020D6CB002000230122C1E90032DD
:102B500040F259328A600722C1F811300A73C1F875
:102B60000D3003784B7444F650634B82704700235A
:102B70000122C1E9003240F251328A600822C1F8D4
:102B80000D30C1F811300A7343884B73D3408B73F7
:102B90008388CB73D3400B74C3884B74D3408B743E
:102BA0000389CB74D3400B75704700230122C1E920
:102BB000003240F255328A600422C1F80D300A73A7
:102BC000C1F8113043894B731B0A8B738389CB7314
:102BD0001B0A0B74704700230122C1E9003240F246
:102BE00056328A600622C1F80D30C1F811300A73DE
:102BF000C3894B731B0A8B73B0F91030CB731B1254
:102C00000B74B0F912304B741B128B747047002395
:102C10000122C1E900324FF457728A600222C1F8E2
:102C20000D300A73C1F81130437D027D9B0143EAE8
:102C3000C213827D43EA42134B7370470023012283
:102C4000C1E9003240F25E338B6008230B734FF012
:102C50002033C1F80D30C1F8113000F116030C31EA
:102C60001E3013F8012F01F8012F8342F9D170476C
:102C700000230122C1E9003240F25A328A60082260
:102C80000A73C1F80D30C1F81130C37F002B08BFA3
:102C9000134690F8202018BF04236AB343F01003B2
:102CA00090F821205AB343F040034B7390F8223040
:102CB00090F82320C3F10203DBB21AB343F00403FC
:102CC00090F824200AB343F0100390F82520FAB1BD
:102CD00043F040038B7390F8263090F82720C3F11F
:102CE0000203DBB2BAB143F04003CB7390F8283053
:102CF000C3F102030B74704743F02003D0E743F0A5
:102D00008003D2E743F00803DAE743F02003DCE76F
:102D100043F08003DEE743F08003E6E7002301226F
:102D2000C1E9003240F272328A600822C1F80D30E7
:102D3000C1F811300A73438D4B73D3408B73838D6D
:102D4000CB73D3400B74C38D4B74D3408B74038E01
:102D5000CB74D3400B75704700230122C1E90032C8
:102D600040F273328A600822C1F80D30C1F8113088
:102D70000A73438E4B73D3408B73838ECB73D340D4
:102D80000B74C38E4B74D3408B74038FCB74D340BE
:102D90000B75704700230122C1E900324FF45D72C8
:102DA0008A600822C1F80D30C1F811300A7300F1B1
:102DB00039030C31413013F8012F01F8012F834200
:102DC000F9D1704700230122C1E9003240F2753287
:102DD0008A600822C1F80D30C1F811300A7300F181
:102DE00041030C31493013F8012F01F8012F8342C0
:102DF000F9D1704700230122C1E9003240F2763256
:102E00008A600822C1F80D30C1F811300A7300F150
:102E100049030C31513013F8012F01F8012F83427F
:102E2000F9D1704700230122C1E9003240F2773224
:102E30008A600822C1F80D30C1F811300A7300F120
:102E400051030C31593013F8012F01F8012F83423F
:102E5000F9D1704700230122C1E9003240F27932F2
:102E60008A600822C1F80D300A73C1F81130B0F839
:102E70005A304B73D3408B737047000010B586B047
:102E80000446FFF7C1FD92486946FFF75DFE6A46BA
:102E900002212046FAF7B8FD20B98E48FFF796FCCC
:102EA00006B010BD0DF10D00FFF7F2FC014640F237
:102EB0005930FFF79FFC86486946FFF758FE6A467F
:102EC00003212046FAF7A0FD0028E6D00DF10D0001
:102ED000FFF7DEFC014640F25130FFF78BFC7C48E7
:102EE0006946FFF762FE6A4604212046FAF78CFD28
:102EF0000028D2D00DF10D00FFF7CAFC014640F2C8
:102F00005530FFF777FC72486946FFF764FE6A4662
:102F100005212046FAF778FD0028BED00DF10D00FE
:102F2000FFF7B6FC014640F25630FFF763FC6848F5
:102F30006946FFF76CFE6A4606212046FAF764FDF3
:102F40000028AAD00DF10D00FFF7A2FC01464FF4B6
:102F50005770FFF74FFC5E486946FFF76FFE6A4601
:102F600007212046FAF750FD002896D00DF10D00FC
:102F7000FFF78EFC014640F25E30FFF73BFC544801
:102F80006946FFF775FE6A4608212046FAF73CFDC0
:102F9000002882D00DF10D00FFF77AFC014640F2C7
:102FA0005A30FFF727FC4A486946FFF7B7FE6A46E2
:102FB00009212046FAF728FD00283FF46EAF0DF1F5
:102FC0000D00FFF765FC014640F27230FFF712FC7E
:102FD0003F486946FFF7C0FE6A460A212046FAF7D5
:102FE00013FD00283FF459AF0DF10D00FFF750FC21
:102FF000014640F27330FFF7FDFB35486946FFF7A5
:10300000C9FE6A460B212046FAF7FEFC00283FF471
:1030100044AF0DF10D00FFF73BFC01464FF45D702E
:10302000FFF7E8FB2A486946FFF7CCFE6A460C2109
:103030002046FAF7E9FC00283FF42FAF0DF10D0010
:10304000FFF726FC014640F27530FFF7D3FB20481E
:103050006946FFF7CFFE6A460D212046FAF7D4FCF9
:1030600000283FF41AAF0DF10D00FFF711FC0146E7
:1030700040F27630FFF7BEFB15486946FFF7D2FEF7
:103080006A460E212046FAF7BFFC00283FF405AF40
:103090000DF10D00FFF7FCFB014640F27730FFF722
:1030A000A9FB69460A48FFF7D5FE0A4620460F21CC
:1030B000FAF7AAFC00283FF4F0AE0DF10D00FFF77F
:1030C000E7FB014640F27930FFF794FB0248E5E662
:1030D0001A1200208A330200A3330200094B8268CF
:1030E00010B51C6840F205318C4209D140F207341A
:1030F000111B4C424C411A60FFF78EFB204610BD5D
:103100000024F8E7C8CB002080B5002288B0182141
:103110000420F7F7B3FB254C206001F0D0FA002221
:1031200001462348FAF7C8FB0022214840F2053344
:103130001146FAF74FFCF0B901221E4B1146002050
:1031400002F0ECFD20681A4D1B4E1C4FFFF7DAFA17
:103150004FF0FF32206802A9F7F708FD0128024668
:10316000F6D1029B002B17DAB34203990DD1284602
:10317000FAF7DCFAECE70E4840F2073300220121AF
:10318000FAF728FC0028DDD1D6E7009301463B463C
:10319000002002F0C3FDDBE702A8FFF79FFF002835
:1031A000D6D02846FFF76AFED2E700BF30CC002019
:1031B00000100A40D733020001000080F033020003
:1031C00007B51048FAF72AFD4FF080420E48936B7E
:1031D00023F07F4343F0AA4393634FF4005101224D
:1031E000FAF794FF4FF040230122C3F8742800231C
:1031F000CDE9003305490648FA22F8F79BF803B0F9
:103200005DF804FB19000040404000401534020006
:103210000931010010B586B004461022002102A831
:103220000BF01AFB064B0748CDE900344FF0FF3294
:10323000002369460068F7F747FB06B010BD00BFE2
:103240000100008030CC0020F8B500F075FE314C54
:10325000314E324FC820F8F71DFBF8F7FFF92D4922
:103260000546042006F07CFCD6E90032D4E90001D2
:10327000043342F1000283428A4109DA3B460022CC
:103280000121032002F04AFDD4E90023C6E900230E
:10329000234A1368EB1AB3F57A7F0DD3214B1560DF
:1032A000196821484A1C1A602A460DF085FC1F4BFC
:1032B0001B6898680BF0D0FB1D4BD4E90001D3E9E3
:1032C0000052914208BFA84203D0C3E9000100F0B8
:1032D000B1FA00F041F800F029FCD4E9000100F057
:1032E000BBFCD4E9000100F0D3F8204600F054FD07
:1032F00000F04CF8D4E9000100F0EEFCD4E9000144
:1033000000F06EF8D4E9000100F0F8F800F046FC97
:10331000A0E700BF50CC002040CC002019340200B0
:103320004CCC002048CC0020223402006016002043
:1033300038CC002007B500230222CDE90023044940
:1033400004484FF47A72F7F7F5FF03B05DF804FB19
:10335000BB4902004932010038B501F07BFA05464D
:1033600001F0A2FA00F49E7304462B430CBF012027
:10337000002004F0D30401F021FA2C4308BF0120FF
:10338000BDE8384018BF002001F030BA37B5F5F776
:10339000C1F90546F5F7C6F9404200F002000543C1
:1033A00001F018FA044601F0FDF9404200F0020075
:1033B0000443EDB2E4B2AC420DD0CDE90054074B6A
:1033C00000220121022002F0A9FC204603B0BDE842
:1033D0003040F5F7E9B803B030BD00BF3C3402001F
:1033E000F7B505460E4601F035FA244C0746D4E9F8
:1033F000003268B9134305D00246214B0121022057
:1034000002F08CFC00220023C4E9002303B0F0BDCD
:10341000134319D1C4E90056F5F78CF9012211467E
:10342000184B002002F07AFCF5F798F90A20F8F71B
:1034300031FAF5F799F907F02FFA0122124B0097AC
:103440001146104602F06AFCD4E90032ED1A66EB30
:1034500002061E2D76F10006D8DB01F097F9002850
:10346000D4D10122CDE90075084B114602F056FC7B
:1034700003B0BDE8F04001F07DB900BF68CC00208A
:103480006D340200A6340200D63402001135020069
:1034900037B50D46044601F055F9154A154B11781C
:1034A0001070F1B9D3E9022152EA01001ED0A41A2A
:1034B00065EB0105012C75F1000517DB00200021EB
:1034C000C3E9020101F0C6F980B901220A4B009458
:1034D0001146104602F022FC03B0BDE8304001F076
:1034E00049B90028DED1C3E90245DBE703B030BDAE
:1034F00060CC002068CC00205835020073B52F4DF9
:10350000D5E904238B4208BF824204460E4608D008
:10351000C5E9040101F03AF928B900220023C5E900
:10352000062302B070BDD5E90632134307D101224C
:10353000234B11461046C5E9064602F0EFFBD5E9DC
:103540000632E41A66EB020654EA060305D140206F
:1035500002B0BDE8704004F057B90B2C76F10006BC
:10356000DFDB012211461046164B009402F0D6FB19
:103570003220F8F78FF9F5F7E3F84FF4FA70F8F71F
:1035800089F90122104B1146002002F0C7FBC82028
:10359000F8F780F959244FF0804316208821C3F8AA
:1035A0000041C3F80001C3F80011D3F80021002A3C
:1035B000F5D002B0BDE87040FCF7E6BA68CC002058
:1035C00094350200CA350200FF35020010B4054BE5
:1035D000054C002918BF234604495DF8044B02F04E
:1035E0005BBA00BF3F3602003B360200473602009E
:1035F000034608460BB101F063B901F06FB9000052
:1036000010B50146094A04460120FFF7DFFF80217B
:103610002046FFF7EDFF064B24B1D3E90001C3E9D3
:103620001E0110BD00200021F9E700BF583602003E
:1036300090CC002010B50146094A04460120FFF74E
:10364000C5FF4FF480712046FFF7D2FF054B24B130
:10365000D3E90001C3E9200110BD00200021F9E7F2
:103660007536020090CC002010B501460446054A8C
:103670000120FFF7ABFF20462021BDE81040FFF7F7
:10368000B7BF00BF9536020010B501460446054A93
:103690000120FFF79BFF20460821BDE81040FFF7FF
:1036A000A7BF00BFB136020010B501460446054A67
:1036B0000120FFF78BFF20460421BDE81040FFF7F3
:1036C00097BF00BFCE36020010B501460446054A3A
:1036D0000120FFF77BFF20461021BDE81040FFF7D7
:1036E00087BF00BFEA36020010B501460446054A0E
:1036F0000120FFF76BFF20464021BDE81040FFF797
:1037000077BF00BFFB36020010B501460446054AEC
:103710000120FFF75BFF20460221BDE81040FFF7C4
:1037200067BF00BF1537020010B501460446054AC1
:103730000120FFF74BFF20460121BDE81040FFF7B5
:1037400057BF00BF2F37020010B50146074A044695
:103750000020FFF73BFF10201CB1BDE8104001F036
:1037600085B8BDE8104001F08FB800BF48370200AF
:10377000F7B51F46174BD3E90045241A65EB010541
:10378000782C75F10003164607DBCDE900240122F1
:10379000114B1146002002F0C1FA442003F094F9C5
:1037A000030605D4782C75F100050CDA03B0F0BDE2
:1037B0000A4C207828B90122094B0096114602F0E4
:1037C000ADFA01232370384603B0BDE8F04001F0A4
:1037D0004DB800BF90CC00206537020088CC002097
:1037E0008A37020010B50146074A04460020FFF759
:1037F000EDFE01201CB1BDE8104001F037B8BDE876
:10380000104001F041B800BFB937020010B50146C1
:10381000074A04460020FFF7D9FE02201CB1BDE88C
:10382000104001F023B8BDE8104001F02DB800BFF2
:10383000D23702002DE9F047B24C8CB004F13202CD
:10384000C4E900013621282003F062F9382003F092
:103850003BF9A4F85200392003F036F9A4F85400DB
:103860003A2003F031F9A4F85600432003F02CF974
:10387000A4F858004F2003F027F9002604F15B0557
:10388000A4F85A003746A01D2946324630F802CF28
:10389000438D9C4518BF4B7802F101021ABF0133DA
:1038A000DBB20023102A01F8013FEFD1228DB4F8DA
:1038B0005230618DA08D9A4218BF94F86C20B4F8F4
:1038C00054301ABF0132D2B20022994218BF94F884
:1038D0006D30B4F8561084F86C201ABF0133DBB297
:1038E0000023884218BF94F86E1084F86D301ABF18
:1038F0000131C8B200204FF0000C84F86E00614620
:103900004FF0010815F801EFBEF1030F88BF08FA68
:1039100001FE01F1010198BF4FF0000E10294CEAA1
:103920000E0CEFD1032A94BF00220122032B94BF77
:10393000002501256D04032894BF0023012345EAD7
:10394000024545EA834555EA0C0531D0DFF8D8A198
:103950004FF000084FF0010909FA08F32B4207D095
:103960000122CDF8008053461146002002F0D6F91E
:1039700008F10108B8F1100FEED1E90305D50122D5
:10398000614B1146002002F0C9F9AA0305D50122B6
:103990005E4B1146002002F0C1F96B0305D50122F0
:1039A0005B4B1146002002F0B9F9202000F05EFFC9
:1039B000B4F85A20238E9A4268D000220023C4E92A
:1039C0001C23E38DB4F858A053457DD1D4E91E01E2
:1039D00050EA010340F09180D4E9200150EA01034C
:1039E00003D04C4A0823FFF7C3FE4B4BA3F12A0236
:1039F00003F1280518685968144603C40833AB421C
:103A00002246F7D11B88238004AD2A46272118209F
:103A100003F07EF800224FF6FF730392ADF80830F2
:103A2000964690469446144611464FF00A0935F8DA
:103A300011000530B0FBF9F082B294453EBFCEB222
:103A400094464FF00108934288BFCFB201F10101C3
:103A500084BF13464FF0010E10290444E7D1BEF194
:103A6000000F03D08DF80E70ADF80830B8F1000FDC
:103A700003D08DF80F60ADF80CC0240902A8ADF892
:103A80000A4000F04BFF0CB0BDE8F087D4E91C23DE
:103A9000012A73F10005D4E9001002DAC4E91C1010
:103AA0008FE78A1A60EB0303142A73F1000388DBA3
:103AB0000122C4E91C10194B1146002002F02EF916
:103AC000202000F0D3FE7CE7154D83EA0A084FF072
:103AD00000092A8818EA020F07D06B682BB11AEA8E
:103AE000020F14BF01200020984709F10109B9F124
:103AF0000C0F05F10805ECD168E70A4A0423FFF72B
:103B000037FE69E790CC0020143802003C380200F0
:103B100066380200A9380200C2CC002086380200B4
:103B2000CC9B0200563B0200EF37020037B500F095
:103B300099FD164A49F63F44A0429378D4BF002429
:103B40000124A34201D15178E9B92BB149F63F4391
:103B50009842CCBF0023012301211370947051704F
:103B60000B4B0C4A49F63F45A842C8BF1346009389
:103B70000022094B022002F0D1F8204603B0BDE834
:103B8000304000F0EBBD03B030BD00BF18CD0020C9
:103B9000BF380200B5380200C9380200034B1A785A
:103BA0001AB100221A7006F07ABE704718CD0020B4
:103BB00037B5134C134A6078134B144D00280CBFD3
:103BC00019461146A078002818BF1346CDE9001306
:103BD00000220F4B0121022002F0A0F8A37853B17C
:103BE0002B689847AB6843B19847607003B0BDE855
:103BF000304000F007BE6B68F3E7A078F5E700BF40
:103C000078120020DF380200E2380200C0120020E3
:103C1000E638020070B506460D4690470C4C28B9B0
:103C200000220023C4E90223A07070BDD4E902324F
:103C3000134302D0A378002BF7D1064B00220121B9
:103C4000022002F06BF80123C4E90265A370ECE7DF
:103C50007812002008390200F8B51C4D07460E46C0
:103C600000F018FD95F900308342044606D06B78C9
:103C7000AB7000220023C5E902232870652C06D111
:103C800000230022C5E902230023AB70F8BD662C97
:103C900006D10F4A38463146BDE8F840FFF7BABFB3
:103CA000672C01D10B4AF5E704F16403DBB2C72BA3
:103CB000ECD800F0B3FD002CB8BF40428442DFDAFC
:103CC00000230022C5E902230123DEE77812002049
:103CD000D5470100A547010073B51E4E337C04464D
:103CE0000D461BB1FFF764FF002333747278B3787D
:103CF0009A4205D100220023C6E9022302B070BD1A
:103D0000D6E9023253EA02011ED0E41A65EB02053D
:103D1000D4F5967465EB45053C22002320462946E0
:103D200009F042F81A430BD1012C75F100050BDBA9
:103D3000094B009400220121022001F0EFFFDDE792
:103D4000012C75F10005D9DA02B0BDE87040FFF72B
:103D50002FBF00BF781200203C39020037B5FEF7B4
:103D6000EBFB0B4D6428A8BF6420EB6A20EAE074EB
:103D7000A3420AD0074B009400220121022001F047
:103D8000CDFFE0B200F056FDEC6203B030BD00BFE5
:103D9000901200205A3902002DE9F0435D4C87B0A3
:103DA000074604A800F0AAFDA38CBDF81220BDF8B8
:103DB00010109342BDF8143003D1608C814200F0A2
:103DC000A180CDE901230091534B01210022022063
:103DD00001F0A4FF04A8FEF797FB04AB03CB4F4B05
:103DE000C4F82200596000F0F5FC064600F0DAFC49
:103DF00094F82030B342054603D194F82130834231
:103E000012D0474B002201210220CDE9006501F0CC
:103E100085FF8DF810608DF811500498FEF782FB35
:103E200084F8206084F82150D4E90420D7E90013F5
:103E3000891A3C4A3C4D63EB00038A424FF0000272
:103E40009A41A1BFA369BE68F61A384BA2BF96FB80
:103E5000F3F64FF47A7303FB016697E80F00B8BFDF
:103E60004FF0FF3685E80F0042F210739E420CD9E6
:103E700001222F4B00961146104601F04FFF002300
:103E8000236000220023C4E9022323683344236013
:103E900000F0F4FBA0FB0653C21706FB0236D4E980
:103EA0000232D4F80090ED1846EB0206B9F57A7F9D
:103EB000C4E902564FF0000729D34A463B4628463C
:103EC000314608F071FF4FF47A7280460290002369
:103ED0002846314608F068FF3A46CDE90090154B78
:103EE0000121022001F01AFF20684146FEF7C2FAC4
:103EF00000220023C4E90223276007B0BDE8F04395
:103F0000FFF72CBFE08C83427FF45BAF6BE707B019
:103F1000BDE8F083901200206A390200B21200203E
:103F20009039020035894100A012002040420F0064
:103F3000B2390200E539020008B5FEF779FABDE8AA
:103F40000840FFF70BBFF4F71BBCF4F713BC0000ED
:103F500010B5044600F048F86168114A40F2E733B2
:103F60008B42A8BF0B4623EAE3730E4953602368D4
:103F70008B42A8BF0B463C2BB8BF3C23E1681360C3
:103F80002389138140F26D138B42A8BF0B46012B8E
:103F9000B8BF0123BDE81040D36000F041B800BFB6
:103FA000CC120020803A090010B5044600F01CF83D
:103FB000044B93E8030084E80300BDE8104000F0E0
:103FC0002FB800BFCC12002010B5044600F00CF84A
:103FD000044B93E8030084E80300BDE8104000F0C0
:103FE0001FB800BFD412002010B50C4C23681BB9B9
:103FF0000120F6F709FD2060206840B94FF050031A
:1040000083F31188BFF36F8FBFF34F8FFFDEBDE8DF
:1040100010404FF0FF31F6F737BE00BF1CCD002037
:104020000348002300681A461946F6F74DBC00BF46
:104030001CCD002010B5084C0146002254F8323047
:1040400011EA030003D0054B53F8320010BD0132D2
:104050000A2AF3D1FAE700BFC09C0200BC9C020010
:1040600010B5074A002352F83340844202EBC301E3
:1040700001D1486810BD01330A2BF4D10020F9E7C3
:10408000BC9C020010B5084C0146002254F83230A6
:1040900011EA030003D0054B53F8320010BD013282
:1040A000062AF3D1FAE700BF109D02000C9D020022
:1040B00010B5074A002352F83340844202EBC30193
:1040C00001D1486810BD0133062BF4D10020F9E777
:1040D0000C9D020010B5074A002352F83340844279
:1040E00002EBC30101D1486810BD0133102BF4D19C
:1040F0000148F9E73C9C0200ED3202000A285ED03C
:1041000039DC10F1280F5AD010F1270F1CDA10F10A
:10411000460F54D010F1450F0CDA10F15A0F4ED063
:1041200010F1500F4BD010F1640F14BF65206FF0E9
:104130006300704710F13C0F41D010F1320F14BFF3
:1041400065206FF03100704710F10A0F37D010F181
:10415000090F09DA10F11E0F31D010F1140F14BF3E
:1041600065206FF013007047431C28D0002814BF4F
:10417000652000207047462821D010DC28281ED05A
:1041800006DC14281BD01E2814BF65201E20704793
:10419000322814D03C2814BF65203C207047632887
:1041A0000DD006DC50280AD05A2814BF65205A20AA
:1041B0007047662803D0672814BF652067207047C2
:1041C0002DE9F0414FF48050F6F796F904460028A7
:1041D00060D04FF48052FF210AF03EFB2E4B224666
:1041E00003F10C071E4653F8041B42F8041BBB42A4
:1041F000F9D11B88138059254FF080431620882160
:10420000C3F80051C3F80001C3F80011D3F800212E
:10421000002AF5D0F9F71AFF204A136843F0080383
:1042200013604FF47830F9F7D9FEA0464FF4783593
:10423000284658F8041B0435F9F738FFB5F57C3FDC
:10424000F6D1A4F104084FF478352846F9F706FFB3
:1042500058F8043F984203D10435B5F57C3FF4D1BA
:10426000F9F780FE2046F6F7D1F90B4B1A4653F8C2
:10427000041B42F8041BBB42F9D11B88138006487B
:104280000E224FF478310CF047FCB0FA80F0400970
:1042900006F8010CBDE8F08121CD002000C00040EF
:1042A000344B70B5344E4FF478321C46154603CD6E
:1042B000B542186059602A4603F10803F6D1286810
:1042C0001860AA889A802D4AB2F80130013B9BB24F
:1042D0004FF6FD718B4281BF1C2353707F23937077
:1042E000B2F80330013B9BB24FF6FD718B4281BFA8
:1042F0006FF00C03D3707B231371B2F80530013BD0
:104300009BB24FF6FD718B4281BF332353716FF027
:104310007D039371D2F80730013B033308D9202382
:10432000D3716FF05E0313720723537200239372ED
:10433000D2F80B100846FFF7E1FE814205D00023BA
:104340006521D1721373537393730A480E224FF48D
:1043500078310CF0E1FB08B1FFF732FF05480E227F
:104360004FF478310CF0D8FBB0FA80F0400904F833
:10437000010C70BD21CD002008E0030020CD0020FD
:10438000034810F8013B002B18BF4FF478307047FA
:1043900020CD002038B50246FFF7F2FF094B00F1AF
:1043A0000C04194650F8045B43F8045BA042F9D1B1
:1043B0000088188013680B6093888B80BDE83840B4
:1043C000FFF7FEBE21CD002010B50246FFF7D8FF53
:1043D000084B00F10C0150F8044B43F8044B8842A1
:1043E000F9D101881980044BBDE81040C3F80720BB
:1043F000FFF7E6BE21CD002020CD002010B50246FB
:10440000FFF7BEFF0A4B00F10C0150F8044B43F8D4
:10441000044B8842F9D1018819801046FFF76EFEDF
:10442000044BBDE81040C3F80B00FFF7C9BE00BF46
:1044300021CD002020CD002008B5FFF7A1FFBDE869
:104440000840D0F80A00FFF759BE00002DE9F043FC
:104450001F46531A06EE103AB8EEC66AF3EE0E7A0D
:1044600026EE276A07EE900AB8EEE77A07EE901A72
:10447000F8EEE77A441867EEA77A1444E7EE077A75
:1044800080460D4607EE102AB8EEC77AF0EE085ABD
:10449000E7EE077A164607EE104AB8EEC77A2DED1A
:1044A000028B67EE476A89B0E7EEA56ADDF84890AF
:1044B000DFED307AB0EEE65AB4EEE75AF1EE10FADC
:1044C00014D516EE900A08F035F90122CDE9000165
:1044D000294B1146002001F021FC00233B60C9F864
:1044E000003009B0BDEC028BBDE8F083C6EE267A41
:1044F000C7ED007AF1EE677A87EEA58A28EE078A83
:1045000089ED008A3C6818EE100A08F013F907EEEE
:10451000904AB0EEE77ADFED197AB4EE677AF1EE01
:1045200010FA06D8B0EEC88AB4EE678AF1EE10FA37
:104530000DD9CDE90201204608F0FCF80122CDE9B1
:1045400000010F4B1146002001F0E8FBC5E7CDE963
:104550000601204608F0EEF8CDE90156CDE9040148
:10456000084BCDF8008000220121022001F0D6FB8B
:10457000B7E700BFBD378635AD3B0200FFFF7F7F49
:10458000F43B02002A3C020038B5074D0446FFF711
:104590002BFD0FCD0FC495E8070084E80700BDE8A8
:1045A0003840FFF73DBD00BFDC12002010B50446C7
:1045B000FFF71AFD07EE904ADFED0A6A0A4BB8EEE4
:1045C000E77ADFED0A7A1C81E7EE267ABDE8104033
:1045D0009FED077A67EE877AFDEEE77AC3ED007A02
:1045E000FFF71EBD6E858C3ADC1200209C5EE6BA99
:1045F00000007A44F7B5194C0546FFF7F5FC237F18
:1046000065819BB9FFF7BCFE0688FFF7B9FE4788B6
:10461000FFF7B6FE04F1240382880093394604F1C3
:1046200020033046FFF712FF0123237707EE905A4D
:10463000D4ED086AB8EEE77AD4ED097AE6EE877A27
:104640009FED077A67EE877AFDEEE77AC4ED017A8F
:1046500003B0BDE8F040FFF7E3BC00BFDC12002070
:1046600000007A4410B5FFF7BFFC034B1C68FFF74E
:10467000D7FC204610BD00BFDC12002010B5FFF7AC
:10468000B3FC034B5C68FFF7CBFC204610BD00BFBA
:10469000DC12002010B5FFF7A7FCFFF7CDFE0446A3
:1046A000FFF7BEFC204610BD10B50446FFF79CFC8A
:1046B0002046FFF7A3FEBDE81040FFF7B1BC10B5E0
:1046C000FFF792FCFFF75CFED0F80640FFF7A8FC6E
:1046D000204610BD10B50446FFF786FC2046FFF7C4
:1046E00073FEBDE81040FFF79BBC10B50446FFF712
:1046F0007BFCFFF745FE036823608388A380BDE849
:104700001040FFF78DBC000037B50446FFF76CFC86
:104710002046FFF73FFEFFF733FE0488FFF730FE29
:104720004588FFF72DFE064B8288191D0091204613
:104730002946FFF78BFE03B0BDE83040FFF770BCA1
:10474000FC12002010B5FFF74FFC034BDC7BFFF79A
:1047500067FC204610BD00BFDC12002010B50446E7
:10476000FFF742FC024BDC73BDE81040FFF758BC7A
:10477000DC12002008B5FFF737FC034B0122DA7486
:10478000BDE80840FFF74CBCDC12002010B5FFF775
:104790002BFC034BDC7CFFF743FC204610BD00BF25
:1047A000DC12002010B5FFF71FFC034B5C7CFFF709
:1047B00037FC204610BD00BFDC12002010B50446B7
:1047C000FFF712FC024B5C74BDE81040FFF728BCF9
:1047D000DC12002010B5FFF707FC034B9C7CFFF7B1
:1047E0001FFC204610BD00BFDC12002010B504469F
:1047F000FFF7FAFB024B9C74BDE81040FFF710BCBA
:10480000DC12002010B50446FFF7EEFB024B1C74CF
:10481000BDE81040FFF704BCDC12002010B5FFF724
:10482000E3FB034B1C7BFFF7FBFB204610BD00BFE7
:10483000DC12002010B50446FFF7D6FB642C044BB5
:1048400028BF64249C81BDE81040FFF7E9BB00BF8E
:10485000DC12002010B5FFF7C7FB034B5C69FFF7C4
:10486000DFFB204610BD00BFDC12002010B504465F
:10487000FFF7BAFB034A53692343BDE81040536175
:10488000FFF7CEBBDC12002010B50446FFF7ACFBEF
:10489000044A536923EA0403BDE810405361FFF75B
:1048A000BFBB00BFDC12002010B5FFF79DFB034B20
:1048B0009C69FFF7B5FB204610BD00BFDC1200204D
:1048C00010B50446FFF790FB034A93692343BDE804
:1048D00010409361FFF7A4BBDC12002010B5044622
:1048E000FFF782FB044A936923EA0403BDE8104002
:1048F0009361FFF795BB00BFDC12002010B50446A2
:10490000FFF772FB1CB1044B03CB20606160BDE874
:104910001040FFF785BB00BF0413002010B504460C
:10492000FFF762FB1CB1044B2068616803C3BDE85C
:104930001040FFF775BB00BF0413002008B500F05E
:1049400031F918B9BDE8084000F0E6BA08BD00002A
:1049500007B500F091FBFFF7F1FF084B186050B16D
:10496000036800930022064B0121022001F0D6F9D2
:1049700003B05DF804FB034BF3E700BF30CD00202C
:10498000633C02005E3C020070B50A4C23680D4691
:10499000164673B19B6898472368314628461B69C1
:1049A000984723685B6998472368BDE87040DB68D7
:1049B000184770BD30CD002070B5074D2B680446F8
:1049C0004BB19B68092098472B68214620461B69FC
:1049D000BDE87040184770BD30CD002070B50F4B5A
:1049E0000F4C197822680131C9B2197011F01F01FA
:1049F00013690DD101251571984723685B699847A4
:104A0000236809221A712368BDE87040DB681847E3
:104A10000021984723685B699847F4E72FCD002071
:104A200030CD002008B5222000F04FFB074B1B794A
:104A30001B074CBFFF20F72000F04EFB202000F0AA
:104A400044FBBDE80840012000F075BB0C130020BA
:104A500008B5344B187100F027FB122000F035FB2D
:104A6000012000F068FB182000F02FFB802000F0F0
:104A700033FB222000F029FBB12000F02DFB202089
:104A800000F023FB012000F056FB1A2000F01DFB74
:104A9000642000F021FB002000F01EFB222000F02B
:104AA00014FB912000F018FB202000F00EFB0120E9
:104AB00000F041FB112000F008FB032000F00CFB8C
:104AC000212000F002FB002000F006FB802000F017
:104AD00003FB442000F0F9FA002000F0FDFA0F205B
:104AE00000F0FAFA452000F0F0FA002000F0F4FAA5
:104AF000002000F0F1FA272000F0EEFA012000F08B
:104B0000EBFA4E2000F0E1FA002000F0E5FA4F2029
:104B100000F0DBFA002000F0DFFABDE808400020DA
:104B200000F0DABA0C13002070B50D46044648B305
:104B3000154B1B79092B0ED101464FF494522420BA
:104B400000F0DBFAF5B14FF4945229462620BDE877
:104B5000704000F0D2BA21B901464FF4945224209B
:104B6000F5E7242000F0B1FA661E04F59354013DE8
:104B70001F3416F8010F15F8013F184000F0ACFA89
:104B8000A642F6D170BD00BF0C13002008B510205E
:104B900000F09BFA012000F09FFABDE80840642075
:104BA00004F084BE07B500238DF806308DF8073079
:104BB00000F07AFA01220DF106012F2000F0B0FA80
:104BC0009DF8062002F00302012A03D0002003B062
:104BD0005DF804FB0DF107011F2000F0A1FA9DF81C
:104BE0000730002BF2D10148F1E700BF0C13002081
:104BF00010B5224C2379092B36D1012000F09BFA05
:104C00001F49E022322000F078FA372000F05DFAE8
:104C1000002000F061FA402000F05EFA202000F051
:104C20005BFA102000F058FA002000F055FA4020FE
:104C300000F052FA002000F04FFA002000F04CFA89
:104C40003C2000F042FA802000F046FA222000F0DA
:104C50003CFACF2000F040FA202000F036FABDE800
:104C60001040012000F067BA222000F02EFA2379CC
:104C7000DB074CBFC420F720ECE700BF2413002063
:104C8000BCAF02002DE9F843DFF8888098F80430C3
:104C90000D46D907044621D51A070ED54FF4945274
:104CA0002146242000F029FA95B329464FF4945266
:104CB000BDE8F843262000F020BAB5B901464FF40C
:104CC0009452242000F019FA262000F0FEF94FF447
:104CD0009456002000F000FA013EFAD198F8043012
:104CE0009B0715D5002CD9D1DEE7242000F0EDF983
:104CF00004F59356671E05F1FF391F3617F8010FAB
:104D000019F8013F184000F0E7F9B742F6D1DBE7A8
:104D1000BDE8F8832413002008B5102000F0D5F971
:104D2000012000F0D9F9BDE80840642004F0BEBDC0
:104D300038B5774D10F00104287100F09C8000F028
:104D4000B3F9012000F0F7F9122000F0BEF90120BC
:104D500000F0F1F9012000F0B8F9272000F0BCF9CB
:104D6000012000F0B9F9002000F0B6F9112000F0A0
:104D7000ACF9032000F0B0F9442000F0A6F90020BF
:104D800000F0AAF90F2000F0A7F9452000F09DF9E6
:104D9000002000F0A1F9002000F09EF9272000F08B
:104DA0009BF9012000F098F93C2000F08EF90520D5
:104DB00000F092F9212000F088F9002000F08CF931
:104DC000802000F089F9372000F07FF9002000F002
:104DD00083F9002000F080F9002000F07DF9002028
:104DE00000F07AF9002000F077F9402000F074F923
:104DF000002000F071F9002000F06EF9002000F0B2
:104E00006BF9002000F068F94249E322322000F0FB
:104E100074F93F2000F059F9222000F05DF90320D9
:104E200000F053F9172000F057F9042000F04DF975
:104E3000412000F051F9A82000F04EF9322000F096
:104E40004BF92C2000F041F9402000F045F94E20AC
:104E500000F03BF9002000F03FF94F2000F035F959
:104E6000002000F039F9002000F036F9BDE83840A4
:104E7000012000F060B900F017F9012000F05BF9A3
:104E8000122000F022F9012000F055F9012000F075
:104E90001CF9272000F020F9012000F01DF9204620
:104EA00000F01AF9112000F010F9032000F014F9B5
:104EB000442000F00AF9204600F00EF90F2000F01F
:104EC0000BF9452000F001F9204600F005F92046D5
:104ED00000F002F9272000F0FFF8012000F0FCF8B4
:104EE0003C2000F0F2F8052000F0F6F8212000F058
:104EF000ECF82B799B074CBF8020402000F0ECF8A9
:104F0000802000F0E9F8182000F0DFF880209CE70E
:104F100024130020A5B0020007B500238DF8063049
:104F20008DF8073000F0C0F801220DF106012F20A6
:104F300000F0F6F89DF8062002F00302012A03D0E3
:104F4000002003B05DF804FB0DF107011F2000F005
:104F5000E7F89DF807300D2BF2D10148F1E700BFCB
:104F60002413002013B588224FF0804459201621C5
:104F7000C4F80001C4F80011C4F80021D4F80031CD
:104F8000002BF5D0002280211948F8F7EFFD1848D2
:104F9000F8F744FE236C6FF30B032364236C43F494
:104FA000EE6343F007032364124C134B00930C226F
:104FB000082300212046FAF71BFA0022012120468F
:104FC000FAF710FB236843F480432360626912F40C
:104FD0000002FBD111460748FAF70DFB07490548C7
:104FE000FAF7D8FB064B602283F8332302B010BDDA
:104FF0000E0060660020064080841E0034CD002034
:1050000000E100E01FB58DF80F0008480268136842
:1050100043F4801313600023009301220DF10F016C
:10502000FAF7E0FB05B05DF804FB00BF34CD0020CB
:1050300013B5034606480468226822F480122260F1
:10504000002200911146FAF7CDFB02B010BD00BF5F
:1050500034CD002037B5054606480468236843F47C
:105060008013236000230A4600932946FAF7BAFB0F
:1050700003B030BD34CD002010B50A4C00222046CC
:105080001021F9F743F8012211464FF04020F9F7BB
:105090003DF8204601222021F9F738F8BDE81040FC
:1050A000FFF760BF8040004010B54FF04024002360
:1050B000C4F80038642004F0F9FB0123C4F8003878
:1050C0006420BDE8104004F0F1BB4FF04023002203
:1050D000C3F89428FFF796BF4FF040230122C3F88E
:1050E0009428FFF78FBF38B131B14FF04023012230
:1050F000C3F89428FFF79CBF704738B50C46154697
:10510000FFF7E3FF5CB155B14FF040230122C3F834
:10511000942829462046BDE83840FFF79BBF38BD9C
:1051200038B50C461546FFF7D0FF29462046BDE8A6
:105130003840FFF7D8BF38B504464FF0402501206E
:10514000F6F7A8FBD5F890385A1E53425341A342B4
:10515000F5D038BD10B5044604F058FB3021204688
:1051600004F07AFB236B1B1A5842584110BD20B142
:105170000368012B01D1FFF7EDBF0020704700004D
:10518000034BB3F5004F8CBF4FF400400020704735
:1051900085840000044B1A7C2AB9DA601A1DC3E921
:1051A000012201221A74704764CD002037B50446ED
:1051B000002844D00090234B00220121032000F05E
:1051C000ADFD012C3BD14FF47A70F6F763FB4FF045
:1051D000E022002113691C4C23F001031361072016
:1051E000F8F750FD59254FF0804316208821C3F869
:1051F0000051C3F80001C3F80011D3F80021002AC0
:10520000F5D0F8F723FF114B0A221B68B3FBF2F32A
:105210000F4A00212E202160D060516001215B00E7
:1052200011611BB94FF0FF332360DCE71169013BCB
:105230000029F6D103B0BDE83040FAF7ACBC03B0AA
:1052400030BD00BF813C020028BE0020E4110020D8
:1052500000C0004070B506464020FFF79BFF0D469A
:10526000F5F74AF90446B0B10B4A33460D21313007
:105270000BF0EAFA084A2B46292104F108000BF04A
:10528000E3FA064B9A68191D146021609C60626005
:10529000DA680132DA6070BDE15C020064CD0020A2
:1052A00038B5FFF777FF0E4C251DE36803B938BD0D
:1052B000606800210246AA420AD101B1E360D0E948
:1052C000003213605A60C0E90000F5F79FF9ECE77F
:1052D000904208BF03F1FF33126808BF0121EAE7DB
:1052E00064CD002008B5FFF755FF014BD86808BD15
:1052F00064CD002008B5FFF74DFF084A52F8043F7F
:10530000934201D1064807E010B11B680138F7E766
:10531000002BF7D003F1080008BD00BF64CD0020CA
:10532000963C020008B5FFF735FF084A52F8043FE3
:10533000934201D1064807E010B11B680138F7E736
:10534000002BF7D003F1310008BD00BF64CD002071
:10535000A53C020037B50E4D2B785BB9FFF710FF67
:105360000446FFF704FF40B90A4B0B4A23212846A5
:105370000BF06AFA064803B030BD04F12003009335
:10538000064A04F11003232128460BF05DFAF1E7E9
:1053900078CD00208EB10200B93C0200B23C020080
:1053A00010B5164C2046F8F739FC2046144C4FF443
:1053B000E0220021F8F7DAFB2046F8F72FFC204620
:1053C0004FF080444FF0E0620021F8F7CFFB636BB1
:1053D0006FF30F136363636B43F4885343F010035D
:1053E00063630020FAF7DEFBE36943F00103E36146
:1053F000E36943F00203E36110BD00BF1CFE0340FC
:105400001FFF0B8007EE902A7FB5B8EEE70A15461E
:1054100006460C460DF0AAFC94FBF5F305FB13447D
:10542000BDEEC00A002CB8BF6442CDE9006303940E
:10543000044B8DED020A00220121032000F06EFCD6
:1054400004B070BDBF3C020007B50223C0F8F830BD
:1054500000230193094B01A9986AF5F73CFB019BD6
:105460004BB14FF0E0234FF08052C3F8042DBFF34F
:105470004F8FBFF36F8F03B05DF804FB9CCD00200E
:105480002DE9F843DFF8808005460F46D8F82C0058
:105490004FF0FF3114469946F5F7F6FB0128064612
:1054A00030D12346002239462846F8F749FDD5F881
:1054B000D430D8F82800BE403343C5F8D4304FF07C
:1054C000FF316E65F5F7E0FB0128044618D155F869
:1054D000273003F44032B2F5003F11D1A9F8003073
:1054E000D5F8D430D8F82C0023EA0603C5F8D43018
:1054F00000231A461946F5F7E7F92046BDE8F88378
:105500000024EDE70024F8E79CCD002013B500232C
:1055100012220446ADF8063009480DF10603114683
:10552000FFF7AEFF50B14CB1BDF8063043F6F6625E
:10553000534342F21072B3FBF2F3236002B010BD8A
:1055400000B0044013B5002310220446ADF8063025
:1055500009480DF106031146FFF792FF50B14CB117
:10556000BDF8063041F67B72534342F21072B3FB32
:10557000F2F3236002B010BD0030044073B5052281
:10558000054600240F48ADF806400DF106030F2133
:10559000FFF776FF98B1BDF806100B4E234656F87C
:1055A000042BA2F163048C4202DC6332914204DDDD
:1055B00001330C2BF3D14FF0FF3305B12B6002B058
:1055C00070BD00BF00B00440A0B1020013B50023BD
:1055D00011220446ADF806300A480DF106031146C3
:1055E000FFF74EFF58B154B1BDF806306FF45D724D
:1055F0001344054A5343642293FBF2F3236002B041
:1056000010BD00BF0030044046FEFFFF10B54FF054
:105610008043592416208821C3F80041C3F80001B3
:10562000C3F80011D3F80021002AF5D01248134C1A
:10563000F8F7F4FA002211460F48F8F797FA2368B2
:1056400023F0C05343F00063236004212046FAF79F
:10565000DDFA2046FAF7AEFA094BB0FBF3F0236807
:1056600023F0FF030343236064236360236843F054
:105670008043236010BD00BF0300C05E00010540F1
:1056800040420F007FB57B4C7B480021F8F73AFC85
:1056900023683BB10020012201930090774B114613
:1056A00000F03CFB76480021F8F72CFC23683BB166
:1056B000012201930092714B1146002000F02EFB55
:1056C0006F4C0021032901F1010507DC07234FF48A
:1056D000A0222046F8F734FC2946F3E76848062361
:1056E0004FF4A022F8F72CFC082D2946EAD1012618
:1056F000C4F8F860D4F8D0305F4843F08003C4F8B1
:10570000D030236D43F0040323655E4B4FF4807269
:10571000DA606021022283F86813C0F8F820056D72
:1057200045F0080505654FF40060586083F82B13B9
:10573000C4F8F820206D4FF4007240F00800206596
:10574000DA6083F86913FFF761FF02A8FFF716FF1D
:1057500020B102994C483246FFF754FE02A8FFF7E9
:1057600035FF20B1029949480A22FFF74BFE02A8F3
:10577000FFF7E8FE28B1029945484FF47A72FFF727
:1057800041FE02A8FFF7C2FE28B1029941484FF43A
:105790007A72FFF737FE404C404E206800230C22FF
:1057A000CDE9033305930DEB02014FF0FF33F5F71D
:1057B000B5FC0C2808D04FF0500383F31188BFF3D9
:1057C0006F8FBFF34F8FFFDE9DF91330002B07DA89
:1057D0006369BDF8102013446361E3690133E36139
:1057E0009DF91730002B07DAA369BDF81420134484
:1057F000A361236A01332362039B42F21072B3FB5D
:10580000F2F102FB1133002BC7D1E16921B16269CA
:10581000E361B2FBF1F26261226A2AB1A369B3FBD0
:10582000F2F3A36100232362E06A4FF0FF31F5F742
:105830002BFA48B16369A384A369E3840023E06A77
:105840001A461946F5F740F8A08CFEF7D3FEE08C17
:10585000FEF7ACFEA3680025C4E90555002B9CD0DB
:105860000122009311463346104600F057FAA56016
:1058700093E700BF24BE002000300440D43C020067
:1058800000B0044000E100E0FA3C0200013D0200EB
:10589000083D02000D3D02009CCD0020133D02009A
:1058A00037B50024FFF77CFD14491548154D2346F4
:1058B0004FF4FA72CDE90044F5F73CFD22460C2185
:1058C0007820F5F791FB286040B94FF0500383F33F
:1058D0001188BFF36F8FBFF34F8FFFDE0120F5F705
:1058E00093F8E8620028F0D0032221460120F4F763
:1058F000C5FFA8620028E8D003B030BD333D0200E8
:10590000855601009CCD00203F4A0123F0B5C2F826
:10591000F8304FF040223D4CC2F8203862683A4DD2
:1059200012F00F0104BF237323744FF0000304BF70
:10593000E181618285B0194655F8210000F44036B6
:10594000B6F5003F59D10131042913FA80F3F3D1A0
:10595000C3F38F03E1892C4F194489B2E1810025FB
:10596000042057F8206006F4403CBCF5003F47D1C6
:105970000130082815FA86F5F3D1C5F38F03608A44
:1059800003444FF0402001329BB2002563826260E5
:10599000C0F8205812F00F002DD1CDF80A00019266
:1059A000ADF808109DF80B20217BADF80C3061F3A9
:1059B000C7128DF80B20227CADF80E004FF00003CB
:1059C00062F3C7138DF80F3000906B4620680C22ED
:1059D00001A9F5F74CFB10B9A3680133A360009B44
:1059E0004BB14FF0E0234FF08052C3F8042DBFF3CA
:1059F0004F8FBFF36F8F05B0F0BD00232373A9E76E
:105A000000202074BBE700BF00B004409CCD002004
:105A10000148FFF719BD00BF003004400148FFF7FF
:105A200013BD00BF00B0044038B5094C4FF0FF3142
:105A3000E06AF5F729F9012808D10023E06AA58C6E
:105A40001A461946F4F740FF284638BD0025FBE703
:105A50009CCD002001224FF480714FF04020F8F7D8
:105A600055BB4FF080435A6C22F470025A645A6C52
:105A700042F450025A643022C3F86022D3F8602204
:105A800022F00F02C3F86022D3F8142222F0405211
:105A9000C3F81422704700000EB430B588B00B9DD7
:105AA00025B38DF81C0002A9012004F059F800214B
:105AB0000CAB2A460846019308F0D8F900281ADDF5
:105AC000441C2046F4F718FD00280CAB2A4614BFEE
:105AD000214600210193069008F0C8F907480023E9
:105AE00040684FF0FF3202A9F4F7EEFE08B0BDE8BF
:105AF000304003B0704700200446E5E7CCCD0020DD
:105B0000014B1868704700BFD4CD0020114B10B571
:105B10000C46196089B100F0B5F903F091FA0E480E
:105B200008F0E8FC03200D4B0022012100F0F6F8FC
:105B3000BDE810400A4808F0DDBC00F0A3F903F00E
:105B40007FFA2246074BBDE810400121032000F0F8
:105B5000E5B800BFD4CD0020373D0200653D02000E
:105B60009A3D0200BD3D02002DE9F3410F469DF82C
:105B700020801446451EB3B12846F4F7BDFC064606
:105B800070B31E4B1E4A002C18BF234600932946B3
:105B90003B460AF059FE3146002003F033FA10B9B3
:105BA0003046F4F733FDB8F1000F23D02846F4F760
:105BB000A3FC0646C0B1114B114A002C08BF1C467D
:105BC000294600943B460AF03FFE3146012003F08F
:105BD00019FA78B9304602B0BDE8F041F4F716BDC5
:105BE000084808F087FCDEE7074802B0BDE8F0414E
:105BF00008F080BC02B0BDE8F08100BF003E0200AA
:105C0000073E02000E3E02003C3E020080B53B4DC6
:105C1000DFF804813A4E012398B02B7268684FF088
:105C2000FF3202A9F4F7A2FF0128F7D195F900206D
:105C30009DF91C309A420DDA0698F4F7E7FC4FF014
:105C4000E0234FF08052C3F8042DBFF34F8FBFF312
:105C50006F8FE3E70FA902A80AF03EFE0FAB4246A2
:105C60001C2108A80AF092FD049A264B92FBF3F33C
:105C70000821254A254F0DA80AF0E6FD069A24487A
:105C8000002A08BF3A4608A90AF096FF214B1B6874
:105C90000446986808F0E0FE336823B3F5F7A4FFE4
:105CA000022820D14FF0FF313068F4F7EDFF069B5A
:105CB0001749002B08BF3B4608AA0020F6F748FE0C
:105CC000002330681A461946F4F7FEFD022CB3DDB6
:105CD0009DF81E300093069A9DF81D3008A92046B5
:105CE000FFF742FFA8E7069B084A0949002B08BFB7
:105CF0001346002008AAF6F72BFEE7E7D8CD0020D0
:105D0000E8CD002040420F00833E0200003E02002A
:105D1000883E0200601600206D3E020008B4F0B517
:105D20009CB0219E002E31D04D4F97F90030834218
:105D30002CDB3C7A22AD002C2DD106A90120059543
:105D400003F00EFF13A906A80AF0C6FD13AB454ADF
:105D500020210AA80AF01AFD0AA943480AF02CFFDC
:105D60000599304608F0A4FE404808F0C3FB3E49C0
:105D70000AAA2046F6F7ECFD314605AA204605950D
:105D8000F6F796FC3A492046F6F7FCFB1CB0BDE856
:105D9000F04001B070478DF83C008DF83D100120B7
:105DA0000AA98DF83E2003F0DBFE00212B46324687
:105DB0000846069508F05AF800281DDC00240E94C9
:105DC0000E98069500282B46324614BF2146002126
:105DD00008F04CF87868D0B100231A460AA9F4F705
:105DE00073FD0128D2D0234808F084FB0E980028C8
:105DF000CCD0F4F70BFCC9E7441C2046F4F77CFB3D
:105E00000E900028DCD11C4808F074FBBEE70E9B06
:105E1000002BBBD00C9B194A93FBF2F30293DDE9F4
:105E20000A232021CDE9002313A8154A0AF00CFD0E
:105E30000E9D284608F0A4FC044613A808F0A0FC18
:105E400020440430022808DD9DF83E3000932A46A5
:105E50009DF83D3013A9FFF787FE0E98C9E700BFF4
:105E6000D8CD0020913E0200A33E0200254302004F
:105E70006C480200D83E0200A83E020040420F00DB
:105E8000033F0200154B164970B500241870154DDC
:105E90001C7220465C60F6F775FB134808F02AFB7D
:105EA0002B68A3B1F5F7A0FE022810D128684FF0A7
:105EB000FF31F4F7E9FE0D492046F6F763FB286849
:105EC000234622462146BDE87040F4F7FDBCBDE8FC
:105ED000704006490020F6F755BB00BFD8CD002022
:105EE0000E3F0200E8CD0020313F02006D3F02006E
:105EF00037B50120F4F788FD144B186010B9144829
:105F000008F0F8FA002218214020F4F7B7FC114CF1
:105F1000606028B9104803B0BDE8304008F0EABA24
:105F200001230025CDE900350C490D482B464FF4DF
:105F30001672F5F7FFF9012806D00A4808F0DAFAD8
:105F40006068F4F783FF656003B030BDE8CD0020E2
:105F5000AA3F0200D8CD0020E43F02001A40020010
:105F60000D5C01002340020010B559204FF0804421
:105F700016218822C4F80001C4F80011C4F80021D9
:105F8000D4F80031002BF5D00D4A136C23F0F00348
:105F900013640120F7F73AFE0120F7F755FE0021C0
:105FA0000846F7F76FFE0748F7F760FF064B112228
:105FB0005A63F2F74BFC0023C4F8003110BD00BF58
:105FC0000041004000B0710B0002004038B5124D96
:105FD0002B6801332B60F4F749FB1049044600207D
:105FE000F6F7B6FC2B680E4922460020F6F7B0FC07
:105FF00021460C480AF0E0FD0B4B1B68986808F03E
:106000002BFD4FF0500383F31188BFF36F8FBFF365
:106010004F8F00BEFEE700BFE4CD002058400200D5
:1060200079400200A04002006016002008B5054635
:106030000C460A4600200D49F6F78AFC2A460C4910
:106040000020F6F785FC21460A480AF0B5FD0A4B08
:106050001B68986808F000FD4FF0500383F3118827
:10606000BFF36F8FBFF34F8F00BEFEE7C640020045
:10607000EC40020001410200601600200000000018
:106080007FB5FFF771FFF6F78AFA6749674D684EEB
:106090000020F6F777FAF2F799FA4FF080435C6840
:1060A000002C3AD0634821460AF086FD630702D5EA
:1060B000614808F01FFAA00702D5604808F01AFAF4
:1060C000E10702D55E4808F015FA220702D55D48BF
:1060D00008F010FAE30602D55B4808F00BFAA006B8
:1060E00002D55A4808F006FA210602D5584808F0A9
:1060F00001FAE20502D5574808F0FCF9AB689B07A6
:1061000004D5554808F0F6F90223AB603368986867
:1061100008F0A2FC4FF080435C60F2F70BFB032019
:10612000F2F742FAFFF716F901464C480AF044FD2F
:10613000FFF797FCFFF78EFCFEF7B2F838A3D3E920
:106140000023002469460120CDE90023029403F0D6
:1061500081FD04F06DFB01210320FFF7D7FC01F066
:1061600041FF3F4B224601210220FFF7D7FD3D4B67
:10617000224601210320FFF7D1FD06F0EDF83A4B4E
:10618000224601210320FFF7C9FD00F027FC374B11
:10619000224601210320FFF7C1FDFFF781FB344BAD
:1061A000224601210320FFF7B9FDFDF709F8314B25
:1061B000224601210320FFF7B1FDFDF7BBF822467F
:1061C0002D4B01210320FFF7A9FDFFF791FEF4F706
:1061D0004DFA014629480AF0EFFC294808F08AF9EF
:1061E0003368986808F038FC264B274819686A68B5
:1061F0000AF0E2FC3368986808F02EFC6B681BB16B
:10620000696822480AF0D8FCF5F7DEF9204808F062
:1062100071F93368986808F01FFCFEE7AFF300805F
:1062200080009265000000001D4102000001044052
:10623000601600202A410200484102005B41020032
:106240006A4102007D4102008B4102009941020037
:10625000B2410200C0410200D6410200F7410200F3
:106260000342020012420200214202002C420200BC
:10627000344202003C420200444202005A42020000
:106280008842020000000440A9420200D5420200F8
:106290000B43020038B5984D984C2B7A102B09D13E
:1062A000A368236823F034032360236843F00803C2
:1062B000236038BD582800F00A813FD8282800F014
:1062C000D48020D8102800F0B7800BD8002800F028
:1062D0008B80082800F09380884A136843F00803F5
:1062E0001360E6E7182800F0AE802028F4D1236878
:1062F000834943F010032360236843F004032360C1
:1063000010232B7277E0402800F0D1800AD8302883
:1063100000F0C3803828DFD123687A4943F01003A6
:10632000236068E0482800F0C8805028D4D1A368D2
:106330002368754923F0040323605CE0A0284FD054
:1063400035D8782800F0028123D8682800F0FE8034
:10635000702800F0E9806028BED12B7A012B40F034
:10636000C180664C00236B7203232B7420460923E3
:106370002B72F7F75FFF636943F0020363616369A0
:1063800043F0040363615D4A136843F00403136040
:10639000A2E7902800F0E48007D8802800F0E08091
:1063A000882899D1554B9A68EEE09828F9E7B828E3
:1063B00000F0F7800FD8A82800F0F380B0288BD128
:1063C000AF23A360236823F004032360236843F012
:1063D0002003236080E7C02802D0C8287FF47CAF68
:1063E000236843F00403F4E72368484943F01003AB
:1063F000236010232B72802000F0B8FF6CE7236825
:1064000023F0200323602046F7F714FF636943F06D
:1064100002036361636943F0040363612B7A032B16
:1064200005D1AB7C5B00A36003232B7454E72B7A6C
:106430000C2BF9D10023F6E7236823F02003236017
:106440000A23A36048E76A7AAB7A9A4208D26B7A49
:10645000EA68D35CA3606B7A0133DBB26B72E3E76B
:10646000236843F010032360BAE76A7AAB7A9A4252
:10647000EDD3236843F010032360236843F0040343
:1064800023602B7A032B03D104232B720023CCE748
:106490002B7A0C2BFAD10D23F7E723681C4943F024
:1064A00010032360236843F004032360A3E72368F9
:1064B000184943F0040323609DE72368164943F01D
:1064C00010032360236843F00403236093E7A36869
:1064D0002368124943F010032360236843F0040348
:1064E000236088E72A7A0E490E4806F043FE0D49DC
:1064F000802000F03BFF46E73C13002000100840DE
:106500004A430200AF4302001B440200274302003B
:106510007D430200E1430200FE43020038440200D2
:10652000554402001CD300202B7A042B01BF062304
:106530002B7264232B742B7A062B7FF424AF002359
:106540006B7207232B7203232B741CE723681649F5
:1065500023F004032360236843F0200323604AE709
:106560002B7A092B02D02B7A072B18D10F4BE96815
:1065700098686A7A88546A7A882A0AD86A7A0132CC
:10658000D2B26A7203222A741A6842F004021A60B4
:10659000A2E61A68064922F004021A602BE70549B0
:1065A00029E7AF23A3601BE77A44020000100840EC
:1065B000A8440200CB44020070B51D4D1D4C2B7A3F
:1065C000012B02BF1C4B14221A70E0686369DB07C1
:1065D00026D5194E2046F7F72DFE337813B1013B2F
:1065E000337070BD236823F004032360236843F0F5
:1065F000080323602B7A092B0DD11049802000F06D
:10660000B5FE142333700B4A10232B72536923F009
:1066100004035361E5E70A49802000F0A7FEF2E792
:10662000084B1B68002BDCD0BDE87040184700BF4A
:106630003C13002000100840ECCD0020064502006D
:106640005545020078CF002037B54FF080444FF019
:106650004022236B3C4823F07F4343F008432363ED
:10666000536A43F0C0035362F7F7B2FD3748F7F7B8
:10667000D5FA592016218822C4F80001C4F8001167
:10668000C4F80021D4F80031002BF5D02E4C30494D
:10669000304D2046F7F77CFD2046F7F7DBFD2E4B0B
:1066A0000090002201210220FFF738FB0023194649
:1066B00020460F22F7F7E0FD204600230E2201219D
:1066C000F7F7DAFD2046002355220221F7F7D4FD23
:1066D0000023204675220321F7F7CEFD2046012234
:1066E0000021F7F7D9FD204602220121F7F7D4FD5A
:1066F000204601220221F7F7CFFD03212046042284
:10670000F7F7CAFD154B164A1A60602385F8273340
:10671000636943F004036361636943F002036361E7
:106720002046F7F791FD80236B6023680D4823F026
:106730003C0343F00C034FF480720021236003B04C
:10674000BDE8304008F088B800100840090000405B
:10675000A086010000E100E08545020078CF00201E
:1067600095620100EDCD002010B51B4C2046F7F7D7
:106770002FFD2046F7F763FD1848F7F74FFA184941
:106780002046F7F705FD0023194620460F22F7F7AC
:1067900073FD002320460E220121F7F76DFD2046F0
:1067A00001220021F7F778FD204602220121F7F7A8
:1067B00073FD236823F030032360236823F03C0338
:1067C00043F00C032360074B01221A722046BDE8F8
:1067D0001040F7F739BD00BF001008400900004025
:1067E000A08601003C130020024B4FF0FF311868D7
:1067F000F4F74ABA7CCF00200348002300681A4609
:106800001946F4F761B800BF7CCF00202DE9F74F9F
:106810004C4E4D4F4FF00008012301AA4FF0FF31BD
:106820000020F5F7E5FA0446F4F718FF012C0546B9
:10683000F2D03388002B4BD1444C4549226845485F
:1068400006F098FC434800F0A7FDFFF78DFF226893
:106850004149404806F08EFC3E4800F09DFD4FF453
:106860000063338000F0DCFD08B100F049FEFFF763
:10687000BBFF3A493A4B4A8AB3F89A30134003F0C7
:106880001E0322EA03024A82FFF7B6FF354800F0F2
:1068900079FD50B12F49334800F021FD28B92D482A
:1068A00000F07AFD304800F077FD4FEA9823B3EB13
:1068B000952F06D0C5F30E041CB93B7A012B0DD0E1
:1068C000A846384600F05CF90120F4F7E3FFA3E79F
:1068D000013B9BB23380002BC4D1ADE723491D4857
:1068E000DFF87C90DFF888A0DFF86880DFF878B008
:1068F00007F032FB1749412000F088FD39F8022BE0
:106900005146404606F036FC01344146412000F035
:106910007DFD23070AD15946404607F01DFB412063
:10692000414600F073FD0120F4F7B4FF502CE5D18F
:106930000D49084807F010FB0649412000F066FDAC
:10694000BEE700BF501300203C1300200010084099
:106950009B4502001CD30020BC450200FC15002012
:106960005415002010D000206C480200D8450200C9
:10697000EA4502002DE9F04783780E2B04460FD03C
:1069800083780F2B23D15427DFF84880DFF8489015
:1069900000262278F3B29A4204D80020BDE8F0879E
:1069A0001227F1E765781D44BD420CDA032D08D0AB
:1069B000626832F813A0FFF717FF29F815A0FFF758
:1069C0001BFF0136E5E7404600F0E6FCF9E7012051
:1069D000E4E700BFF04502005415002013B5284B32
:1069E000284C002201210320FFF798F900F04CFC0D
:1069F000254B002201210320FFF790F9FFF724FE29
:106A0000224B002201210320FFF788F900F0AAF8A9
:106A10001F4B002201210320FFF780F923686BB987
:106A20000120F3F7F1FF206040B94FF0500383F3EA
:106A30001188BFF36F8FBFF34F8FFFDEF3F716FEA2
:106A4000144B0090002201210320FFF767F9002476
:106A50000223CDE90034104910482346FA22F4F706
:106A600069FC01280146E0D10D4B22460320FFF7C7
:106A700055F9202002B0BDE8104000F041BD00BF34
:106A8000FF4502007CCF0020184602002E4602007F
:106A90004646020064460200964602000D68010068
:106AA000A6460200112838B504460D4608D8FFF75F
:106AB0009BFE044B23F81450BDE83840FFF79CBE02
:106AC00038BD00BFFC150020532810B5044608D877
:106AD000FFF78AFE044B33F81440FFF78DFE204683
:106AE00010BD0024FBE700BF54150020532810B54B
:106AF000044608D8FFF778FE044B33F91440FFF73B
:106B00007BFE204610BD0024FBE700BF541500208B
:106B100070B5041E0E46154611DB53290FD8FFF73A
:106B200063FE074BAA1EB44203DDBDE87040FFF7C9
:106B300063BE33F8141022F8021F0134F3E770BD6E
:106B400054150020034B044ADA60044B044A5A608F
:106B5000704700BF3C130020EDCE002080CF002006
:106B600090CF002008B5FFF7EDFF03490348BDE8CB
:106B7000084000F041BA00BF80CF00203C13002045
:106B8000F8B5037A012B044600F0B180037C23B9E9
:106B9000037A0E2B01D100F031FA237A594D042BE0
:106BA00005D1AC4201BF0623237264232374237CE6
:106BB00083B9237A092B0DD1637A072B03D9637A22
:106BC000892B40F29580627A21684F4809F0F4FFE2
:106BD00010232372237A0D2B04D0237CF3B9237A5C
:106BE0000C2B1BD101232372AC424FF00003A37284
:106BF000637213D1454E19460F223046F7F73CFB1E
:106C0000434B4FF480521A80736923F004033046DB
:106C10007361F7F70FFB3046F7F716FB237C83B958
:106C2000237A062B0DD13B4B1B88DB0707D5627AF5
:106C300039493A4806F09EFA384800F0ADFB102377
:106C40002372237C7BB9237A072B0CD1637ADBB2C6
:106C5000A372204600F040FA012804D110233048E6
:106C6000237207F047FC237A082B14D1AC4210D1D1
:106C7000264E00230F2219463046F7F7FDFA3368F7
:106C800023F03C0343F00C033360214B4FF480525C
:106C90001A8001232372237A102B02D1204600F0A0
:106CA000ADF9227C02F0FF07CAB9237A032B11D178
:106CB0001C4807F01FFCAC420CD1144E3B460F227F
:106CC00039463046F7F7D8FA336823F03C0343F0EF
:106CD00004033360012323720023A37263722A7CAE
:106CE00002F0FF0312B12B7C013BDBB22B74F8BD29
:106CF0000A232372637ADBB2A372204600F05AFAA9
:106D000068E700BF3C130020C146020000100840A5
:106D10005013002052150020E54602001CD300202D
:106D2000084702002C47020070B54368C568114946
:106D30005C680646012000F069FB70682346047811
:106D4000EA1C03EB4404A34202F1020204D1C3682B
:106D500063B1BDE87040184712F8021C090219809F
:106D600012F8015C294423F8021BECE7BDE87040EF
:106D7000FFF700BE414702002DE9F0438B784D78C4
:106D8000C76839490F2B0CBF384B394B4FEA4505C3
:106D90000CBFED18ED18436804464FF0030883F864
:106DA00003804FF0010085B01E780CBF4FF05409EE
:106DB0004FF0120900F02AFB6168487833184B4500
:106DC00013DD8A78CB78A57A02950978CDE90001A0
:106DD0002849294806F0CEF92749042000F016FB7F
:106DE0001023237205B0BDE8F0838B783B707100EF
:106DF000C9B287F80180B97005EB46004FF0000C6E
:106E00005FFA8CF606F10308A84206F104065FFA61
:106E100088F8F6B219D14D1D0331E068C9B200F00F
:106E200045F9C0F3072307F80830B855EDB2636899
:106E3000A5725968187800F0FFFA00232046A37461
:106E400005B0BDE8F04300F00BB962682B885268CA
:106E500022F80C301B0A07F8083035F8023BBB5506
:106E60000CF1020CCCE700BF4E4702005415002085
:106E7000FC1500205A4702001CD3002010B5044620
:106E80000849012000F0C2FA61688B780F2B02D00C
:106E90008B780E2B04D12046BDE81040FFF76CBF65
:106EA00010BD00BF9947020010B504460B4809F019
:106EB00083FE204600F0FEFAA17AE06800F0F6F8C2
:106EC00080B228B9064809F077FE0123237210BD6D
:106ED0000449042000F09AFAF7E700BFB547020022
:106EE000C0470200C84702002DE9F84391F800901E
:106EF000DFF86C80174F4A4605460E46154816497E
:106F000006F038F91349012000F080FA072404EB59
:106F100049094C4508D10120104900F077FA68680A
:106F2000BDE8F843FFF726BDEB6870681A5DE11F06
:106F300012024252234402345B781A4492B2425203
:106F40004146384606F016F93946012000F05EFA4F
:106F5000DFE700BF1CD30020D14702006C480200CD
:106F6000E247020038B50446007A0B2827D1E068D2
:106F70000170E16810204870E16800258D70E168BB
:106F8000CA70E2681571E2685371E068062100F08A
:106F90008DF8E368C0F307229A71E368D87108237B
:106FA000A3722146012000F045FA0120044900F0B7
:106FB0002DFAA5742046BDE8384000F051B838BD20
:106FC000E8470200F8B50A4F05460C460026AE42D7
:106FD00005D1BDE8F8400749022000F017BA3B8808
:106FE0009B0703D514F8010B00F04AFA0136EEE7CF
:106FF000521500206C4802004160704738B5124BB2
:10700000984204461BD1114D11492A68114806F0D7
:10701000B1F81049042000F0F9F9FFF7A5FB2A6840
:107020000D490C4806F0A6F80A49042000F0EEF9D4
:107030000023A372637223740123237238BD0749AE
:10704000044806F089FFEFE73C13002000100840D9
:10705000F94702001CD30020134802003748020001
:10706000002310B5014604464372022000F0E2F905
:107070000B49022000F0CAF9A07AE168FFF7A2FFED
:107080000C23237203232374064B9C4206D1064A29
:10709000136823F03C0343F02003136010BD00BFCE
:1070A000444802003C1300200010084070B5FF2245
:1070B000074D084E01441346814202D142EA0320A3
:1070C00070BD10F8014B5C402B5D5340325DF3E71F
:1070D000521400205213002070B50446304902209B
:1070E00000F094F9617A637A0239042BC9B204D8AA
:1070F0002C4809F061FD012070BDE5686A186B5CE1
:107100005678284606EB0326FFF7D0FFB6B283B2C7
:107110009E4209D024492548324606F02BF82349DF
:10712000022000F073F9E6E76B782E78032B0BD181
:10713000A97849084B1E532B03D91D4809F03CFD83
:10714000D9E72046FFF7F0FDE3685A78102A1DD1F1
:107150009A7812B16268092151721979DA7811B1FD
:1071600061680920487259794B1E3F2B0ED8532A6B
:107170000CD80A44532A09DC63681A788A420AD177
:107180009A78B24207D12046FFF78EFE00200823EE
:1071900060722372B0E709225A7210232372F5E756
:1071A000534802006F480200774802001CD30020B9
:1071B0009C48020070B5417A04460239C068C9B2E1
:1071C0004218435C567806EB0326FFF76FFF2B4906
:1071D0000546022000F01AF9B6B2A07AE168ADB215
:1071E000FFF7F0FEAE4206D02549042000F00EF96C
:1071F0001023237270BDE3685A78102A24D1616885
:107200001A788A705A78CA709A780AB109224A7232
:10721000DA784A701A790AB109224A725B790B70DE
:107220000A234B722046FFF75FFE0B23626823722E
:1072300093780F2B02D0134BDB882BB991781378FE
:1072400052782046FFF78EFEE3685A78032AD1D1A0
:107250006268197891705978D170997809B10921CB
:107260005172D9785170197909B1092151725B793C
:1072700013702046BDE87040FFF700BEB74802001B
:10728000C648020054150020054BFF221A71002247
:107290005A715A79D2B29A71024A1A60704700BF85
:1072A00010D0002018D00020026810B5A2B1847957
:1072B00043799C4210D04379DBB2D35C0B704379A5
:1072C00002790133DBB2437143799A4201D900203C
:1072D00010BD00234371FAE76FF00900F8E773B5BA
:1072E00006460C4689B101250DF107013046FFF72E
:1072F000DBFF20B100232370284602B070BD9DF84B
:10730000073004F8013B0546EEE76FF00900F4E7AB
:10731000026830B5A2B183790479B3FBF4F504FBBC
:107320001533DBB2D154837902790133DBB2837137
:1073300083799A4201D9002030BD00238371FAE796
:107340006FF00900F8E738B50368054653B149B155
:107350004C1E14F8011F09B9084638BD2846FFF72E
:10736000D7FFF6E76FF00900F7E70000034B1B8833
:10737000034202D00248FFF7E6BF704752150020D3
:1073800010D0002002798379417913445B1A93FB72
:10739000F2F002FB103070472DE9F341184E194FFF
:1073A000451E15F8014F14B902B0BDE8F0810A2C52
:1073B000336811D1002BF4D04FF0000807F8038098
:1073C000F4F712FC012812D1384607F093F8002395
:1073D0000A2C336004D1E4E740F2FF129342EBD071
:1073E0000D2C1FBF3368FC5401333360D9E7064BC3
:1073F0000097424601210320FEF790FCE7E700BF1B
:1074000018D100201CD10020E15C0200034B1B8836
:10741000034202D00846FFF7BFBF70475215002055
:10742000034B9A6952045ABF1868C0B200207047D3
:107430000010074070470000F8B50D4B1B88DB07B4
:107440000C4614D50B4F0C4E01EB4005AC4204D159
:10745000BDE8F8400948FFF79FBF34F8022B3946D2
:10746000304605F087FE3046FFF796FFEEE7F8BDA1
:1074700052150020EA4502001CD300206C4802008F
:1074800007B500F00F0302099F288CBF3732303256
:10749000092B8CBF373330338DF8053001A82023FA
:1074A0008DF80420ADF80630FFF776FF03B05DF8E5
:1074B00004FB00000A4B1B88DB0710B504460DD502
:1074C00008490120FFF7A2FF63689878FFF7D8FF0B
:1074D000BDE8104004490120FFF798BF10BD00BF70
:1074E00052150020CE4802005233020003880246A3
:1074F0000B4215BF8B430B430020012013807047C4
:1075000010B5044648B11148FFF746FF632C12D06E
:1075100004D8612C07D0622C0BD010BD6E2CFCD18E
:107520004FF4807100E00121BDE810400848FFF7EA
:10753000DDBF0221F8E7074B07491A68074805F045
:1075400019FE0648FFF728FF2021EDE7D04802008A
:107550005215002000100840034802001CD30020F0
:10756000044AD2E902310A3B41F1FF31C2E902315A
:10757000704700BF20D400201FB500220023CDE9B2
:107580000023694600230420029302F0E9FA084A26
:107590000099D2E90232093342F100028B42019B89
:1075A0009A41B4BF0120002005B05DF804FB00BF84
:1075B00020D400202DE9F043DFF8C490DFF8C48028
:1075C000224D85B04F46002641F2883303AA7F2121
:1075D00000200396F4F70CFC01280ABF039C8024CA
:1075E00004F07F0400944346002201210220FEF7AC
:1075F00095FB2046C847814504461AD0B8421AD0A8
:10760000134B984219D0134B984218D0124B984202
:1076100017D0124B984216D01149124B124A884289
:1076200018BF1346009300222B4601210220FEF7CB
:1076300075FBA146C8E70D4BF4E70D4BF2E70D4B88
:10764000F0E70D4BEEE70D4BECE700BF854902007C
:10765000A976010039770100157701009D770100B7
:10766000897601006349020059490200FF32020095
:10767000334902003C490200454902004F490200DB
:10768000E17601006F49020008B5830705D5044B78
:10769000002201210220FEF741FB024808BD00BF85
:1076A0009949020089760100C20708B510D4430742
:1076B00004D5FFF761FF18B9FFF752FF054808BD71
:1076C00004F0EEFD04F0BEFE03F0E0F80248F6E739
:1076D0000248F4E7A97601009D770100397701009F
:1076E000830613B50AD501246846CDF800D08DF87D
:1076F000044000F0B9FC20B1044800E0044802B0A6
:1077000010BD0120F4F7C6F8EEE700BFA97601002E
:10771000E176010008B5830707D504F0C1FD04F048
:1077200091FE03F0B3F8024808BD0248FCE700BF31
:107730009D7701001577010037B510F0040516D0CC
:10774000FFF71AFF70B100250124684600958DF8F7
:10775000044000F089FC08B10D4806E00120F4F770
:1077600099F8F2E7FFF7FCFE0A4803B030BD430684
:10777000FAD50124684600958DF8044000F074FCA9
:1077800008B10548F1E70120F4F784F8F2E700BFFB
:1077900015770100397701008976010013B50106DC
:1077A00048BF40F01000C2061DD51349042002F066
:1077B000D7F904F07BFD04F045FE01246846CDF8BE
:1077C00000D08DF8044000F04FFC40B14FF47A70C7
:1077D000F4F760F803F05DF8084802B010BD01202E
:1077E000F4F758F8EAE7430603D504F05FFD0448D0
:1077F000F3E70448F1E700BF28D40020A976010090
:10780000897601009D770100014603480023006846
:107810000122F4F733BB00BF20D4002007B5FFF7E7
:107820009FFE064B01930023054900934FF4C87255
:107830000448F3F77FFD03B05DF804FB20D400207B
:10784000B9490200B57501001FB50446019018B989
:107850004FF0FF3004B010BD0171F4F7BFF92060A4
:107860000C48002300684FF0FF3201A9F3F72CF811
:107870000128EDD1002303934FF0FF3303AA012128
:107880000020F4F7B5FA039BDB07F5D5019B586898
:10789000E0E700BF4CD400201420F2F72DBE10B555
:1078A000044608B9002010BD0021FFF7CDFF0028D5
:1078B000F8D1206900F00100F5E770B50D461646D5
:1078C000044608B9002070BD0023C0E9033303213A
:1078D000FFF7BAFF0028F5D10EB1E36833600DB9A8
:1078E0000120F0E723692B60FAE710B540B1C0E949
:1078F000031283600121FFF7A7FFB0FA80F040096F
:1079000010BD10B540B18160C0E903230221FFF72B
:107910009BFFB0FA80F0400910BD000008B5064892
:10792000F7F706F8054A536818B923F003035360C4
:1079300008BD43F00103FAE700D0004038D400202E
:107940002DE9F14F804688070E461746994605D126
:107950002548C44601B0BDE8F04F6047234CDFF82E
:1079600094A02269DAF814309A4215D0A06820B1A8
:10797000F2F74CFE0023A3602361DAF8140058B13B
:107980000430F2F7B9FDA06030B1051DDAF814300B
:10799000236125F00305E560154DDFF85CB0B944BF
:1079A0004FF0000A4F4502D0BAF1000F03D0504605
:1079B00001B0BDE8F08FA84504D12269E0683146E6
:1079C00007F0E0FAE168084801233A46C047D84585
:1079D000824604D1D4E90312304607F0D3FA226973
:1079E00001371644DEE700BF00D0004038D4002045
:1079F00045F2000054BE002095F000002DE9F04152
:107A00006548664F664D86B04FF48071F7F796FA79
:107A1000FFF784FF3B6813B906B0BDE8F081012190
:107A20000023084605AA049305936E68F4F7E0F96D
:107A3000059BD90701D5FFF771FF6B6813F00108AB
:107A400003F0020411D1003C18BF01246B689E4270
:107A500037D1386840F24C4204A9F3F787F801287F
:107A60004DD00120F3F716FFD4E744BB4A484FF44A
:107A70008071F7F763FA4848F7F7BEFA024650B14B
:107A800001220090474B11462046FEF747F96C68EB
:107A9000C4F34004DAE76B6843F002036B60424BC7
:107AA0001969890A039159690291D96801915B6842
:107AB000009301213D4B0320FEF730F9E7E7012455
:107AC000C4E7CDE901633A4B00930022394B012111
:107AD0000320FEF723F9F20707D5B8F1000F04D110
:107AE00031481C22414606F0B7FEC6F34006A642C6
:107AF000AFD0002CADD02020FFF786FEA9E7049C74
:107B0000002C87D02379032B3ED8DFE803F02D0229
:107B10001732D4E90323A1682748FFF711FFD8B132
:107B200023690293E368CDE90003244B0122114647
:107B30000020FEF7F3F84FF0FF3323E0D4E90323EE
:107B4000A1681F48FFF7FCFE30B123690293E36888
:107B5000CDE900031B4BE9E76060012220680023A8
:107B60001146F4F78BF955E7002363606B682361D6
:107B7000F3E76B689B07DED50B4BDA685B69236123
:107B8000E26000236360E8E70122009311460E4B98
:107B90000020FEF7C3F8CEE700D000404CD4002010
:107BA00038D40020BF49020054BE0020DA49020048
:107BB000D0B10200074A020095F000001E4A020000
:107BC00045F200003A4A0200574A02007FB5364BA0
:107BD000D3F80828D00742BFD3F8002842F00102AA
:107BE000C3F80028D3F82C280392039AD10741BF89
:107BF0002E490122CA70C3F82C28039B13F480730A
:107C000014D02B4B2B4A1B68B3FBF2F30A225343CD
:107C10000493049B002B42D1234BD3F82C280392CE
:107C2000039A4FF48072C3F82C280123039A920719
:107C300007D5039A100748BF039A1B4A0221C2F8CE
:107C40002C18039A910441BF1749D1F82C2842F40B
:107C50000052C1F82C28039AD20441BF1249D1F82E
:107C60002C2842F48052C1F82C28ABB105AA124846
:107C7000009201220023006805931146F4F75CF995
:107C8000059B4BB14FF0E0234FF08052C3F8042D19
:107C9000BFF34F8FBFF36F8F07B05DF804FB00BFDA
:107CA000049B013BB4E700BF00D0004054BE00205D
:107CB000E411002040420F0038D4002013B5104CCE
:107CC0004FF010624FF480112046F5F74FFF204629
:107CD000F5F7A4FF0B4B602283F840230421002218
:107CE0000120F2F7CBFD084B08491860084B0193BF
:107CF00000230093C8220748F3F71CFB02B010BD15
:107D000006FF430700E100E04CD400206D4A02006A
:107D100038D40020FD79010008B5044B1868FFF73E
:107D2000BEFD80F00100C0B208BD00BF50D40020ED
:107D300038B5064D2B68044613B9FFF7ADFD286032
:107D40002046BDE83840FFF7E7BF00BF50D4002011
:107D5000084608B511461A46034604480068FFF76E
:107D6000C4FD80F00100C0B208BD00BF50D40020A7
:107D7000044808B50068FFF7C4FD80F00100C0B2F8
:107D800008BD00BF50D4002013B51446032921D8E4
:107D9000DFE801F017020C1B0F4B00211868FFF7FA
:107DA0008CFD80F00100C0B202B010BD0A4B002271
:107DB0001868019201A9FFF780FD20B10CB1019B69
:107DC00023800020F0E70120EEE7002AF9D001230C
:107DD0001360F6E70420E7E750D4002000B5002048
:107DE0008DB006F0A1FCCDE9000103A9684608F0BA
:107DF00073FD059B069A0798DB0243EA0243049A47
:107E000043EA4213039A43EA5203089A503A43EA78
:107E10004263013043EA40500DB05DF804FB08B501
:107E200000F0C6FABDE808400120FDF7BFB9000028
:107E300000B56248624C634E89B006F05BFB624B52
:107E40001B68986806F008FE20684FF0FF3202A910
:107E5000F2F78CFE012840F0AC809DF80C30052B29
:107E600000F29F80DFE803F003381A27959910226B
:107E700000210DEB020006F0EFFC04A9042001F044
:107E80006FFEFDF73DFE20B1DDE9040101F01CF8B5
:107E9000DAE7DDE9040100F01FFCD5E7FDF730FE6D
:107EA00018B9029800F094FBCEE702980028CBD0D6
:107EB000F2F7ACFBC8E7FDF723FE30B120790038BC
:107EC00018BF012000F0E8FFBEE72079003818BF96
:107ED000012000F0BDFBB7E7029B2579E3B9002D37
:107EE000B2D0FDF70DFE002850D001F02BF8002293
:107EF00036491046F1F702FB4FF40C72002134486A
:107F000006F0AAFC334B002201210320FDF706FFF7
:107F10000220FFF779FC97E7002D95D12A46012131
:107F200003203346FDF7FAFE284929480122F1F7DC
:107F3000E5FA30B101220090274B11462846FDF7A3
:107F4000EDFE2379002B3FF47FAF0120FFF75CFCAF
:107F5000FDF7D6FD237998B1181E18BF012001F056
:107F60003FF81E4B0FCB04AD85E80F00284600F00C
:107F700019F910B12846FBF7EBFF00F091FA63E71F
:107F8000181E18BF012000F0EFFBEAE700F0E6FB47
:107F9000ADE7029800F0D6F956E70298FFF73FFFE9
:107FA00052E70122009311460D4B0020FDF7B6FE6B
:107FB0004AE74FF47A70F3F76DFC45E7714A020027
:107FC00054D40020844A020060160020934A020024
:107FD00058D40020BA4A0200964A02002C9C0200A3
:107FE000CD4A020013B500F0C1FBFFF767FEFFF7B3
:107FF00015FC194B00931948002301224FF47A71A4
:10800000F4F796F8044640B94FF0500383F3118813
:10801000BFF36F8FBFF34F8FFFDEF3F71FFB4FF000
:10802000FF3302460093012100232046F4F7A4F811
:10803000082100220846F2F721FC094B18600028AD
:10804000E2D00023CDE90033044906484FF4C8725A
:10805000F3F770F902B010BD89800100E34A020015
:1080600054D40020317E01000146064808B54FF483
:108070007A7200230068F2F727FC431E58425841E9
:1080800008BD00BF54D4002007B500236846009304
:108090008DF80430FFF7E8FF03B05DF804FB000043
:1080A000024B1879003818BF0120704754D40020C3
:1080B00030B503782D2B06D101304FF0FF34431E2D
:1080C00000210A2506E02B2B00D101300124F6E720
:1080D00005FB012113F8012F303AD0B20928F7D956
:1080E00004FB01F030BDF7B5002405460E461746E7
:1080F0008DF803400194331B012B0BDD9DF80330F9
:108100000A2B07D001AB01220DF103013846F1F72C
:1081100013FB10B14CB9254609E0019B012BF9D1A5
:108120009DF803302B550134E5E700232B552846F5
:1081300003B0F0BD2DE9F341DFF864800D4606463B
:108140004146284614461F4607F0EAFAF8B9114995
:10815000204607F0E5FA38B93846FFF7A9FF706006
:10816000012002B0BDE8F0810B49204607F0D8FAA3
:1081700020B93846FFF79CFF3060F1E7CDE9008475
:108180000122064B11461046FDF7C8FDE8E7CDE990
:108190000054F5E7E64A0200F64A0200014B0200ED
:1081A000FF3E020070B505464FF40A70F2F7A4F9DD
:1081B000044650B90122124B1146FDF7AFFD0025D0
:1081C0002046F2F723FA284670BD0E490122F1F746
:1081D000CFF920B10C4B012211460020EDE70B4AEC
:1081E0000B482B462146F4F709FC08B1094BF2E78E
:1081F0002046F1F789FC08B1074BECE70125DFE7E2
:108200002E4B0200254B02004F4B0200358101002E
:10821000E78001006B4B0200884B020070B588B00C
:1082200002AC0E46154600900B4A0C4B1721204617
:1082300008F00AFB324621462846F1F799F948B181
:1082400001220020064B00941146FDF767FD002037
:1082500008B070BD0120FBE7A64B0200E4B10200AC
:10826000AC4B02001FB5154A0121FFF7D7FF0446AA
:10827000B8B11349342203ABA1F50A700392F1F7A8
:108280005BFA04460D48F1F73FFC039B64B9342BBD
:108290000AD10B48FCF76BFF00F001040748F1F727
:1082A00033FC204604B010BD0122CDE9004300207C
:1082B000044B1146FDF732FD0020EDE7CCD600203F
:1082C000F4D80020CA4B020030B58DB004460090AF
:1082D000164B022000220121FDF720FD2046FFF76A
:1082E000C1FF38B90122124B11460DB0BDE8304034
:1082F000FDF714BD0F48214607F012FA98B10E4B56
:108300000E4A009303AD103B2321284608F09CFA47
:10831000012102200A4B00950022FDF7FFFC2946AF
:108320002046FCF797FF0DB030BD00BFF84B0200B0
:108330001F4C0200DCB1020014D90020B23C020044
:108340003D4C0200F7B5174D044629461648F1F793
:10835000EFFB60B10122CDE90050144B1146002023
:10836000FDF7DCFC0CB10023237003B0F0BD0E4D13
:10837000FCF796FF05F12C0705F135060A4839464A
:10838000F1F71FFC50B995F835303BB195F8343012
:10839000DB06F3D43046FFF797FFEFE70248F1F72B
:1083A00001FCDFE7E4B1020088D600204D4C02005A
:1083B0002DE9FF4780464FF40A70F2F79DF8064614
:1083C00098B9002425463046F1F79EFB2846F1F780
:1083D0009BFB3046F2F71AF92846F2F717F92046C8
:1083E00004B0BDE8F047F2F711B94FF40A7200216A
:1083F00006F032FA4FF40A70F2F77EF805460028CC
:10840000DFD04FF40A72002106F026FA4FF4006024
:10841000F2F772F804460028D5D0324601214046D2
:10842000FFF7FCFE0028CED019482A460A21FFF7A4
:10843000F5FE0028C7D04FF000094FF4006A03ABE7
:108440004FF4006221463046CDF80CA0F1F774F9E4
:1084500038B1104B0090012211460020FDF75EFC60
:10846000B1E7039A5AB103AB21462846F1F722FA45
:1084700010B1094B0090EEE7039B9944DFE7CDE98B
:108480000089064B01210220FDF748FC9BE700BF55
:10849000DCB10200744C0200934C0200B24C0200AA
:1084A00030B5154D154889B0F1F79EFC2846FFF709
:1084B000D9FEF0B14FF40040FCF759FEC8B14FF4BB
:1084C00000431A6B0E4BD3F89C329A4211D102AC86
:1084D0000A4B0C4A00951721204608F0B5F90220F6
:1084E000094B009400220121FDF718FC2046F1F70A
:1084F0001FFC09B030BD00BFDCB10200E4B10200D6
:1085000088D60020A64B0200E94C02000B4A92F8E4
:10851000481289B192F8493203F18A000133DBB283
:10852000072B01F1FF3188BF002352F8200082F8A9
:10853000481282F8493270470846704728D900200F
:1085400013B5044610B9002002B010BDFF2108F099
:1085500011FB01AB0246019021460748F1F7AAF949
:108560000028F0D10549044801AB0122F1F7A2F936
:10857000B0FA80F04009E7E728D900206D480200F2
:1085800013B560B10D48F1F72FFC10F0F70408D0D7
:1085900001220B4B009011460020FDF7BFFB02B0FB
:1085A00010BD084908483222F0F7E2FF0028F6D053
:1085B00001220090054B11462046EEE71D4D0200BA
:1085C000224D0200484D020028D90020534D0200E0
:1085D00070B5054698B31D4C94F8486286B194F87E
:1085E000480220B194F849328A3354F82300FFF747
:1085F000A7FF28B1FFF78AFFF2F708F8013EEED196
:108600002846FFF79DFFD8B994F84832072B03D9C5
:10861000FFF77CFFF1F7FAFF94F84A3203F18A0280
:108620000133DBB244F8225094F84822072B02F1C0
:10863000010288BF002384F8482284F84A3270BDC2
:108640002846BDE87040F1F7E1BF00BF28D90020FF
:1086500070B58CB0002836D01C4B1D4E0022012175
:108660000320FDF75BFB1B48F1F7FBF91948F1F715
:108670004BFA06A8FBF798FC079D2C46002C0FDA56
:108680001821134A6B1C0DEB010008F0DDF806A859
:10869000F1F74EFB01200CB0BDE87040FFF770BF52
:1086A000234632461821684608F0CEF81821631C8C
:1086B00032460DEB010008F0C7F806A96846F1F74D
:1086C0001AFC013CDAE70CB070BD00BF734D02002C
:1086D000884D020028D900202DE9F3411E4CD4E931
:1086E0009432093342F1000283428A4105460E4624
:1086F00004DA2046F1F7B5F9C4E99456D4E996872F
:108700006846FBF751FC009B13EB080847EBE37747
:10871000454576EB07071BDB0027032368460097D8
:108720008DF80430FFF7A0FC90B1384605F0FCFF4F
:10873000804668460F46FBF737FC009A4046D31741
:10874000394604F031FBAD1A66EB0306C4E99656D0
:1087500002B0BDE8F08100BF28D900200148F1F740
:10876000D3B900BF28D90020FFF70ABF08B5074BCF
:10877000002118464FF4187206F06EF84FF0FF31E2
:1087800003464FF00040C3E9960108BD28D90020F8
:108790002DE9FF470546884661B3DFF8B0A04FF4E6
:1087A0001C7444430AEB040797F88392B9F1000F55
:1087B00020D001F01EF80126FF21404687F8846290
:1087C00008F0D8F91834544402460390414603ABEC
:1087D0002046F1F76FF8804690B100903146184B73
:1087E00032460020FDF79AFA002187F884122846C5
:1087F00001F000F84FF00009484604B0BDE8F087EA
:108800001049DDF80CA003AB32462046F1F752F8D0
:1088100050B1009031460C4B32464046FDF77EFA8F
:1088200087F884824146E2E7039987F8840251443D
:10883000284600F0E6FF3146284600F0DBFFDBE784
:10884000944D02006D480200BA4D020088DB002002
:1088500013B50446002005F067FF104B83424FF02C
:1088600000038B41CDE9000108DB0D490A222046B7
:1088700006F040FC0023A37202B010BD684606F06B
:108880001BFC03460028F0D04269643A642AECD805
:10889000044A0B21204607F079FFEDE77F436D384E
:1088A000E34D0200EC4D02002DE9F0430746BFB056
:1088B00019B3A84C237803B3606808B34FF47A71F6
:1088C000F2F7E2F9411E4E424E414FF41C751EA8CC
:1088D0007D43FFF7BDFF631993F88332C3B305F5FA
:1088E0001E7121441EA806F01BFF034650B926B195
:1088F00060681A461946F1F7E7FF3FB0BDE8F0831C
:108900000646E2E7183525442846F1F7AAF88046DE
:108910002846F1F7F9F80546B8F1000F07D0012213
:108920008D4BCDF8008011460020FDF7F7F935B1E9
:1089300001228A4B009511460020FDF7EFF94FF414
:108940001C7303FB0743002283F8832283F88422ED
:108950006378BBB18248F1F747FA10F0F70F21D0E6
:10896000012200907F4B11460020FDF7D7F9002E21
:10897000C3D0002360681A4619463FB0BDE8F043F3
:10898000F1F7A2BF784D2846F1F72EFA60B108281A
:108990000DD00122CDE90050744B11460020FDF7A7
:1089A000BDF9E4E7724DEEE7384600F02CFF0CA964
:1089B0002846F1F730F950B99DF83830DA0706D576
:1089C0000122CDE9005311466A4BFDF7A7F94FF498
:1089D0001C757D4305F51E78A0444046FFF738FF1F
:1089E000404605F0CDFE07280DF1240947D905F5CD
:1089F0001F72224405F27E230092CDF804805E4A65
:108A000023440921484607F01FFF5C4B5C4A5D493F
:108A1000002F08BF1A466378CDE90192002B544A13
:108A2000594B08BF0B4600934FF030014E4B12A834
:108A300018BF1346554A07F007FF0CA912A8F1F713
:108A4000EAF8183525448046362212A92846F0F760
:108A50008FFD082804D1322212A92846F0F788FD9C
:108A6000A8B112AB0122019000931146484B00209F
:108A7000FDF754F9002E3FF440AF002338E7454A94
:108A800010685168127A4B4603C31A70BDE74FF461
:108A90001C7303FB0743012283F88322B8F1000F04
:108AA00035D193F8853293BB404605F03DFECDE9C4
:108AB000060106A806F000FB0346002845D0364A0A
:108AC00080211EA807F062FE1EA805F059FE05AB26
:108AD00002461EA92846F0F7EDFE50B92F4905AB16
:108AE00001222846F0F7E6FE18B92846F0F7B9FF4C
:108AF00030B1012200902A4B11460020FDF70EF9FB
:108B00004FF41C7303FB0743012283F885224FF4C3
:108B10001C7303FB07430025384683F8845200F09A
:108B200071FE61781F4A174BA94218BF1346019383
:108B300012AB00932A461C4B01210320FDF7EEF8EF
:108B4000002E3FF4DAAE2B46D2E618491EA805F0F7
:108B500003FAB9E788DB0020154E0200474E0200F9
:108B60006D4E0200754E0200F34D02009C4E020055
:108B7000FB4D0200C54E0200F34E02009C52020063
:108B8000A15202006E480200CC480200004F0200D1
:108B90000B4F0200D24F02002E4F02006D48020020
:108BA0008D4F0200084E0200B94F02005C4F0200D8
:108BB0002DE9FF412B4C23780646002B4FD0FFF7C1
:108BC0006FFA054600284AD04FF41C7707FB06478A
:108BD00001A807F51E77FFF73BFE394601A806F00E
:108BE0009FFD00283BD0A068D8B14FF47A71F2F70E
:108BF0004BF8012833D101A8FFF72AFE394601A816
:108C000006F08EFD18B1237C03F0FF085BB135B38D
:108C10000023A0681A46194604B0BDE8F041F1F7F8
:108C200053BE0546E7E730460127277400F0E7FD0D
:108C3000032301A8CDF804808DF80830FFF714FA5B
:108C400030B1FFF72DFA18B139463046FFF72CFE48
:108C5000304600F0D5FD00232374002DD9D104B097
:108C6000BDE8F08188DB00202DE9F74305460E467C
:108C700021B101280DD90846F1F7C8FC0122CDE940
:108C80000065804B11460020FDF748F803B0BDE8B1
:108C9000F0837D4C94F80090B9F1000F05D1304677
:108CA00003B0BDE8F043F1F7B1BCFFF781FF6068A6
:108CB000002850D14FF000094FF41C7707FB0547FF
:108CC00097F8603293B3E06880B34FF47A71F1F7AC
:108CD000DBFF01282AD197F86022002A60D097F89C
:108CE00061329C2101FB05310133DBB29031082B4D
:108CF00028BF0023013A54F8218087F8602287F8C2
:108D000061320023E0681A461946F1F7DDFDB8F13B
:108D1000000F0BD041462846FFF73AFD00283BD113
:108D20004046F1F773FC594805F0E4FB314628460C
:108D3000FFF72EFD0346A8B33046F1F767FCB9F103
:108D4000000FA3D0002360681A46194603B0BDE89F
:108D5000F043F1F7B9BD4FF47A71F1F795FF0128AF
:108D6000AAD06368002BA5D000F06AFC074658B370
:108D700000F0A0FC40BB6068E8B9002731462846F7
:108D8000FFF706FD0346002870D03046F1F73EFCA1
:108D9000002F3FF47BAFD5E74046F1F737FC92E771
:108DA0009046AEE7B9F1000FDED00246014660689A
:108DB000F1F78AFDD8E74FF47A71F1F765FF0128E2
:108DC000DCD06368002BD8D0E068002856D04FF480
:108DD0007A71F1F759FF012850D14FF41C7707FB46
:108DE000054797F86032072B1ED9294805F082FB0A
:108DF000284600F001FD97F86012A9B197F861329A
:108E00009C2202FB053290320133DBB2082B54F86E
:108E1000220001F1FF3128BF002387F8601287F894
:108E2000613208B1F1F7F2FB4FF41C7202FB05420C
:108E30009C2192F8623201FB05319031013344F8F4
:108E4000216092F86012DBB2082B01F10101C9B276
:108E500028BF0023284682F8601282F8623200F0B0
:108E6000CAFC0023E0681A4619466FE7002FABD012
:108E7000024601466068F1F727FDA5E7054805F0C1
:108E800039FB0CE7DB4F020088DB00202450020096
:108E90005C5002008C50020008B580B1084B1B7872
:108EA0006BB1084B002201210320FCF737FF0020A3
:108EB000FFF77EFEBDE808400120FFF779BE08BD40
:108EC00088DB0020C7500200F7B51C4C237805460C
:108ED0000E4683B30027D4E99A32043342F10002EC
:108EE000AB42B24113DA94F8833273B104F1180043
:108EF000F0F7B7FD30B101220090114B1146002070
:108F0000FCF70CFF384600F079FCC4E99A5604F5EA
:108F10001C7477B10020FFF74BFE0120FFF748FEDD
:108F200000F06BFC00F070FC03B0BDE8F04000F016
:108F300033BC0127CFE703B0F0BD00BF88DB0020C2
:108F4000DE5002002DE9F341224D2B78002B3ED05C
:108F5000686800283BD04FF4FA61F1F795FE0128CC
:108F600035D12C464FF0000894F88332F3B104F168
:108F700018063046F0F775FD07463046F0F7C4FD99
:108F8000064637B10122144B009711460020FCF72A
:108F9000C5FE36B10122114B009611460020FCF7A8
:108FA000BDFE002384F8833284F8843204F51C74F7
:108FB000B8F1000F08D0002368681A46194602B0BD
:108FC000BDE8F041F1F780BC4FF00108CCE702B0FA
:108FD000BDE8F08188DB0020035102003751020018
:108FE000074B1B7810B504464BB101460020FFF734
:108FF0005BFC21460120BDE81040FFF755BC10BDC9
:1090000088DB0020012838B505460C4611D891B1FF
:109010000A4B1B7823B92046F1F7F8FA012038BD36
:10902000FFF73EF80028F6D021462846FFF71CFE41
:10903000F4E70020F3E70846F1E700BF88DB0020F3
:1090400038B52B4D4FF49C620021284605F004FCF6
:109050000120F1F7D9FC45F8140C0120F1F7D4FCFC
:1090600045F8100C0120F1F7CFFC55F8142C45F809
:109070000C0C0023A5F11804237402B3A268F2B10A
:10908000E8B14FF000404FF0FF3104F59C62C4E9B5
:109090009C01C2E9000184F88332A4F8843284F888
:1090A000F334A4F8F43400F09FFA00F0A1FB01239C
:1090B000104825F8183CBDE8384005F01BBA0E48AA
:1090C00005F018FA606818B1F1F7C0FE002363607C
:1090D000A06818B1F1F7BAFE0023A360E06818B1E8
:1090E000F1F7B4FE0023E360002304482370E2E7B5
:1090F000A0DB00206C510200C05102001852020097
:109100000128034610D8094A107870B14FF41C7139
:1091100001FB032393F8843223B9107CC0B200F022
:10912000010070470120FAE70020704788DB00202B
:1091300010B5D0E91842D1E91803844272EB03015B
:1091400005DBA0429341B4BF0120002010BD4FF0C9
:10915000FF30FBE737B505460C460C4801AA6946C7
:10916000F0F77FFD78B9019B5A895B69023B534355
:10917000C3F355032B60009B5A43C2F35502226090
:10918000012003B030BD0020FBE700BF934A02007E
:1091900013B50E49044604F037FA38B90C49204695
:1091A00004F032FA80B9012002B010BD0020FFF7B0
:1091B000A7FF0028F7D00320064B009400220121CE
:1091C000FCF7ACFD0020EFE70120F0E79B52020026
:1091D000A0520200A55202002DE9F04F9BB07D4B3A
:1091E000079300247C4B059107460893A0460DF198
:1091F0001C0B5BF828A00FA85146F0F799FC00283B
:109200006AD109A90FA8F0F7DCFC002861D19DF80C
:109210002D30002B5DD0522B14BF0DF12D050DF11B
:109220002E05284605F0ACFA0B28EAD96B1EE91D7D
:1092300013F8012F303A092AE3D88B42F8D12B7A60
:109240002E2BDED109356549284604F0DDF985422B
:1092500005D06349284604F0D7F98542D1D1059B52
:109260000DF12D06002B48D05E49304604F0CCF9B4
:109270000028C6D0702505FB04751F2231462846FC
:1092800005F038FF0023EB77574A009653464021FC
:1092900005F1200007F0D8FA9DF82D30522B14BFAD
:1092A000B1460DF12E09484605F06AFA072826D87E
:1092B0000122CDE900604D4B11460020FCF72EFD48
:1092C00000231A460134C5E91832642C099BAB66A9
:1092D00097D10FA8F0F766FCB8F1000F03D1642C0A
:1092E0004FF0010885D13846414B7022214604F0E9
:1092F000A9FA20461BB0BDE8F08F3E49B5E7002330
:1093000019F80320A2F13000092809D9009201229E
:10931000CDE901361146384B0020FCF7FFFCCFE7C2
:109320000133082BECD199F8002099F8013099F815
:10933000030099F804C099F807100A26303A303B28
:1093400006FB023399F802203038303A06FB02005F
:1093500099F805204FF0640E303AACF1300C0EFB5A
:1093600002F24FF47A7E0EFB0C2299F806C0ACF1A3
:10937000300C303906FB0C220A44591E1E2906D82F
:10938000411E0B2903D8A2F2E4714F290CD90DF12B
:109390002D01CDE902210122CDE900301146174B04
:1093A0000020FCF7BBFC8BE7A2F5FA62911040F2BB
:1093B0006D1606FB0212124E0121884204D113449D
:1093C000104A5343DA177DE756F804CB0131624463
:1093D000F3E700BFF54D0200FD4D02009C52020074
:1093E000A15202009B520200A64B0200D45202007E
:1093F00031910100A0520200255302007353020074
:10940000E8B10200805101002DE9F043ADF52F5D78
:1094100083B00646012102A8FFF7DEFEB04257D90D
:109420000024DFF8B890851B02AFA0463846FFF74E
:10943000AFFE60B107F12000F0F77AFC024630B9C8
:1094400000974B4601210220FCF768FC013408F12B
:109450000108454507F17007E8D1002102A8FFF790
:10946000BBFE86421CD2DFF87890871B02AD4FF01E
:1094700000082846FFF78CFE60B105F12000F0F7E8
:1094800057FC024630B900954B4601210220FCF7FB
:1094900045FC013408F10108474505F17005E8D1A4
:1094A00074B10C4B0121CDE9004600220220FCF7EB
:1094B00035FC094B596919B1002200232046884721
:1094C000B4FA84F040090DF52F5D03B0BDE8F083D8
:1094D0000024C2E7F253020020160020B553020018
:1094E000D25302002DE9F04FADF52F5D83B08046D9
:1094F000002005F019F9374B03FB08F3C71A61F197
:10950000000902A80121FFF767FE02AD4FF0000A33
:1095100083462E465446D3451FD1002102A8FFF7AB
:109520005BFE00268246B24536D174B12A4B01213A
:10953000CDE9004800220220FCF7F0FB274B5969D7
:1095400019B10022002320468847B4FA84F040096C
:109550000DF52F5D03B0BDE8F08FD6E91823012A81
:1095600073F1000114DBBA4273EB090310DA3046E1
:10957000FFF70EFE60B106F12000F0F7D9FB0246BE
:1095800030B9174B009601210220FCF7C7FB0134CC
:109590000AF1010A7036BEE7D5E91823012A73F1F2
:1095A000000114DBBA4273EB090310DA2846FFF717
:1095B000EFFD60B105F12000F0F7BAFB024630B9CB
:1095C000084B009501210220FCF7A8FB013401366D
:1095D0007035A8E780510100635402002016002076
:1095E0002C5402004654020010B5064C0123002002
:1095F000237005F099F8C4E90201BDE81040024863
:1096000004F078BF201600209954020010B50446DB
:10961000FEF746FD20B12046BDE81040FFF762BFCF
:109620004FF0FF3010BD10B50446FEF739FD20B1F4
:109630002046BDE81040FFF7E7BE4FF0FF3010BDF9
:109640001FB503A902A8FFF785FD044640B9012212
:10965000144B1146FCF762FB0024204604B010BDF9
:10966000039BB3F5A05F09D2029ACDE90032012233
:109670000D4B11460020FCF751FBEEE7B3F5205FE0
:1096800007D2029ACDE90032084B0122114610465A
:10969000F1E7B3F5A04FDFD2029ACDE90032044BD7
:1096A000F3E700BFB5540200D05402000255020097
:1096B000335502001FB501221146124B0020FCF762
:1096C0002DFB0220FFF7AFFF03A9044602A8FFF716
:1096D00041FD60B1039B0093B3F5A05F0AD2012264
:1096E000094B11460020FCF719FB6FF001042046DE
:1096F00004B010BD054B002201210220FCF70EFB37
:10970000F5E700BF5F5502008C550200BE55020010
:109710001FB503A902A8FFF71DFD78B3039BB3F59E
:10972000A05F0BD2012200931146184B0020FCF7DA
:10973000F5FA05B05DF804EBFFF7BCBFB3F5205FA9
:109740000CD2012200931046114B1146FCF7E6FAA9
:10975000052005B05DF804EBFFF765BFB3F5A04F3A
:1097600011D2009300220B4B01210220FCF7D6FA04
:10977000072005B05DF804EBFFF748BF6FF002006B
:1097800005B05DF804FB0020FAE700BFEC550200CD
:10979000155602003D56020037B5144C237813B31A
:1097A000002004F0C1FFD4E902232569821A61EB8D
:1097B0000303AA4273F1000302DA002003B030BDB4
:1097C000C4E90201FFF7A4FF0028F7D16846FAF7C1
:1097D000FBFB0198431EB3F5B67FEED203B0BDE8A4
:1097E0003040FFF713BF6FF00200E7E720160020BC
:1097F00070477047704770477047704770477047B1
:1098000070477047704770477047000070B5114C43
:1098100023789BB94FF08043592516208821C3F83F
:109820000051C3F80001C3F80011D3F80021002A49
:10983000F5D00720F4F7F2F901232370BDE870405A
:109840004FF000534FF0FF324FF030614FF0404087
:10985000F4F748BB80E00020114B1A6822F0405218
:1098600030B51A601A6842F000521A6021F0030203
:109870000446024494420BD11C6824F040541C60FE
:109880001C681C6021F003028A4205D3D86830BDF1
:1098900054F8045B5D60EDE7845C5C600132F3E7E3
:1098A00000100340F3F77EBCF3F780BC0130F1F702
:1098B000F1BF000037B504466846F2F72DF9019B69
:1098C00000204FF47A72B3FBF2F1451802FB11331A
:1098D00025600449009D65604B43B3FBF2F3A36030
:1098E00003B030BD40420F0038B5334D2A78002A0E
:1098F0005CD14FF08043D3F8003143B94FF05003AF
:1099000083F31188BFF36F8FBFF34F8FFFDE2B48B8
:109910004FF23F01F4F7FAFB284803224FF47C6131
:10992000F4F7F4FB264B4FF478629A640220F4F7C4
:109930006DF90220F4F788F90028FAD0214A224C68
:10994000936843F002039360D4F8003143F00E03B0
:10995000C4F800314FF00733C4F808311B4BC4F88A
:1099600004310020F4F75CFD10BB01232B70184B71
:109970001B686268D50102D501308342F9D24FF0ED
:109980008042D2F8F421D40703D40F4A4AF6651175
:1099900051600D4A5168C90302D401308342F9D2A3
:1099A000536943F4807343F001035361002038BDD1
:1099B0004FF0FF30FBE700BF81E000204041004056
:1099C0000041004000020040001004400000030776
:1099D000E41100206FF4F66C2DE9F043904600EBA3
:1099E0000C02002AB8BFA0F2AE726FF06305A0F2BD
:1099F0006D7494FBF5F46FF4C86504EBA2044FF4A6
:109A0000C87E42194D1E92FBFEF21444214A32F9DF
:109A1000155040F26D19EA17C0FB095215EB080505
:109A200042EBE872651942EBE4721B4C2C1962F1AF
:109A3000000C0229DDE9077611DD81070FD14FF017
:109A4000640890FBF8F108FB110121B990FBFEF1CD
:109A50000EFB110018B9114C2C1962F1000C1822E0
:109A6000A4FB020102FB0C11C0184FF03C0241EBB9
:109A7000E371A0FB0203C01902FB013343EBE77360
:109A8000A0FB020102FB0311801941EBE671BDE866
:109A9000F08300BF18B202003507F5FF3607F5FF67
:109AA00070B51C46154600232B4A03F0CDF900F58E
:109AB000382101F6191100F52F20284B00F66C20F3
:109AC0008900B1FBF3F148F6AC63013903FB1103E4
:109AD000A3EB910303F5B77040F2B5568000B0FBDD
:109AE000F6F06426013806FB0101296040F26D168C
:109AF000810806FB00115B1A992003EB83010231F8
:109B00000133B1FBF0F12160414302310520B1FB8B
:109B1000F0F15B1A049905980B602368D91C0C2995
:109B2000C3BF093B23602B682160C4BF01332B6096
:109B30004FF46161B2FBF1F30360069801FB13235C
:109B40003C21B3FBF1F30360B2FBF1F301FB132201
:109B5000079B1A6070BD00BF80510100B13A02003E
:109B60002DE9F04F012887B00F4657D1FFF7BCFE13
:109B700020B104F097FF8623036056E0334EF0F7E0
:109B800071FBB3693569F468F0F78CFBC5F30342E8
:109B9000D6F814B0C5F303500A2602F5FA62C5F3ED
:109BA000003116FB0020C5F30322C4F30153C4F3B4
:109BB000034A16FB01211BF0010FC5F3011205F04A
:109BC0000F05C4F30239C4F3032CC4F3021E04F0DE
:109BD0000F0816FB025216FB03A31AD10A25142BF9
:109BE00015FB09CC88BF143B15FB0E85CDE900C5DC
:109BF000FFF7F0FE164ECDE90201C4F3066474438C
:109C00000A23B4FBF3F40494B7B9002007B0BDE80D
:109C1000F08F16FB09CC16FB0E85E7E7042807D169
:109C200002A8FFF747FE0028EED04FF0FF30EDE727
:109C300004F038FF16239FE7DDE90223C7E900237C
:109C4000049B4FF47A725343BB60DEE7001004407C
:109C50002D310100F0B501288BB0054604D119B1B2
:109C60008A681A4B9A4207D904F01CFF1623036036
:109C70004FF0FF300BB0F0BDD1E90067FFF734FEC5
:109C8000044608BB09AB039308AB029307AB0193EF
:109C900006AB009304AA05AB30463946FFF700FF38
:109CA0000498642390FBF3F203FB120000F5FA60C2
:109CB000DDE905122346F4F7D3FBDDE90812079826
:109CC00000942B46F4F7F4FB0020D3E700CA9A3B3C
:109CD0001FB5044669460120FFF742FF431C01D02F
:109CE00014B9002004B010BDDDE90023C4E900234D
:109CF000029B4FF47A7293FBF2F3A360F1E708B58D
:109D0000F0F700FA08BD0B680068984284BF03F5BD
:109D1000C333A133181A106070471FB50190FFF7C5
:109D2000EEFF03AA0390114601A8FFF7ECFF039B87
:109D30000A20584305B05DF804FB032000F068BD1D
:109D4000022000F065BD012000F062BD002000F09F
:109D50005FBD00004FF0804210B5136C084C23F03B
:109D6000704343F0404320461364F3F757FF204607
:109D70000022BDE810404FF48071F3F7F7BE00BF3A
:109D8000130090A210B5012104460C48F3F7BCFA69
:109D90000A480121F3F7ADFA7CB1224632230021B3
:109DA0000648F3F723FA05480121F3F79FFABDE8C7
:109DB000104002480121F3F7A1BA10BD00B00540E0
:109DC0000C4B1A78013A072A07D8DFE802F004079B
:109DD000090B0D0F110D05221A7070470322FBE7C6
:109DE0000422F9E70022F7E70122F5E70722F3E76B
:109DF0000822F1E784E00020014B00221A7070472E
:109E000084E0002008B5FFF7DBFF0248BDE808400A
:109E100000F0AFBD1D9E0100FFF7F4BF30B58DB05F
:109E2000F3F7C0F9F2F7C2FEFF2500210123274C0A
:109E30000095084640F22712CDE901337F23F3F75E
:109E400047F8234800F02EFDA37A0193637A00932C
:109E5000237A204A1E2104A806F0F6FC2378053B4D
:109E6000032B03D80021284600F046FD04A9012059
:109E700000F028FDFF21002000F03EFD637B0193F0
:109E8000237B0093E37A144A142104A806F0DCFC37
:109E90002378013B032B03D80021FF2000F02CFD89
:109EA00004A9032000F00EFDFF21002000F024FD96
:109EB00022783AB9094B114609480DB0BDE8304047
:109EC00000F078BC074B084A0849F5E784E0002019
:109ED00064560200735602008A560200F0BE020069
:109EE00030BF0200D0BE020010BF0200B0BE0200B0
:109EF00000B500208BB004F017FC09AB039308AB4E
:109F0000029307AB019306AB009304AA05ABFFF7DE
:109F1000C7FD049A094B642192FBF1F001FB10226A
:109F20001A72059A5A72069A9A72079ADA72089AFF
:109F30001A73099A5A730BB05DF804FB84E0002091
:109F4000074A13780BB900F011BB03F0FB03012B98
:109F500004D100230348137000F00BBD704700BF0D
:109F600084E000201D9E010008B50D4A1378991E5B
:109F7000022913D9063B022B10D9937B0133DBB2A4
:109F8000042B08D900239373FFF7B2FFBDE8084004
:109F9000044800F0EEBC9373002BF5D008BD00BF61
:109FA00084E000201D9E010010B5344A1378023B66
:109FB000062B60D8DFE803F04A51585F040E150005
:109FC000137A2F492F4853606323002200F0C8FE04
:109FD000012010BD537A536029492B480C230122DC
:109FE000F4E7517A907A0C2926D801238B4041F26C
:109FF000AA54234222D113F4256321D1022916D178
:10A00000117A01F5FA6389071CD16424B3FBF4F1DA
:10A0100004FB113189B2B9B94FF4C871B3FBF1F443
:10A0200001FB14339BB2002B0CBF1D231C2350607B
:10A03000134916480122C9E70023F8E71F23F6E772
:10A040001E23F4E71C23F2E71D23F0E7D37A5360C5
:10A050000B490F4817230022B8E7137B53600849C8
:10A060000C483B230022B1E7537B536004490A4864
:10A070003B230022AAE70020ABE700BF84E00020DA
:10A0800088E000209F560200AA560200B656020041
:10A09000C0560200CB560200D856020008B50B4B42
:10A0A0001A784AB905221A70FFF77EFF60B9BDE839
:10A0B0000840074800F05DBC052A01D10622F2E7FE
:10A0C000012AF1D10222EEE708BD00BF84E00020A2
:10A0D0001D9E010010B5254C237886B023B9FFF7EB
:10A0E00007FF234800F02CFC2378023B062B3BD8CB
:10A0F000DFE803F03134373A042B2E006368237213
:10A10000FFF75EFE207A6423B0FBF3F203FB12003C
:10A11000637B0193237B0093C0B2E37AA27A617AD6
:10A1200000F5FA60FFF756FC0023CDE9020102A911
:10A1300001200493FFF78EFDFFF736FFA0B90C480E
:10A1400006B0BDE8104000F014BC63686372D7E746
:10A150006368A372D4E76368E372D1E7636823732B
:10A16000CEE763686373CBE706B010BD84E00020E0
:10A170001D9E01000048704770C90200064AD3695D
:10A180000BB900F0F3B9013B042B28BF04230348AB
:10A19000D36100F0EEBB00BF98E000202DA20100CB
:10A1A00000B510498DB0022000F08CFB0E4A918C56
:10A1B000138CA1F500410191528CA2F50042A3F548
:10A1C000004300922821094A02A806F03DFB02A99B
:10A1D000032000F077FB0649042000F073FB0DB06C
:10A1E0005DF804FBE556020098E0002007570200E6
:10A1F0002557020008B50949022000F063FB084911
:10A20000032000F05FFB0749042000F05BFBBDE882
:10A2100008400549052000F055BB00BF3C5702002F
:10A220006157020089570200AF57020070B58EB027
:10A23000F2F7B8FFF2F7BAFCFF2400210123002552
:10A240000846CDE90133184E00947F2340F22712CF
:10A25000F2F73EFE154B164A0194032102200095A9
:10A26000F2F702FF134CF36954F8332001920522F0
:10A27000013300922821104A04A806F0E5FA04A947
:10A28000284600F01FFB0D4B0D482A46294600F0DA
:10A2900091FAF36904EBC30463681BB10EB0BDE827
:10A2A000704018470EB070BD98E00020F4110020F7
:10A2B000CB570200A8C90200E6570200D0BE020038
:10A2C00030BF020030B5164C8DB000F01DFB4120B0
:10A2D000A58EFCF7F9FBA5F50045A0F500402B463F
:10A2E000104A0090282102A806F0AEFA02A9032025
:10A2F00000F0E8FA628D238D1344A28D1A44E38D99
:10A3000013449B08084AA3F50043282102A806F03D
:10A310009BFA02A9042000F0D5FA0DB030BD00BFB1
:10A3200098E00020F15702001258020008B50449D5
:10A33000022000F0C7FABDE80840FFF7C3BF00BF26
:10A340002358020008B50449022000F0BBFABDE81A
:10A350000840FFF7B7BF00BF3E58020008B50449E8
:10A36000022000F0AFFABDE80840FFF7ABBF00BF26
:10A3700057580200024B03480022DA6100F0E0BAAD
:10A3800098E000202DA2010010B5144C144BE26996
:10A3900003EBC203134A5B68934202D0124A934212
:10A3A00017D1FBF741FB236BA08603F114020133A5
:10A3B000042B24F812000D4A28BF002323631378CE
:10A3C00083F0010111703BB1BDE81040084800F076
:10A3D000D0BA084A9342E4D010BD00BF98E00020F4
:10A3E000A8C902005DA3010045A3010094E000207C
:10A3F0002DA201002DA3010038B5234C234DE369A4
:10A4000005EBC3035A68224B9A4203D1012109206C
:10A41000FCF748FBE36905EBC3051E4B6A689A42EB
:10A420001BD0618D238D0B44A18D1944E38D0B440A
:10A4300019498A42C3F38F031AD1238402210920C8
:10A44000FCF730FBE36915480133052B28BF0023D7
:10A45000E361BDE8384000F08CBA10210920FCF718
:10A4600021FB0F48FAF750F9BDE8384000F07EB8FC
:10A470000C498A4202D163840821E0E70A498A42F2
:10A48000E0D1A3840421DAE798E00020A8C9020003
:10A49000F5A10100A1A101005DA301002DA2010011
:10A4A000B8E0002045A301002DA30100004870473B
:10A4B0008CC9020000B100477047000007B58DF855
:10A4C0000000F1F7CBF80190044800231A466946D2
:10A4D000C06FF0F7F9F903B05DF804FBD4E0002099
:10A4E0000420FFF7EBBF00001FB58DF80800F1F75F
:10A4F000BBF803900B480023C06F019301AA02A987
:10A50000F0F794FA019B4BB14FF0E0234FF08052EB
:10A51000C3F8042DBFF34F8FBFF36F8F05B05DF805
:10A5200004FB00BFD4E00020F0B40F4F97F8706038
:10A53000032E044615D80FCC1C2505FB06750FC548
:10A5400094E8070085E80700C6EBC603013607EB71
:10A55000830287F8706057F82300BA67F0BCFFF7F2
:10A56000A9BFF0BC704700BFD4E0002010B50F4C6D
:10A5700094F87020A36F9AB113B15868FFF79AFF4F
:10A5800094F87030013BDBB284F870301C22013B40
:10A590005343E218E058A267BDE81040FFF78ABFB6
:10A5A00013B15868A267F7E710BD00BFD4E00020E0
:10A5B000BFB5584C584E594FFAF7CAF9F2F7FAFDA1
:10A5C000D4F88050F1F74AF80023024600930121A5
:10A5D0002846F1F7D1FD01F0FDFAFFF7A5FF504D38
:10A5E000E06F04A94FF47A72F0F7C0FA012801462F
:10A5F00014D19DF81030042B54D000930022334620
:10A600000320FBF78BFB9DF81030082BE8D8DFE820
:10A6100003F00C0C0C0C494E53606D002B460022CD
:10A6200001210320FBF77AFBDAE7A36F002BD7D0D9
:10A63000F1F714F8DDF814909DF810804845A0EB70
:10A64000090038BF00F1FF3040F2DC5398420CD9CA
:10A65000F1F704F80122CDE90190CDF800803B46E6
:10A6600011461046FBF75AFBBAE7B8F1030F08D9B9
:10A670004FF0500383F31188BFF36F8FBFF34F8FF9
:10A68000FFDE40F6C410FFF77DFB0A20FFF70EF94E
:10A690000020FFF777FBA36F03EB8803D868FFF771
:10A6A00009FF9DE7A36F002B9AD09868F7E701F0A8
:10A6B0009DFBFFF739FF93E7A36F002B90D0D3F8F2
:10A6C000008001F093FB0368984589D1FFF74EFFA6
:10A6D00086E7A36F13B900F0F9F9EAE7D3F8008031
:10A6E00000F0F4F903689845F5D179E7A36F2BB929
:10A6F00094F8703053B901F033FBDAE7D3F80080F7
:10A7000000F0E4F903689845F2D169E7002384F882
:10A710007030F0E7D4E00020E0580200F458020066
:10A72000C2580200074A92F87030012B08D91C2148
:10A73000023B4B430068D3581B1A5842584170479C
:10A7400000207047D4E0002073B515460E461C4625
:10A75000024648B100234FF0FF0CCDE9003C6F21C9
:10A76000134B1D20F2F780FC4EB10023FF20CDE9F2
:10A77000003032460E4B6F216120F2F775FC4DB16F
:10A780000023FF21CDE900312A46094B6F21AA2081
:10A79000F2F76AFC4CB10023FF22CDE900326F21B1
:10A7A000034B2246FE20F2F75FFC02B070BD00BFF3
:10A7B000EC11002073B50E4615461C4640B110231F
:10A7C0004FF0000CCDE9003C6F221D21F2F7ACFCEC
:10A7D00046B100201023CDE900306F2268213046B9
:10A7E000F2F7A2FC45B100211023CDE900316F2220
:10A7F000B3212846F2F798FC44B100221023CDE99A
:10A800000032FE216F222046F2F78EFC02B070BDAE
:10A8100003280CD8DFE800F0020507090020FFF745
:10A8200063BE0120FBE70220F9E70320F7E770474A
:10A8300013B5114CFFF78EFA4FF47F430022082125
:10A840001020A4F87430F0F719F80C4BE0670122DF
:10A8500000934FF47A7100230948F1F769FC002353
:10A86000C4F8800007490848CDE900334FF4FA7274
:10A87000F0F760FD02B010BDD4E00020E1A40100BB
:10A880001A59020024590200B1A501000520FFF762
:10A8900015BE0620FFF712BE0720FFF70FBE0820E7
:10A8A000FFF70CBE07B50023FF21CDE900310246BA
:10A8B000034B03210220F2F7D7FB03B05DF804FB42
:10A8C000F411002007B50A4BC0EBC0000A46400057
:10A8D00093F875100191143093F87430009380B29E
:10A8E0000146044B0320F2F7BFFB03B05DF804FB05
:10A8F000D4E00020EC110020024B83F8740083F8B0
:10A9000075107047D4E000201FB50C4A137883F00F
:10A910000103002B13700CBFFF2200220123CDE99D
:10A9200001330092062340F22712002140F2231047
:10A93000F2F7CEFA05B05DF804FB00BFD0E00020CE
:10A9400008B58047F2F72EFCBDE80840014600221A
:10A950000120FAF719B810B58047F2F723FC044636
:10A96000F2F724FC21460246BDE810400220FAF727
:10A970000BB810B50446F2F715FCFAF71DF8A0471E
:10A98000F2F710FCBDE81040FAF728B808B5F9F75F
:10A9900061FF074B186018B9BDE80840FFF7E6BD36
:10A9A0000448FFF7E6FFBDE808400348FFF7D3BFC0
:10A9B00058E10020FDA90100BDA901001FB5F2F773
:10A9C000F5FBF2F7F3F80123CDE901330021FF2372
:10A9D000009308467F2340F22712F2F779FA5023BA
:10A9E0000022CDE9003204481622C821F2F79CFB70
:10A9F00005B05DF804FB00BF30B202002DE9FF4155
:10AA0000F2F7D0FBF2F7D2F801230021CDE90133B0
:10AA1000FF230846009340F227127F23F2F758FAEB
:10AA20001B48FFF73FFF1B4B1E6800253446DCB96F
:10AA3000012DCCBF4FF002084FF00308AC421DDAE5
:10AA4000032C16D03046F9F71DFB0746F9F730FB0B
:10AA500026EA00063846F9F73DFB014608EB0400FC
:10AA6000FFF730FF0134E9E704F001031D446408F7
:10AA7000DDE7094908F10300FFF724FF00231A4628
:10AA80001946184604B0BDE8F041FFF793BE00BF79
:10AA90002859020058E100207259020008B5F9F760
:10AAA000D9FE074B1A68824208D018600548FFF7A4
:10AAB00060FFBDE808400448FFF74DBF08BD00BF78
:10AAC00058E10020FDA90100BDA901000048704720
:10AAD000D0C90200054BD3E90412914201DA1A6190
:10AAE00002E09A699142FADC704700BF5CE1002005
:10AAF000044B1A78012A04BFD3E903211160002214
:10AB00001A7070475CE1002070470000034B044A54
:10AB10009B690021084605F097BE00BF5CE100205C
:10AB2000E04A020008B5FFF7F1FF064B9B68C31A25
:10AB3000013B01200A22002B00DC08BD5043013BF1
:10AB4000F9E700BF5CE1002070B5144C2378012BBD
:10AB50001ED1FFF7E7FF0A21226992FBF0F595FB72
:10AB6000F1F301FB13535E1C092B01FB00F392FB75
:10AB7000F3F300FB03F308BF00264B43012806FB59
:10AB80000033C4BF00FB15229B182361FFF7A2FF0F
:10AB9000BDE870400248FFF7ECBE00BF5CE100205A
:10ABA00031AC010070B5134C2378012B1DD1FFF798
:10ABB000B9FF0A25216991FBF0F696FBF5F205FB3A
:10ABC0001262013A05FB00F391FBF3F300FB03F380
:10ABD00048BF09226B43012802FB0033C4BF00FBBE
:10ABE00016115B182361FFF775FFBDE8704002483E
:10ABF000FFF7BFBE5CE1002031AC010038B50A4C64
:10AC00002378012B0AD1FFF765FFA5680135A56000
:10AC1000FFF77CFF854224BF0023A360BDE83840D6
:10AC20000248FFF7A6BE00BF5CE1002031AC010086
:10AC30002DE9F0418AB0F2F7B5FAF1F7B7FFFF2539
:10AC40000123CDE9013340F209125F2319212320AA
:10AC50000095F2F73DF900240223DFF8EC80009420
:10AC6000CDE9013440F209125F2319212320F2F7C4
:10AC70002FF998F80030012B4FD1D8F8042032B1C9
:10AC8000CDE90045294B23212820F2F7EDF91022C8
:10AC9000202105A803F0E0FDFFF738FF244FD8F886
:10ACA0001030244A0093044605ADC0F10F00FF2682
:10ACB0002346C4F111012844002505F0C5FD3B469B
:10ACC00005AA41212820CDE900568DF82450F2F73D
:10ACD000CBF9D8F80820B8880F32121B02F12803EC
:10ACE000CDE900650DEB030110FB02F0283011F8EF
:10ACF000142C3B46412180B2F2F74CF9B8880095FC
:10AD00000134012310FB04F0CDE90133301A56233E
:10AD10003246194680B2F2F759F8074B074A0849FC
:10AD200008480AB0BDE8F041FFF744BDF411002027
:10AD3000FC110020CF3C0200F0BE020010BF020058
:10AD4000B0BE0200D0BE02005CE10020024B03480E
:10AD500000229A60FFF7F4BD5CE1002031AC0100F5
:10AD600030B40C4C257895B9E160096860608A427E
:10AD7000C4E905234FF00105B8BF0A4625709A4281
:10AD8000D4BF2261236130BC0348FFF7CDBB30BC88
:10AD9000704700BF5CE10020ECC90200014B0022BB
:10ADA0001A60704778E10020044A05481368013BA7
:10ADB000032B28BF03231360FFF7DBBD78E10020DE
:10ADC000E1AD0100044A054813680133042B28BF94
:10ADD00000231360FFF7CDBD78E10020E1AD010055
:10ADE00030B585B0F2F7DEF9F1F7E0FEFF2400217F
:10ADF0000123CDE90133009408467F2340F2271256
:10AE0000F2F766F80F4B104A10491148FFF7D2FCD1
:10AE1000104B11491A6801940C235A4300248D18D1
:10AE20000E4B8A58009432211920F2F71DF948235D
:10AE3000A868019400931422D221F2F775F905B0A5
:10AE400030BD00BFD0BE020010BF0200B0BE020085
:10AE500030BF020078E1002024CA0200FC1100206B
:10AE600008B5064B1A68064B0C2101FB02335B68E0
:10AE70009847BDE80840FFF757BB00BF78E10020C6
:10AE800024CA02000148FFF75BBD00BFE1AD01002D
:10AE90000048704708CA0200FFF768BB1FB5F2F709
:10AEA00081F9F1F783FE0123CDE901330021FF236E
:10AEB000009308467F2340F22712F2F709F803486F
:10AEC00005B05DF804EBFFF7EDBC00BF5D59020073
:10AED00010B590B0F2F766F9F1F768FE0124002191
:10AEE000FF23084640F22712CDE9014400937F2357
:10AEF000F1F7EEFF2248FFF7D5FCFAF72BFA214ACB
:10AF00000346292105A805F09FFC204605A9FFF767
:10AF1000D9FC00231A4619461B48FFF74BFCFAF7E9
:10AF2000E1F91A4B1A780446CAB1194905A803F089
:10AF300013F8002405A90320FFF7C4FC6CB100221C
:10AF4000144B11461046FFF735FC012C05D00023A9
:10AF5000114A12491846FFF72DFC10B010BD586871
:10AF6000A04204D30E4905A802F0F6FFE2E7FAF783
:10AF7000C1F90C4A0346292105A805F065FCD9E76B
:10AF8000765902008659020030BF02007CE10020A1
:10AF900097590200D0BE020010BF0200B0BE0200EE
:10AFA000B4590200C559020070B5094C237803F06A
:10AFB000FF0663B9656801356560FAF793F9854264
:10AFC00028BF66600348BDE87040FFF7D2BC70BD83
:10AFD0007CE10020D1AE010038B50A4C23787BB962
:10AFE0006568013D6560FAF77DF9854203D3FAF79C
:10AFF00079F901386060BDE838400348FFF7B9BC13
:10B0000038BD00BF7CE10020D1AE010008B50020B2
:10B01000FAF7CCF8064B1A7802F0FF013AB95A78E1
:10B020002AB159700348BDE80840FFF7A2BC08BD2B
:10B030007CE10020D1AE010073B50D4C0D4E012313
:10B0400023700425684600948DF80450FDF70CF831
:10B05000024638B108480123637002B0BDE8704071
:10B06000FFF76EBC334601210320FAF757FEE9E7EC
:10B070007CE10020D4590200D1AE010007B5084898
:10B08000FFF75EFC074B5868FAF74CF90523009070
:10B0900068468DF80430FCF7E7FF03B05DF804FB69
:10B0A0009DAE01007CE100200048704754CA0200B8
:10B0B000044A054893680133192B28BF0023936085
:10B0C000FFF757BC84E1002021B10100044A054884
:10B0D0009368013B182B28BF18239360FFF749BCE6
:10B0E00084E1002021B10100044A05481368013BB6
:10B0F000012B28BF01231360FFF73BBC84E1002034
:10B1000021B10100044A054813680133022B28BF0E
:10B1100000231360FFF72DBC84E1002021B1010062
:10B12000F0B585B0F2F73EF8F1F740FD1B4D1C4C31
:10B1300000210123FF270846CDE9013340F2271201
:10B140007F230097F1F7C4FE2B6801970C2606FBBE
:10B1500003F200230093A258124B03210220F1F7BF
:10B1600083FF2B6806FB03439B682BB129790E4BA9
:10B170000E4A002918BF13460D4A0E490E48FFF724
:10B1800019FB2B680C2202FB034463681BB105B05A
:10B19000BDE8F040184705B0F0BD00BF84E10020D5
:10B1A0008CCA0200F4110020F0BE0200D0BE0200E2
:10B1B00010BF0200B0BE020030BF020038B50A4D19
:10B1C00000242C602C71F9F765FA084A12F9341042
:10B1D000814203D00134192CF8D10024AC6004481A
:10B1E000BDE83840FFF7ACBB84E10020A4CA0200F0
:10B1F00021B10100044B1A790AB9FFF7B7B900224F
:10B2000002481A71FFF7B5BB84E1002021B10100AB
:10B21000074B1A7982F001021A711A68054B0C214A
:10B2200001FB02339B6803B118470348FFF7A1BB3A
:10B2300084E100208CCA020021B1010008B5094B4D
:10B240001A7972B100221A71EDF780FA30B1EDF778
:10B2500077FABDE808400448FFF78BBBEDF76AFAC0
:10B26000F7E708BD84E1002021B1010008B5EDF742
:10B270006DFA28B10349BDE808400220FFF722BB60
:10B280000149F8E7EF590200085A020070B5134E61
:10B290003379CBB1124D0FCD06F110040FC495E8F0
:10B2A0000700002333610F4B84E8070033620E4B25
:10B2B0007362A4F110000D4BB362FFF735F9BDE8DE
:10B2C00070400B48FFF755BBB2680A4B13F93200C8
:10B2D000F9F7EAF9BDE87040FFF748B984E10020CA
:10B2E00070CA0200CDB00100B1B001006DA501002F
:10B2F00021B10100A4CA020037B5134D0023FF227B
:10B30000B5F904403021CDE9003203202B460F4A25
:10B31000F1F7AAFE0E4B0F4A99681B792401002B06
:10B3200002EBC102A4B20BBF0023FF23FF210021C7
:10B33000E01CCDE9003152682B46302180B2F1F794
:10B3400093FE03B030BD00BFEC110020225A020072
:10B3500084E10020A4CA02000048704770CA0200BD
:10B36000054A06499068064B884218BF0B460548B7
:10B370009360FFF7FEBA00BFB0E1002020A10700F4
:10B3800090D00300C1B30100044A05481368013B93
:10B39000012B28BF01231360FFF7EBBAB0E10020B7
:10B3A000C1B30100044A054813680133022B28BFCA
:10B3B00000231360FFF7DDBAB0E10020C1B3010044
:10B3C000F0B585B0F1F7EEFEF1F7F0FB1B4D1C4C2C
:10B3D00000210123FF270846CDE9013340F227125F
:10B3E0007F230097F1F774FD2B6801970C2606FB6D
:10B3F00003F200230093A258124B03210220F1F71D
:10B4000033FE2B6806FB03439B682BB129790E4B57
:10B410000E4A002918BF13460D4A0E490E48FFF781
:10B42000C9F92B680C2202FB034463681BB105B009
:10B43000BDE8F040184705B0F0BD00BFB0E1002006
:10B4400088CB0200F4110020F0BE0200D0BE020042
:10B4500010BF0200B0BE020030BF02002DE9F04371
:10B4600091B002A8F9F741F94A20FBF72DFBADF89E
:10B4700010004B20FBF728FBADF812004C20FBF727
:10B4800023FB2249ADF814000020FFF71BFA2049E6
:10B49000204FDFF89480DFF894900120FFF712FA34
:10B4A00002AC04AE022534F8021B36F8020B57F842
:10B4B000043BA0F50040A1F50041002B08BF434626
:10B4C000019000914A46282106A805F0BDF92846BA
:10B4D00006A90135FFF7F6F9052DE4D14D20FBF75C
:10B4E000F3FA00F0E00040280CD0A0280CD00A4964
:10B4F0000A4B202818BF19460520FFF7E3F911B0C1
:10B50000BDE8F0830649F7E70649F5E7F25B02007C
:10B51000055C0200A0CB0200CF5B0200AB5B020027
:10B52000765B02008C5B0200715B02002B5C020008
:10B5300030B5154C237989B0A3B1144D0FCD01ACB2
:10B540000FC495E8070000230193114B84E807001E
:10B5500001A8CDE90533FEF7E7FF0E48FFF709FA2A
:10B5600009B030BDF9F7ABF8A368984206D0184689
:10B57000F9F7B0F8F9F7A3F8F7F74CFE09B0BDE812
:10B580003040FEF7F3BF00BFB0E100206CCB0200FB
:10B5900061B30100C1B3010010B50E4C8AB0A268BE
:10B5A0004FF47A732821B2FBF3F368460A4A05F098
:10B5B0004BF923791BB10021FF20FFF79DF9694664
:10B5C0000320FFF77FF9FF210020FFF795F90AB06C
:10B5D00010BD00BFB0E10020415C020010B5064C78
:10B5E000002323602371F9F76AF8A060BDE81040DA
:10B5F0000248FFF7A5B900BFB0E10020C1B30100C8
:10B60000044B1A790AB9FEF7B1BF002202481A7139
:10B61000FFF7AFB9B0E10020C1B30100074B1A79C1
:10B6200082F001021A711A68054B0C2101FB0233EA
:10B630009B6803B118470348FFF79BB9B0E10020AE
:10B6400088CB0200C1B3010008B5064B1A793AB1A4
:10B6500000221A71FEF72AFFBDE80840FEF764BF1A
:10B6600008BD00BFB0E10020004870476CCB02006D
:10B67000FEF77CBF044A05481368013B032B28BF33
:10B6800003231360FFF775B9BCE10020ADB60100DC
:10B69000044A054813680133042B28BF00231360B4
:10B6A000FFF767B9BCE10020ADB601001FB5F1F7A7
:10B6B00079FDF1F77BFA0123CDE901330021FF2366
:10B6C000009308467F2340F22712F1F701FC084956
:10B6D0000848094A0023FFF76DF8084B1A68084B21
:10B6E00053F82230984705B05DF804EBFFF70CB92A
:10B6F000B0BE020030BF020010BF0200BCE100205B
:10B70000C8CB020070B5A2B007A8F8F73DFF5048BB
:10B71000FFF7C8F84620FBF7D7F96425B0FBF5F62C
:10B720000E20FBF7E3F90A2410F10A0F90FBF4F264
:10B7300012B2CCBF20202D20002AB8BF5242BDF843
:10B7400028100491B6B292B2B6FBF4F3B2FBF4F156
:10B7500004FB136604FB1122CDE90212CDE900605F
:10B760003C4A50210EA805F06FF80EA90020FFF703
:10B77000A9F80898079A00F13201963091FBF5F18B
:10B7800002F1320292FBF5F2CCBF20252D250029D3
:10B79000B8BF494292FBF4F3B1FBF4F004FB13226F
:10B7A00004FB1011CDE90201CDE9002550212A4A00
:10B7B0000EA805F049F80EA90120FFF783F84420F0
:10B7C000FBF782F99DF82D1009B1C0F340019DF8F7
:10B7D0002E30002B37D0214C214A002914BF23469C
:10B7E000134610F0010F18BF2246009250211D4A47
:10B7F0000EA805F029F80EA90220FFF763F89DF8BE
:10B800002C10164A164B0EA8002918BF1346164ACC
:10B81000502105F019F80EA90320FFF753F8F8F7A7
:10B820004EFF124A50214FF47A73B0FBF3F30EA887
:10B8300005F00AF80EA90420FFF744F822B070BD05
:10B84000064B074AD1E70029FAD1054B1A46CCE747
:10B85000765C02007E5C0200A25C0200DF3802001F
:10B86000E2380200BF5C0200D55C0200E45C02002A
:10B87000024B034800221A60FFF762B8BCE10020C7
:10B88000ADB6010010B5074CD4E900230133022BFB
:10B89000636006D1022A04D80348FFF76AF8002340
:10B8A000636010BDBCE10020ADB6010070B5174863
:10B8B000FEF7F8FFF8F7F8FF0023054604463CB909
:10B8C000002B1FDC12490120BDE87040FEF7FABFD3
:10B8D00004F0010213446408F1E70134052C02D19D
:10B8E0000C492046F0E72846F8F7A4FB0646F8F78F
:10B8F000B7FB25EA00053046F8F7ECFB0146204689
:10B90000FEF7E0FF002DE8D170BD00BFF75C02003C
:10B91000005D02007259020013B50446053414F5A7
:10B92000AF5F0846114605DC0B4A02B0BDE8104087
:10B9300004F08ABF642294FBF2F302FB13440A2250
:10B9400094FBF2F4002CB8BF6442044A009404F063
:10B950007BFF02B010BD00BF095D0200115D020057
:10B960002DE9F04F324E93B0354610242046FBF7B8
:10B97000BDF80134182C25F8020FF7D10820FBF789
:10B98000B5F82C4C20870A20FBF7B0F860872A48CE
:10B99000FEF788FF01254FF00009EB1C0093274AB2
:10B9A0002B463C2103A804F04FFFB3464FF000089C
:10B9B0000DF10C0A3C27062082443F1A3A463BF917
:10B9C000020F514608F10108FFF7A6FFB8F1040F76
:10B9D00003D0002801DB8742EEDC09F1010703A94F
:10B9E0003846FEF76FFF022F05F1040506F1080641
:10B9F0004FF00109D1D10DA90DF13E05B4F9380080
:10BA00000A22FFF789FF2946B4F93A000A22FFF714
:10BA100083FF0B4A00950DAB3C2103A804F014FFF3
:10BA200003A90420FEF74EFF13B0BDE8F08F00BF5E
:10BA3000E2E10020BCE10020195D02002D5D020062
:10BA4000365D02002DE9F04F284D9FB02E46182498
:10BA500064272046FBF738F80134282CB0FBF7F0B8
:10BA600026F8020FF5D12248FEF71CFF0024631CC4
:10BA7000204A0092264604341F4A01941C2103A840
:10BA800004F0E2FE1D4A03AB50210AA804F0DCFEDC
:10BA90000AAB1B4A03EB0008C0F1500BAA46002773
:10BAA0004FF064093AF8020FB0FBF9F309FB1300F9
:10BAB000009059464046013704F0C6FE042F104A54
:10BAC0000BD1B0100AA90130FEF7FCFE102C05F1D5
:10BAD0000805CCD11FB0BDE8F08F0028F1DB83450D
:10BAE000EFDD8044ABEB000BDCE700BFC2E10020E0
:10BAF000515D02006B5D0200625D02006E5D02003E
:10BB0000745D020000487047ACCB020008B5FEF738
:10BB10002DFD00F025F9BDE80840FEF705BD000049
:10BB2000024B034800221A70FEF70ABFF8E100201A
:10BB300035BB01001FB5F1F735FBF1F737F8FF24EE
:10BB4000002101230846CDE9013340F227127F236B
:10BB50000094F1F7BDF90748F1F7CCFA0023009300
:10BB6000054A064B019433211920F1F77DFA04B000
:10BB700010BD00BF3C9D02007E5D0200EC11002064
:10BB800013B5124C2378092B19D8684602F0CCFD66
:10BB9000B1F1FF3F08BFB0F1FF3F0BD00C4A009B53
:10BBA0009A42019A4FF00003934103DBFEF7E2FA59
:10BBB000FEF7BAFC23780133237002B010BD0023D6
:10BBC000237002B0BDE81040FFF7A0BFF8E10020ED
:10BBD00012EB646400487047D8CB020008B5FFF749
:10BBE00057F9BDE80840FEF79FBC000070B588B06B
:10BBF000F1F7DCFAF0F7DAFF01240021FF267F23BA
:10BC000040F227120846CDE901440096F1F760F9A9
:10BC1000F1F7C8FAF0F7CAFF2A4D009600217F23FA
:10BC200040F22712CDE901440846F1F751F96A784C
:10BC30005023002A3DD00022CDE9003222481422B0
:10BC4000C821F1F771FA6B683022C3F164035343E2
:10BC5000642293FBF2F39BB24BB12833CDE901444C
:10BC600000969BB2FD222821E320F1F731F96B68A1
:10BC7000164A0A2105A804F0E7FD68781449154A18
:10BC80000024FF23A04218BF0A46CDE90043282123
:10BC9000114B3220F1F7E8F92B78A3420F4B2246E3
:10BCA00008BF23462146204608B0BDE87040FEF795
:10BCB0004BBDCDE900320A481422C821F1F734FA0D
:10BCC000D5E700BF3816002090BB0200A65D020039
:10BCD000DF380200E238020004120020A25D0200F8
:10BCE00050B5020038B5F8F7DFFD094C003823786D
:10BCF00018BF0120834216BF012500252070F8F7E8
:10BD000021FD637883421CBF01256070284638BD41
:10BD10003816002008B5FFF7E5FFBDE808400148E8
:10BD2000FEF70EBEEDBB010008B5064B1B782BB12C
:10BD300000F024F9BDE80840FEF7F6BBBDE8084076
:10BD4000FFF74CBF3816002008B5FFF7CBFF20B136
:10BD5000BDE808400148FEF70CBE08BDEDBB010080
:10BD600000487047F4CB020008B51020FBF74CFDEB
:10BD7000BDE80840FEF7FABB0148FEF7E1BD00BF91
:10BD800085BD01001FB5F1F70DFAF0F70FFFFF2495
:10BD900000210123CDE90133009408467F2340F2BE
:10BDA0002712F1F795F801943221002408460B4B35
:10BDB0000B4A0094F1F758F9502300930948019475
:10BDC0001422C821F1F7B0F907482346224621463C
:10BDD00004B0BDE81040FEF7B7BC00BFF41100206E
:10BDE000AD5D020070B80200BB5D02000048704704
:10BDF00010CC0200024B1B7A0BB9FEF7B7BB7047A1
:10BE0000FCE10020064A5368002B04DD053B054891
:10BE10005360FEF7AEBD137A0BB1FEF7A7BB7047B8
:10BE2000FCE1002029BE01002DE9FF47F1F7BAF936
:10BE3000F0F7BCFE01230021CDE90133FF230846C2
:10BE4000009340F227127F23274FF1F741F827484C
:10BE5000FEF728FD3D6800262C46D4B9002E3DDCB7
:10BE600023490120FEF72EFD3B7A7A68002B38D15A
:10BE7000002A20482049D8BF0021204C0023053249
:10BE80009642CCBF22461A4604B0BDE8F047FEF702
:10BE900091BC04F0010216446408DEE72846F8F776
:10BEA000C9F88246F8F7DCF825EA00055046F8F7AD
:10BEB00011F97B6804F10109994501460ADD053352
:10BEC0009945D1DCB4FBF8F303EB8303E31A581C68
:10BED000FEF7F8FC4C46002DE0D1C5E74FF0050811
:10BEE000F9E705490020C8E7FCE10020F75C020003
:10BEF000005D020030BF0200B0BE020010BF0200B1
:10BF000008B5F8F7D1FC054B1A68824205D01860D5
:10BF1000BDE808400248FEF72CBD08BDFCE100204A
:10BF200029BE010010B5084C00236360F8F7BCFC83
:10BF30002060FFF7E7FDFEF7F5FB2072BDE810403B
:10BF40000248FEF7FDBC00BFFCE1002029BE010055
:10BF5000084A136800213BB9536805338B4208DA5D
:10BF600005485360FEF705BD03F0010001445B087E
:10BF7000F1E77047FCE1002029BE0100004870474E
:10BF80002CCC020000B591B00020F3F729FF28B9AE
:10BF9000F3F75CFF0120EFF77DFCF5E769464022EF
:10BFA0000020F3F729FF694602460020F3F798FFC7
:10BFB000EAE700000B46014608B9044A137013B1C2
:10BFC000034804F0F9BD0348FBE700BF08E2002086
:10BFD000C05D0200DE5D020010B50446F3F700FF0D
:10BFE00021460246034804F0E7FD2046BDE8104024
:10BFF000F3F71ABFFF5D02002DE9F0410A4607463C
:10C000000D4601460020F0F7A3FA104B1B78CBB980
:10C01000BDE8F08134463B5D0A2B02D00134A542D5
:10C02000F9D1A21BB9190020F3F75AFFAC42EFD0A7
:10C03000022241460020F3F753FF01342644AE426A
:10C04000E8DBE5E7DFF808800026F8E708E20020F3
:10C050006C48020010B5FBF71FFC054C04F11802F8
:10C0600004F114012061FBF728FC206910BD00BF1A
:10C070000CE200201FB50F48019000F2EF50029033
:10C080000D480390BDF804409DF8060088700C80B0
:10C09000BDF808009DF80A1091701080BDF80C10D2
:10C0A0009DF80E209A701980044B01221A7704B073
:10C0B00010BD00BF53475300302E30000CE200206B
:10C0C00008B50820FBF7A0FB054B187F30B11869B5
:10C0D00008B9FFF7BFFF003818BF012008BD00BF37
:10C0E0000CE2002070B5084C23690D46164623B1BA
:10C0F000A3692B606369338070BDFFF7ABFF2369D1
:10C10000002BF9D0F4E700BF0CE2002008B52BB1FA
:10C1100022B9034B10201A77FBF776FB012008BDEC
:10C120000CE200202DE9F047164C089D0F469A4678
:10C130009046FDF7E4FDA369BB42814603D84FF06A
:10C14000FF30BDE8F08766694645F8D9B8F1000FC1
:10C15000F5D1B5FBF6F206FB1256002EEFD12069A1
:10C1600053463946FBF7C1FB0028E8D04846FDF7A7
:10C17000D4FD236803442360636801336360284669
:10C18000DFE700BF0CE200202DE9F047164C089DC8
:10C190000F469A469046FDF7B2FDA369BB42814621
:10C1A00003D84FF0FF30BDE8F08766694645F8D9FF
:10C1B000B8F1000FF5D1B5FBF6F306FB1356002ED0
:10C1C000EFD120693A465146FBF79BFB0028E8D0A7
:10C1D0004846FDF7A2FDA3680344A360E36801336A
:10C1E000E3602846DFE700BF0CE2002013B50B78C0
:10C1F0001E2B044610D00122114610460093074B17
:10C20000F9F78CFD0023202205212046F4F776F96A
:10C210004FF0FF3002B010BD0020FBE7235E0200AC
:10C2200000487047BDCD0200044B054A1878054B05
:10C2300000280CBF10461846704700BF6CE2002073
:10C24000EECC02004ACC020010B568B9124B1B6854
:10C250001A88124B5A8001230133DBB20F485B006E
:10C2600043F44073038010BD072813D80A4B53F8DA
:10C270002040204602F084FAC3B21F2B28BF1F23A0
:10C28000064A2046E1188842E6D010F8014B22F811
:10C29000024FF8E70020E6E7401600202CE20020DD
:10C2A000014B01221A7070476CE20020014B002202
:10C2B0001A7070476CE20020164C1748174D184E44
:10C2C00008B502F017F92368986802F0C5FB002052
:10C2D000F4F7FEFE00214FF0FF30F5F703F90020E0
:10C2E000F3F7B4FD2B680133B3F5FA6F2B600CD173
:10C2F000304602F0FFF82368986802F0ADFB094B66
:10C30000002201210220F9F709FD0120EFF7C2FA0E
:10C31000E0E700BF60160020905E020070E200209F
:10C32000C75E0200F05E020008B5F4F795FE58B152
:10C33000F4F7AAFE4FF4FA60EFF7ACFAF4F7B2FEA6
:10C340004FF4FA60EFF7A6FABDE808400020EFF7D7
:10C35000CFB80020F5F726BE13B588224FF08044F1
:10C3600059201621C4F80001C4F80011C4F80021B6
:10C37000D4F80031002BF5D01F4A2048136943F44C
:10C3800080731361136A23F0F00343F030031362E8
:10C39000E36A23F4837323F0010343F48273E362BB
:10C3A000F1F73CFC4FF0402215491368154823F083
:10C3B0007C531360636B9BB26363636B43F06E43A8
:10C3C00043F46E036363104B6022002483F835232B
:10C3D0000423CDE900344FF496722346EEF7AAFF0A
:10C3E0000323009309490194234664220848EEF789
:10C3F000A1FF204602B010BD000200409B3C8042DD
:10C40000295F0200B9C2010000E100E02E5F0200D6
:10C4100085BF010008B50220044B00220121F9F775
:10C420007DFCBDE808400420FBF7EEB9325F020056
:10C43000024B002201210220F9F770BC415F02008B
:10C440007047704707B50748EFF748FA034630B919
:10C45000CDE90000034904483222EEF76BFF03B038
:10C460005DF804FB535F020029C3010081F0004125
:10C4700002E000BF83F0004330B54FEA41044FEAC9
:10C48000430594EA050F08BF90EA020F1FBF54EA64
:10C49000000C55EA020C7FEA645C7FEA655C00F000
:10C4A000E2804FEA5454D4EB5555B8BF6D420CDDD1
:10C4B0002C4480EA020281EA030382EA000083EA54
:10C4C000010180EA020281EA0303362D88BF30BDF4
:10C4D00011F0004F4FEA01314FF4801C4CEA11314A
:10C4E00002D0404261EB410113F0004F4FEA0333A9
:10C4F0004CEA133302D0524263EB430394EA050F34
:10C5000000F0A780A4F10104D5F1200E0DDB02FAA2
:10C510000EFC22FA05F2801841F1000103FA0EF236
:10C52000801843FA05F359410EE0A5F120050EF1FC
:10C53000200E012A03FA0EFC28BF4CF0020C43FA2D
:10C5400005F3C01851EBE37101F0004507D54FF03A
:10C55000000EDCF1000C7EEB00006EEB0101B1F58A
:10C56000801F1BD3B1F5001F0CD349085FEA3000D0
:10C570004FEA3C0C04F101044FEA445212F5800FDB
:10C5800080F09A80BCF1004F08BF5FEA500C50F178
:10C59000000041EB045141EA050130BD5FEA4C0C5B
:10C5A000404141EB0101013C28BFB1F5801FE9D2B8
:10C5B00091F0000F04BF01460020B1FA81F308BFDB
:10C5C0002033A3F10B03B3F120020CDA0C3208DDA7
:10C5D00002F1140CC2F10C0201FA0CF021FA02F182
:10C5E0000CE002F11402D8BFC2F1200C01FA02F1F2
:10C5F00020FA0CFCDCBF41EA0C019040E41AA2BF17
:10C6000001EB0451294330BD6FEA04041F3C1CDADE
:10C610000C340EDC04F11404C4F1200220FA04F0FE
:10C6200001FA02F340EA030021FA04F345EA0301A8
:10C6300030BDC4F10C04C4F1200220FA02F001FA6A
:10C6400004F340EA0300294630BD21FA04F02946EC
:10C6500030BD94F0000F83F4801306BF81F4801185
:10C660000134013D4EE77FEA645C18BF7FEA655CF8
:10C6700029D094EA050F08BF90EA020F05D054EACA
:10C68000000C04BF1946104630BD91EA030F1EBFCF
:10C690000021002030BD5FEA545C05D140004941D3
:10C6A00028BF41F0004130BD14F580043CBF01F5C6
:10C6B000801130BD01F0004545F0FE4141F47001AC
:10C6C0004FF0000030BD7FEA645C1ABF1946104687
:10C6D0007FEA655C1CBF0B46024650EA013406BF88
:10C6E00052EA033591EA030F41F4002130BD00BF47
:10C6F00090F0000F04BF0021704730B54FF4806404
:10C7000004F132044FF000054FF0000150E700BF84
:10C7100090F0000F04BF0021704730B54FF48064E3
:10C7200004F1320410F0004548BF40424FF00001D0
:10C730003EE700BF42004FEAE2014FEA31014FEA13
:10C7400002701FBF12F07F4393F07F4F81F0605162
:10C75000704732F07F4208BF704793F07F4F04BFAD
:10C7600041F40021704730B54FF4607401F000458A
:10C7700021F000411CE700BF50EA010208BF7047EA
:10C7800030B54FF000050AE050EA010208BF7047DB
:10C7900030B511F0004502D5404261EB41014FF444
:10C7A000806404F132045FEA915C3FF4D8AE4FF04C
:10C7B00003025FEADC0C18BF03325FEADC0C18BF2F
:10C7C000033202EBDC02C2F1200300FA03FC20FA80
:10C7D00002F001FA03FE40EA0E0021FA02F11444CD
:10C7E000BDE600BF70B54FF0FF0C4CF4E06C1CEAE6
:10C7F00011541DBF1CEA135594EA0C0F95EA0C0F57
:10C8000000F0DEF82C4481EA030621EA4C5123EAC9
:10C810004C5350EA013518BF52EA033541F48011F8
:10C8200043F4801338D0A0FB02CE4FF00005E1FBAB
:10C8300002E506F00042E0FB03E54FF00006E1FBF5
:10C8400003569CF0000F18BF4EF0010EA4F1FF0438
:10C85000B6F5007F64F5407404D25FEA4E0E6D4178
:10C8600046EB060642EAC62141EA55514FEAC52089
:10C8700040EA5E504FEACE2EB4F1FD0C88BFBCF505
:10C88000E06F1ED8BEF1004F08BF5FEA500E50F1B6
:10C89000000041EB045170BD06F0004646EA01017C
:10C8A00040EA020081EA0301B4EB5C04C2BFD4EBAE
:10C8B0000C0541EA045170BD41F480114FF0000EA7
:10C8C000013C00F3AB8014F1360FDEBF002001F015
:10C8D000004170BDC4F10004203C35DA0C341BDC8F
:10C8E00004F11404C4F1200500FA05F320FA04F061
:10C8F00001FA05F240EA020001F0004221F0004195
:10C9000010EBD37021FA04F642EB06015EEA430E07
:10C9100008BF20EAD37070BDC4F10C04C4F1200537
:10C9200000FA04F320FA05F001FA04F240EA0200EA
:10C9300001F0004110EBD37041F100015EEA430EBB
:10C9400008BF20EAD37070BDC4F1200500FA05F2DB
:10C950004EEA020E20FA04F301FA05F243EA02035A
:10C9600021FA04F001F0004121FA04F220EA020069
:10C9700000EBD3705EEA430E08BF20EAD37070BDAF
:10C9800094F0000F0FD101F00046400041EB01018F
:10C9900011F4801F08BF013CF7D041EA060195F071
:10C9A000000F18BF704703F00046520043EB03032B
:10C9B00013F4801F08BF013DF7D043EA0603704718
:10C9C00094EA0C0F0CEA135518BF95EA0C0F0CD023
:10C9D00050EA410618BF52EA4306D1D181EA030169
:10C9E00001F000414FF0000070BD50EA410606BF63
:10C9F0001046194652EA430619D094EA0C0F02D1A8
:10CA000050EA013613D195EA0C0F05D152EA0336EC
:10CA10001CBF104619460AD181EA030101F000410A
:10CA200041F0FE4141F470014FF0000070BD41F053
:10CA3000FE4141F4780170BD70B54FF0FF0C4CF42D
:10CA4000E06C1CEA11541DBF1CEA135594EA0C0F4C
:10CA500095EA0C0F00F0A7F8A4EB050481EA030E99
:10CA600052EA03354FEA013100F088804FEA033380
:10CA70004FF0805545EA131343EA12634FEA02224E
:10CA800045EA111545EA10654FEA00260EF000410F
:10CA90009D4208BF964244F1FD0404F5407402D261
:10CAA0005B084FEA3202B61A65EB03055B084FEAF2
:10CAB00032024FF480104FF4002CB6EB020E75EBEF
:10CAC000030E22BFB61A754640EA0C005B084FEA17
:10CAD0003202B6EB020E75EB030E22BFB61A754694
:10CAE00040EA5C005B084FEA3202B6EB020E75EBDF
:10CAF000030E22BFB61A754640EA9C005B084FEA57
:10CB00003202B6EB020E75EB030E22BFB61A754663
:10CB100040EADC0055EA060E18D04FEA051545EA52
:10CB200016754FEA06164FEAC30343EA52734FEAFB
:10CB3000C2025FEA1C1CC0D111F4801F0BD141EA74
:10CB400000014FF000004FF0004CB6E711F4801FD9
:10CB500004BF01430020B4F1FD0C88BFBCF5E06FB9
:10CB60003FF6AFAEB5EB030C04BFB6EB020C5FEAC9
:10CB7000500C50F1000041EB045170BD0EF0004E1E
:10CB80004EEA113114EB5C04C2BFD4EB0C0541EA50
:10CB9000045170BD41F480114FF0000E013C90E64D
:10CBA00045EA060E8DE60CEA135594EA0C0F08BF11
:10CBB00095EA0C0F3FF43BAF94EA0C0F0AD150EA10
:10CBC00001347FF434AF95EA0C0F7FF425AF1046A3
:10CBD00019462CE795EA0C0F06D152EA03353FF4CB
:10CBE000FDAE1046194622E750EA410618BF52EA48
:10CBF00043067FF4C5AE50EA41047FF40DAF52EA1C
:10CC000043057FF4EBAE12E74FF0FF3C06E000BFB8
:10CC10004FF0010C02E000BF4FF0010C4DF804CDC5
:10CC20004FEA410C7FEA6C5C4FEA430C18BF7FEA85
:10CC30006C5C1BD001B050EA410C0CBF52EA430CB3
:10CC400091EA030F02BF90EA020F0020704710F133
:10CC5000000F91EA030F58BF994208BF90422CBFC2
:10CC6000D8176FEAE37040F0010070474FEA410CBB
:10CC70007FEA6C5C02D150EA013C07D14FEA430CD9
:10CC80007FEA6C5CD6D152EA033CD3D05DF8040B4A
:10CC9000704700BF8446104662468C46194663467C
:10CCA00000E000BF01B5FFF7B7FF002848BF10F153
:10CCB000000F01BD4DF808EDFFF7F4FF0CBF012098
:10CCC00000205DF808FB00BF4DF808EDFFF7EAFF14
:10CCD00034BF012000205DF808FB00BF4DF808EDCF
:10CCE000FFF7E0FF94BF012000205DF808FB00BFC4
:10CCF0004DF808EDFFF7CEFF94BF012000205DF84E
:10CD000008FB00BF4DF808EDFFF7C4FF34BF01205A
:10CD100000205DF808FB00BF4FEA410212F5001247
:10CD200015D211D56FF47873B3EB625212D94FEA72
:10CD3000C12343F0004343EA505311F0004F23FA5C
:10CD400002F018BF404270474FF00000704750EAB1
:10CD5000013005D111F0004008BF6FF0004070476E
:10CD60004FF00000704700BF4A0011D212F50012C8
:10CD700011D20DD56FF47873B3EB62520ED44FEA33
:10CD8000C12343F0004343EA505323FA02F07047B3
:10CD90004FF00000704750EA013002D14FF0FF30F1
:10CDA00070474FF0000070477BB972B90029BEBFD1
:10CDB00000204FF0004106E008BF00281CBF6FF0C4
:10CDC00000414FF0FF3000F0B5B9ADF1080C6DE94E
:10CDD00004CE002909DB002B1ADB00F04DF8DDF84A
:10CDE00004E0DDE9022304B07047404261EB4101F9
:10CDF000002B1BDB00F040F8DDF804E0DDE9022346
:10CE000004B0404261EB4101524263EB430370477F
:10CE1000524263EB430300F02FF8DDF804E0DDE954
:10CE2000022304B0404261EB41017047524263EB80
:10CE3000430300F021F8DDF804E0DDE9022304B04B
:10CE4000524263EB4303704753B94AB9002908BF04
:10CE500000281CBF4FF0FF314FF0FF3000F06AB9DF
:10CE6000ADF1080C6DE904CE00F006F8DDF804E041
:10CE7000DDE9022304B070472DE9F047089D0E4616
:10CE800004460F46002B4AD194468C45B2FA82F2F2
:10CE900060D942B1C2F12003974020FA03F30CFAA3
:10CEA00002FC1F4394404FEA1C4E1FFA8CF6B7FB5E
:10CEB000FEF1230C0EFB117743EA074301FB06F05A
:10CEC00098420AD91CEB030301F1FF3780F015816A
:10CED000984240F21281023963441B1AA4B2B3FB98
:10CEE000FEF00EFB103344EA034400FB06F6A642B4
:10CEF0000AD91CEB040400F1FF3380F00081A64244
:10CF000040F2FD806444023840EA0140A41B002145
:10CF10001DB1D4400023C5E90043BDE8F0878B4232
:10CF200005D90DB1C5E9000100210846F5E7B3FABE
:10CF300083F1002946D1B34202D3824200F2F58048
:10CF4000841A66EB030201201746002DE5D0C5E9DF
:10CF50000047E2E7002A40F09380A1EB0C034FEA80
:10CF60001C471FFA8CFE0121B3FBF7F607FB1630B6
:10CF7000230C43EA00430EFB06F0984208D91CEB51
:10CF8000030306F1FF3802D2984200F2D0804646F1
:10CF90001B1AA4B2B3FBF7F007FB103344EA0344B7
:10CFA0000EFB00FEA64508D91CEB040400F1FF337C
:10CFB00002D2A64500F2B6801846A4EB0E0440EA61
:10CFC0000640A5E7C1F120078B4022FA07FC4CEA96
:10CFD000030C06FA01FE20FA07F426FA07F344EAE6
:10CFE0000E0400FA01F84FEA1C404FEA1449B3FB63
:10CFF000F0FE1FFA8CF600FB1E3349EA03430EFBDA
:10D0000006F9994502FA01F20BD91CEB03030EF164
:10D01000FF3A80F08580994540F28280AEF1020EA1
:10D020006344A3EB0909A4B2B9FBF0F300FB139925
:10D0300044EA094403FB06F6A64208D91CEB0404A3
:10D0400003F1FF3068D2A64266D9023B644443EA4A
:10D050000E40A41BA0FB02E6B4427346B14652D375
:10D060004FD05DB1B8EB030264EB090404FA07F793
:10D0700022FA01F31F43CC40C5E9007400214CE7BC
:10D08000C2F1200120FA01F30CFA02FC26FA01F1A8
:10D09000964033434FEA1C471FFA8CFEB1FBF7F072
:10D0A00007FB1016190C41EA064100FB0EF68E42F2
:10D0B00004FA02F408D91CEB010100F1FF382DD26B
:10D0C0008E422BD902386144891B9BB2B1FBF7F623
:10D0D00007FB161143EA014306FB0EF1994208D9FA
:10D0E0001CEB030306F1FF3814D2994212D9023E19
:10D0F00063445B1A46EA004136E73946EDE61846D6
:10D1000002E7F045ADD2BEEB020366EB0C06013838
:10D11000B146A6E74646ECE7034698E74046D3E724
:10D12000D6467EE76444023847E708460DE7023EEC
:10D1300063442DE7704700BF0CB410B59CB01EAB24
:10D14000029106916FF0004104910791084953F84C
:10D15000042B0591002402A901931B9401F03EF8D1
:10D16000029B1C701CB0BDE8104002B0704700BFAD
:10D170000802FFFF0EB430B59CB06FF000411FAB4A
:10D18000049107910A4953F8042B02900024069059
:10D19000084D0868019302A905951B9401F01EF83B
:10D1A000029B1C701CB0BDE8304003B0704700BF4C
:10D1B000601600200802FFFF01292DE9F0415BD92C
:10D1C0004FF00108C64600244FF0FF35434608E003
:10D1D000A3EB05081C464FF0010E04EB0E03994229
:10D1E00010D900EB050CC75C1CF80E60B742EFD3FA
:10D1F00032D04FF001082546C646444404EB0E03E6
:10D200009942EED80127C2F80080BE4600244FF0B4
:10D21000FF363B4607E09F1B1C464FF0010E04EB18
:10D220000E03994210D900EB060C10F803801CF88D
:10D230000EC0E045EFD817D001272646BE463C4435
:10D2400004EB0E039942EED80136681C864201D3E6
:10D2500017603046BDE8F081C6450ABF74440EF140
:10D26000010E4FF0010EB8E7BE450ABF74440EF13F
:10D27000010E4FF0010ED2E701270026E8E700BFBC
:10D280002DE9F04F174687B005AA804689463846F3
:10D2900019461C46FFF790FF059B02938246024603
:10D2A000F918384603F038FC00285FD144F40063D5
:10D2B0000193029BE31A06460546A9EB040103937A
:10D2C000CAF1010BA9421BD35645334638BF53461A
:10D2D0009C4223D9581EEA183844424402E00133E4
:10D2E0009C421BD012F801CB10F801EFE645F6D0B6
:10D2F0009C4213D95D441D44A9424FF00006E3D27D
:10D30000019908EB090003F035FC8144A9EB040105
:10D31000A942D9D2002007B0BDE8F08F56450AF1E6
:10D32000FF336FD205EB0A02424407EB0A00009577
:10D3300002E09E4211D0734610F801CD12F8015D53
:10D34000AC4503F1FF3EF4D0009D013301369E420F
:10D3500007D8029B039E1D44B4E701369E42009D00
:10D36000F7D908EB050007B0BDE8F08FA4EB0A037E
:10D37000534538BF534601330193059344F400638A
:10D380000025A9EB040100930AF1FF36CAF1010B55
:10D39000A94216D3544520D905EB0A024244B819D4
:10D3A000534602E001339C4217D012F801CB10F82B
:10D3B00001EFE645F6D09C420FD95D441D44A942D9
:10D3C000E8D2009908EB090003F0D4FB8144A9EBF3
:10D3D0000401A9429ED35445DED8BAF1000FC0D053
:10D3E00005EB0A00404407EB0A0201E0BB42B8D05B
:10D3F00012F801ED10F801CDE6451346F6D0019B79
:10D400001D44C5E75346A1E72DE9F04F9346ADF221
:10D410001C4D05AA80468A46584619461C46FFF709
:10D42000CBFE134681460DF2144243F8044F93425B
:10D43000FBD16CB1601E58440BF1FF3206AD12F8FF
:10D44000011FA31A013B5B44824245F82130F6D10B
:10D45000059B01934A460BEB0301584603F05CFB26
:10D46000002878D144F4006307460546AAEB040E71
:10D470000293661EAE4511D308EB050C06AA1CF8F4
:10D48000063052F82330C3B11FB1019A9A4288BFC7
:10D49000A31A1D44AE454FF00007EDD208EB0A0079
:10D4A000029903F067FB8244AAEB040EAE45E3D277
:10D4B00000200DF21C4DBDE8F08F4F453B4638BFB4
:10D4C0004B469E4218D9591EEA18594442440095C9
:10D4D00002E001339E420ED012F8010B11F8015FF9
:10D4E0008542F6D09E42009D06D9C9F101022A4428
:10D4F000D5180027BEE7009D4F4509F1FF3380F0A6
:10D50000818005EB090242440BEB09010095CDF83F
:10D510000C9002E09F4213D04B4611F8015D12F8C7
:10D52000010D854203F1FF39F4D0009DDDF80C9028
:10D53000013301379F4209D8019B1D44E71A99E73F
:10D5400001379F42009DDDF80C90F5D960460DF241
:10D550001C4DBDE8F08FA4EB09034B4538BF4B468B
:10D5600001330193059344F400630025AAEB040EF4
:10D570000093661EAE4509D308EB050006AA835D3D
:10D5800052F823306BB11D44AE45F5D208EB0A00CA
:10D59000009903F0EFFA8244AAEB040EAE45EBD2F9
:10D5A00086E7B14517D209F1FF3105EB090259446D
:10D5B00042444B4602E00133B3420CD012F8017BE7
:10D5C00011F801CFBC45F6D09E4204D9C9F1010241
:10D5D0002A44D518CEE7B9F1000F3FF46AAF05EB46
:10D5E000090141440BEB090202E05B453FF461AFE6
:10D5F00012F801CD11F8017DBC451346F5D0019B11
:10D600001D44C1E74B4694E72DE9F0410D460978EA
:10D6100090B00446002954D06A78002A00F0828035
:10D62000AB78002B51D0E8782E68002800F081807C
:10D630002B79002B56D0284601F0A2F8064640F47C
:10D640000071204603F096FA86425AD8FE2E00F268
:10D650008880801B27184022711C684601F0FCF866
:10D660007EB16A1E5FFA86FC901912F8013F03F042
:10D670003F0340336B44A91A6144904203F8401CB5
:10D68000F3D1013CA35D03F03F0340336B4413F837
:10D69000403C1C44A74203D238E04444A74235D35F
:10D6A00014F806C00CF03F0C0CF140030DEB030C1A
:10D6B0003246294620461CF8408C03F02DFA0028FB
:10D6C000EBD1204610B0BDE8F081007842EA01427B
:10D6D000B8B140EA03439A42214614F8010FF7D14A
:10D6E0004C1EEEE7227862B131BA01E08B421ED0C7
:10D6F00042EA0323204614F8012F002AF6D18B4278
:10D7000015D00024204610B0BDE8F081BB5DB819EB
:10D71000002BF6D04FF4006103F02CFA0744A74227
:10D72000AFD2EEE710B0BDE8F04100F023B8C41E60
:10D73000C7E7120442EA0162217842EA0323002982
:10D74000DFD0024601E00029DBD041EA0200B3EB62
:10D75000002F25464FEA002214F8011FF3D1AC1E1A
:10D76000AFE7014633462A46204610B0BDE8F041F7
:10D770004AE600BF11F0FF01034600F0030239D072
:10D780008ABB026810B501EB012E0EEB0E4E8EEA3D
:10D790000204A2F1013323EA0203A4F1013222EAD6
:10D7A0000402134313F0803F0FD150F8044F84EA72
:10D7B0000E0CA4F10133ACF1013223EA040322EA96
:10D7C0000C02134313F0803FEFD0037823B936E007
:10D7D00010F8013F002B32D09942F9D110BD8A4296
:10D7E00028D09A0729D01A7818460133002AF6D192
:10D7F00010467047CAB90268A2F1013323EA020356
:10D8000013F0803F08D150F8042FA2F1013323EA2E
:10D81000020313F0803FF6D003785BB110F8013FAC
:10D82000002BFBD17047990705D0184613F8012B40
:10D83000002AF8D170471846DDE71846A1E71846D8
:10D8400010BD00BF2DE9F04F9BB0834601921046FA
:10D850004BEA02021D46930740F00683071F18BFDC
:10D860000127019B9A0805925B0000220792099309
:10D87000019A02FB01F30BEB03005A4406290892BC
:10D88000049040F2698101984FEA51081B1A072958
:10D890000BEB030400FB08B813D0282900F2008228
:10D8A0002646DA46414650460292A8470028029A88
:10D8B000C0F2E681314640460292A8470028029A0B
:10D8C0004BDD002F53D1DBF80030D8F80010CBF837
:10D8D0000010C8F80030089B06931E46019B039277
:10D8E0004FF0000AD046C3F10009A246A6423346D3
:10D8F0005ED8594630460296A8470028029B40F35E
:10D90000FB8052460293C24690460CE02368D8F84A
:10D9100000102160C8F80030C8444FF0010A4C44A0
:10D92000A64200F2908059462046A84700282EDBE8
:10D93000F5D1002FEAD0012F77D0019A4146234636
:10D9400004EB020E08781A7803F8010B01F8012B9A
:10D95000AEEB0302002AF5DCDEE731465046A8476D
:10D960000028029AC0F29A81B046002FABD0012F56
:10D9700000F00F82089E5B4698F80000197803F8C3
:10D98000010B08F8011BF11A0029F5DCA3E7029B43
:10D99000C246002F40F0A1803368226832602360C5
:10D9A000019B1E444C44A6424FF001083346A0D9C7
:10D9B0005146C246039A8846BAF1000F48D0069AEB
:10D9C000B11AA2EB0B028A42A8BF0A46002A40F015
:10D9D0002781049A0198A2EB0802A8EB0404121A0A
:10D9E000A24228BF2246002A40F0B181049BA142F6
:10D9F000A3EB040605D3224633460C465E46114689
:10DA00009B46019B994240F2F180079A072A00F257
:10DA10008E81B4FBF3F4B1FBF3F11AAB03EBC20359
:10DA200043E91064531C079322E7059BC446204634
:10DA3000013B0268DCF8001040F8041B002B4CF896
:10DA4000042BF5DC68E7DDE90232BAF1000FB6D14C
:10DA5000089B04998B4233D2019BDDF81490DDF8CA
:10DA600024805C4216465E4525D9029607E0DAF826
:10DA700000203168CAF8001032605E451AD9B246FB
:10DA8000264451463046A847002813DD002FEED02B
:10DA9000012F54D0324606EB080C11789AF800306A
:10DAA0000AF8011B02F8013BACEB0A03002BF4DC83
:10DAB0005E45E4D8029E019B1E44049B9E42D2D345
:10DAC000079B002B00F08280079B1AAA013B07935B
:10DAD00002EBC30353E910B1CAE6012F1FD0019A2C
:10DAE000164422461078197803F8010B02F8011B3E
:10DAF000F11A0029F6DC55E702D0019B1E44F5E639
:10DB0000002F7CD1069932680B680A603360019B54
:10DB10001944019B06911E444FF00108E6E6059A60
:10DB20002046A446013A1968046843F8044B002AC9
:10DB300040F8041BF6DC019B64461E4432E7304685
:10DB40004A46013ADAF8003001684AF8041B002A14
:10DB500040F8043BF5DC90E78242B1D2019BDDF84E
:10DB60001490DDF824805C421646B34525D2029617
:10DB700007E0DAF800203168CAF8001032605E452C
:10DB80001AD9B246264451463046A847002813DD2C
:10DB9000002FEED0012F1CD0324606EB080C117876
:10DBA0009AF800300AF8011B02F8013BACEB0A03BB
:10DBB000002BF4DC5E45E4D8029E019B1E44049BCE
:10DBC0009E42D2D3079B002B7FF47EAF1BB0BDE8F3
:10DBD000F08F30464A46013ADAF8003001684AF8D8
:10DBE000041B002A40F8043BF5DCC8E7019B9C427B
:10DBF0007FF666AF019BB4FBF3F1B34638E6012F25
:10DC000000F0B680069A0199511893F800C0107878
:10DC100002F801CB03F8010B881A0028F5DC78E73D
:10DC2000022FA6EB020040F0E0805A44DC4690F858
:10DC300000909CF800E00CF8019B00F801EBA2EBCF
:10DC40000C0EBEF1000FF2DC049A0198A2EB080260
:10DC5000A8EB0404121AA24228BF2246002A3FF46D
:10DC6000C5AE0498A0EB020C32449CF80060187812
:10DC700003F8016B0CF8010BD01A0028F5DCB5E6AF
:10DC800031464046A8470028029AFFF61AAE3146B0
:10DC90005046A8470028029AFFF666AED04610E626
:10DCA000C90800FB01F60BEB060A73005146584603
:10DCB00002920393A8470028029A0BEB4609C0F290
:10DCC000C480494650460292A8470028029A75DD52
:10DCD000A8EB06034146184603920293A847002882
:10DCE000039A08EB0609C0F2A08049464046039219
:10DCF000A8470028039A59DD7300A4EB03094E449A
:10DD0000314648460292A8470028029A5EDB214627
:10DD100030460292A8470028029A3FF7C3AD214639
:10DD20004846A8470028029A5DDB2646BAE5019AD4
:10DD3000B1FBF2F1904658462B46FFF783FD444570
:10DD40007FF6C2AE019BB4FBF3F1B34690E50498B5
:10DD5000022FA0EB020C87D09208013A1868DCF879
:10DD6000006043F8046B002A4CF8040BF5DC3DE638
:10DD7000DDE90520A446013A01681C6840F8044B1F
:10DD8000002A43F8041BF6DC0699019B64461944FB
:10DD9000BFE6059B5846013B0168D8F8006040F893
:10DDA000046B002B48F8041BF5DC94E50298494607
:10DDB000A8470028039A45DBC8469DE749465846D0
:10DDC000A8470028029A4DDBCA4681E72146304623
:10DDD000A8470028029AFFF665AD21464846A847A5
:10DDE0000028029AA1DB4E465CE592085E468E460C
:10DDF0009C46013A3368016846F8041B002A40F843
:10DE0000043BF6DC049A0198A2EB0802A8EB040498
:10DE1000121AA24228BF224671466346002A3FF4E6
:10DE2000E5AD0498A0EB020C96E749464046A847AA
:10DE30000028039AFFF660AF02984946A8470028D9
:10DE4000039AB9DBDDF8088056E749465046A847F3
:10DE50000028029AFFF63CAF49465846A8470028DA
:10DE6000029AB1DBDA4633E70227FAE410B51C4C1C
:10DE7000002924689AB02DDB009004904FF40270C2
:10DE8000ADF80C004FF00000199013D001394FF697
:10DE9000FF7002910591ADF80E006946204600F032
:10DEA0009DF9421C01DA8B232360009B00221A702B
:10DEB0001AB010BD4FF6FF7002910591ADF80E003B
:10DEC0006946204600F08AF9431C01DA8B2323605F
:10DED0001AB010BD8B2323604FF0FF30F8E700BF6E
:10DEE0006016002030B51446002C9BB005462EDB92
:10DEF0001A464FF40273ADF80C304FF00003009156
:10DF00000491199313D04FF6FF73013CADF80E3016
:10DF100069461E9B0294059400F060F9421C01DAE8
:10DF20008B232B60009B00221A701BB030BD4FF674
:10DF3000FF73ADF80E3069461E9B0294059400F005
:10DF40004DF9431C01DA8B232B601BB030BD8B23B2
:10DF500003604FF0FF30F8E780EA0102844612F0D8
:10DF6000030F4FD111F0030F32D14DF8044D11F0D2
:10DF7000040F51F8043B0BD0A3F101329A4312F085
:10DF8000803F04BF4CF8043B51F8043B16D100BF5E
:10DF900051F8044BA3F101329A4312F0803FA4F1EF
:10DFA00001320BD14CF8043BA24312F0803F04BF76
:10DFB00051F8043B4CF8044BEAD023460CF8013BE3
:10DFC00013F0FF0F4FEA3323F8D15DF8044B70478D
:10DFD00011F0010F06D011F8012B0CF8012B002ACB
:10DFE00008BF704711F0020FBFD031F8022B12F0BA
:10DFF000FF0F16BF2CF8022B8CF8002012F47F4F75
:10E00000B3D1704711F8012B0CF8012B002AF9D17C
:10E01000704700BF2DE9F0478F681D46AF420B687F
:10E020000C46164636D8B1F90CC01CF4906F0ED1D0
:10E030003D46184631462A4600F04CFEA368DF1BD9
:10E040002368A7602B4400202360BDE8F0874A695D
:10E05000096902EB42025F1A02EBD2726B1C52108A
:10E060003B44934292BF914699461A461CF4806FF6
:10E07000804611D0114600F04FFD824600B3216961
:10E080003A4600F07FFFA38923F4906343F08003B6
:10E09000A38105E02F46CCE701F060F8824658B135
:10E0A0000AEB0703A9EB0707A760C4F810A0C4F8A0
:10E0B000149023602F46BCE72169404600F0ACFD78
:10E0C000A3890C2243F04003C8F800204FF0FF3032
:10E0D000A381BAE72DE9F04F9368176883B09246A1
:10E0E000002B74D04FF0000B8B680A6881460C46F9
:10E0F0005D4645E0B4F90C3013F4906F2CD0D4E9B0
:10E100000401161A01EB410202EBD272711C52108B
:10E110002944914292BF904688460A465B0539D50C
:10E120001146484600F0F8FC019000283DD03246E8
:10E13000216900F027FFA289019B22F4906242F03E
:10E140008002A2819819A8EB0606A660C4F8148084
:10E1500023612060A8462E463246594600F0BAFD9B
:10E16000DAF80810A3682268A3EB08033244491BBD
:10E17000A3602260CAF8081049B3D7E900B5083790
:10E1800098461046002DF8D09D421E46B2D2A846B1
:10E190002E46E1E70146484600F0E0FF034600282E
:10E1A000D0D12169484600F037FDA3890C2243F005
:10E1B0004003C9F800204FF0FF30A3810022002364
:10E1C000CAF80820CAF8043003B0BDE8F08F002078
:10E1D0000023CAF8043003B0BDE8F08F2DE9F04FFA
:10E1E0001C468B891D069DB088468146934603D503
:10E1F0000B69002B00F0F1800023099343F2200308
:10E20000ADF829309BF800307D4D03940126002B9A
:10E2100073D0DA4603E01AF8013F002B75D0252BA6
:10E22000F9D1BAEB0B0473D19AF80020002A64D01C
:10E2300000234FF0FF32CDE905230AF1010A0493D0
:10E2400007938DF853301A9305E0049A06FA03F306
:10E250001A430492A2465446052214F8011B28468C
:10E2600000F0DEFDA346431B0028EED1049BD80638
:10E2700044BF20228DF8532019079AF8001044BF9C
:10E280002B228DF853202A2950D1039A1168043289
:10E29000002903927CDB07919AF801102E295BD0AC
:10E2A000584C0322204600F0BBFD38B1049B001BF4
:10E2B0004022824013430BF1010B04931BF8011B16
:10E2C00051488DF82810062200F0AAFD002865D0DC
:10E2D0004E4B002B55D003AA00924D4B424604A949
:10E2E0004846AFF3008007467A1C06D0099B3B44A2
:10E2F00009939BF80030002B8BD1B8F80C305B06EB
:10E300007AD409981DB0BDE8F08FBAEB0B04F4D0B5
:10E3100023465A4641464846FFF77CFE0130ECD082
:10E32000099B9AF80020234409937FE7A1F130026A
:10E33000092A88BFD346B1D8079B00E00134217871
:10E3400003EB830302EB4303A1F13002092AF5D961
:10E350002E290793A346A3D19BF801102A2927D180
:10E36000039B9BF802101A6805920433002A0BF1F4
:10E3700002000393B8BF4FF0FF338346B8BF059345
:10E380008EE7039B073323F0070308330393ADE7BE
:10E39000494243F00203079104937DE703AA0092E8
:10E3A0001B4B424604A9484600F09CFF07469BE7EA
:10E3B000A1F130020023092A05930BF1010B3FF66E
:10E3C0006FAF1BF8011F03EB830302EB4303A1F1C3
:10E3D0003002092AF5D9059362E7402100F09CFB41
:10E3E000C8F80000C8F8100018B14023C8F814306D
:10E3F00002E70C23C9F800304FF0FF3082E700BF7E
:10E40000D0CD0200D8CD0200DCCD0200000000001B
:10E4100015E0010070B50F4B0F4DAB42A3EB0506A5
:10E4200007D0B610002455F8043B01349847A642A3
:10E43000F9D804F03DFE094D094B5E1BAB424FEA93
:10E44000A60606D0002455F8043B01349847A6429E
:10E45000F9D870BD201700202017002020170020B9
:10E4600024170020036A2DE9F041846880460E4697
:10E47000002B3BD0A3891B0717D52369ABB1013E05
:10E48000A36816F8015F013BA360EDB1002B07DA2A
:10E49000A7699F4222462946404610DC0A2D0ED02D
:10E4A00023685A1C22601D70EAE72146404600F0AE
:10E4B00007FD0028E3D04FF0FF30BDE8F08102F007
:10E4C0003FFD0130DCD1F6E7002B09DA22460A21B4
:10E4D000404602F035FD0130EDD00A20BDE8F08164
:10E4E00023680A22591C21601A70F6E700F0F4F83C
:10E4F000C0E700BF024B01461868FFF7B3BF00BF7B
:10E500006016002000207047024A0349034800F0CB
:10E5100061BC00BFB016002021EA01006416002093
:10E520000C4B4168994210B5044601D000F078FACE
:10E53000A168094B994202D0204600F071FAE168C7
:10E54000064B994204D02046BDE8104000F068BA5E
:10E5500010BD00BF74E20020DCE2002044E3002094
:10E56000002070472DE9F8432A4C2B49DFF8BC9076
:10E57000DFF8BC80294FC4F8381100250423082295
:10E58000294604F15C00264EE360C4E90055C4E965
:10E590000455A5606566A56100F05EF9214B6367CF
:10E5A0000822294604F1C400C4E90849C4E90A87DD
:10E5B000C4E91A55C4E91E552567C4F8CC50C4F8FF
:10E5C0008050266300F048F9174BC4F8DC30294628
:10E5D00004F16803082204F59670C4F88830C4E991
:10E5E0002398C4E92576C4E93455C4E93855C4F8FC
:10E5F000D850C4F83451C4F8E85000F02DF904F1B3
:10E60000D003C4E93D98C4E93F76C4F8F030BDE8D2
:10E61000F88300BF74E2002009E50100ED1002005C
:10E620001111020009000100120002008510020011
:10E63000AD100200F8B5254BD3F838310646002B53
:10E640003CD0234FD7E90134013B04D51DE05A1CCF
:10E6500004F1680419D0B4F90C50013B002DF6D137
:10E660001C4BE360C4E90155C4E9045565662560A7
:10E67000A5610822294604F15C0000F0EDF8C4E928
:10E680000D55C4E912552046F8BD3D680DB12F4621
:10E69000D8E74FF4D671304600F03EFA044680B118
:10E6A0000423C0E900530C302946A0604FF4D07217
:10E6B000254600F0D1F83C602F46C3E7FFF752FF34
:10E6C000BFE70C2338603360DDE700BF74E2002051
:10E6D000B01600200100FFFF036A03B17047044B2E
:10E6E000044AD3F838310262002BF7D13AE700BF71
:10E6F00074E2002021E50100704700BF704700BFB1
:10E70000024A0349002000F065BB00BFB01600209C
:10E7100005E50100024A0349002000F05BBB00BF91
:10E72000B016002061E5010070B50C4B84B04FF0CD
:10E73000FF366946044600221868CDE9006602F0FB
:10E7400075FC0028B7BF3546DDE900013046294693
:10E750000CB1C4E9000104B070BD00BF6016002018
:10E7600000000000000000000000000000000000A9
:10E770000000000000000000000000000000000099
:10E7800030B490F800F020F007016FF0000C10F0AA
:10E79000070491F820F040F048804FF000046FF03B
:10E7A0000700D1E9002391F840F000F1080082FA57
:10E7B0004CF2A4FA8CF283FA4CF3A2FA8CF34BBB22
:10E7C000D1E9022382FA4CF200F10800A4FA8CF29B
:10E7D00083FA4CF3A2FA8CF3E3B9D1E9042382FA69
:10E7E0004CF200F10800A4FA8CF283FA4CF3A2FA7E
:10E7F0008CF37BB9D1E9062301F1200182FA4CF2B6
:10E8000000F10800A4FA8CF283FA4CF3A2FA8CF31C
:10E81000002BC6D0002A04BF04301A4612BAB2FA3E
:10E8200082F200EBD20030BC7047D1E9002304F043
:10E830000305C4F100004FEAC50514F0040F91F878
:10E8400040F00CFA05F562EA05021CBF63EA050315
:10E8500062464FF00004AAE7830730B547D0541E44
:10E86000002A3ED0CAB2034601E0013C39D303F886
:10E87000012B9D07F9D1032C2CD9CDB205EB052531
:10E880000F2C05EB054535D9A4F1100222F00F0C31
:10E8900003F1100EE6444FEA121C1A46C2E9005575
:10E8A000C2E9025510327245F8D10CF1010214F0A0
:10E8B0000C0F03EB021204F00F0C13D0ACF10403A5
:10E8C00023F003030433134442F8045B9342FBD167
:10E8D0000CF003042CB1C9B21C4403F8011BA34281
:10E8E000FBD130BD64461346002CF4D1F9E7034652
:10E8F0001446C0E71A46A446E0E700BFB1F90C3061
:10E900002DE9F0411E070C4680463DD44A68002A96
:10E9100056DDE56A002D34D00022D8F80060C8F832
:10E92000002013F48052216A57D101234046A847A2
:10E93000451C024666D0B4F90C30E56A216A5807D6
:10E9400005D56368D21A636B0BB1236CD21A00230E
:10E950004046A847431C42D00023636023692360DC
:10E96000A389DF0400D56065616BC8F8006041B120
:10E9700004F14403994202D0404600F04DF90023CF
:10E9800063630020BDE8F0810E69002EF9D09B077B
:10E990000D6808BF4B690E6018BF0023AD1B8B606C
:10E9A0000BE02B463246216AA76A4046B847B0F1D1
:10E9B000000CA5EB0C05664406DD002DF1DCE0E75C
:10E9C0000A6C002AA5DCDCE7B4F90C3043F0400304
:10E9D000A3814FF0FF30BDE8F081626DAFE7D8F85A
:10E9E0000010B4F90C301D29F0D80C4ACA40D507E4
:10E9F000ECD52269226000226260DA04B4D50029D5
:10EA0000B1D0B1E7D8F80030002B94D01D2B01D045
:10EA1000162BD9D1C8F80060B3E700BF0100402031
:10EA20000B69B3B110B5044682B008B1036A5BB19B
:10EA3000B1F90C3013B9002002B010BD204602B06D
:10EA4000BDE81040FFF75ABF0191FFF745FE01995D
:10EA5000EEE70020704700BFB8B138B50D4A036932
:10EA6000156804462BB10DB12B6A53B1B4F90C30C3
:10EA70000BB9002038BD21462846BDE83840FFF7D5
:10EA80003DBF2846FFF728FEF0E7034A0349044844
:10EA900000F0A0B960160020B016002021EA0100A5
:10EAA00064160020014B1868704700BF60160020F4
:10EAB000034B024618680B46816802F0E9B800BFB4
:10EAC000601600208C4613468168624602F0E0B86A
:10EAD00070B5104E336805460C46B3B12146284642
:10EAE00002F0BEFA431C0CD0C41C24F00304A04264
:10EAF00005D0211A284602F0B3FA013001D0204691
:10EB000070BD4FF0FF34204670BD194602F0A8FAE0
:10EB10003060E3E7B0E300202DE9F843CD1C25F099
:10EB2000030508350C2D38BF0C25002D064618DBD3
:10EB3000A94216D8DFF8DC8000F016FDD8F80420D2
:10EB4000A2B1144603E0636822467BB11C462368E9
:10EB50005B1BF8D40B2B1FD89442636854D05360CE
:10EB60000CE00C2333600020BDE8F88329463046D2
:10EB7000FFF7AEFF431C044619D00560304600F095
:10EB8000F5FC04F10B00231D20F00700C21A1CBF86
:10EB90001B1AA350BDE8F88361199442256014BF85
:10EBA0005160C8F80410635163684B60E6E7D8F819
:10EBB00004701FB33C467F68002FFBD123683946A1
:10EBC000304604EB030902F04BFA814516D1236865
:10EBD000ED1A29463046FFF77BFF01300ED023683F
:10EBE000D8F804202B442360536883B1A34203D098
:10EBF0001A465B689C42FBD10023B0E70C233360CC
:10EC0000304600F0B3FCAEE7C8F80430B6E7C8F809
:10EC10000470B3E7B0E30020002950D038B551F8B4
:10EC2000043C0C1F002BB8BFE418054600F09CFC08
:10EC3000274A13682BB1A3420CD92168601883427C
:10EC40002CD0636028461460BDE8384000F08EBCCC
:10EC5000A3420FD81A465B68002BF9D111685018EF
:10EC6000844217D02CD3636054602846BDE83840F6
:10EC700000F07CBC11685018A04214D020D8216844
:10EC800060188342EFD118685B680844C4E9000348
:10EC90005460EAE723680B441360E6E718685B6892
:10ECA00008442060CDE72068014450188342116079
:10ECB000DBD1D3E900040144C2E90014D5E7704771
:10ECC0000C232B602846BDE8384000F04FBC00BF45
:10ECD000B4E3002088420ED98B1883420BD900EB95
:10ECE000020C002A6ED0624613F801CD02F801CD65
:10ECF0009942F9D170470F2A0FD8034602F1FF3C21
:10ED0000002A5FD00CF1010C013B8C4411F8012B5F
:10ED100003F8012F6145F9D1704740EA01039B07D1
:10ED200051D1A2F1100370B501F1200C23F00F05B1
:10ED300001F1100E00F11004AC441B095EF8105CE8
:10ED400044F8105C5EF80C5C44F80C5C5EF8085CFF
:10ED500044F8085C5EF8045C44F8045C0EF1100EA4
:10ED6000E64504F11004E9D1013312F00C0F01EB78
:10ED7000031102F00F0400EB031328D0043C24F02D
:10ED800003064FEA940C1E441C1F8E465EF8045B7B
:10ED900044F8045FB442F9D10CF1010402F003021B
:10EDA00003EB840301EB840102F1FF3C4AB10CF157
:10EDB000010C013B8C4411F8012B03F8012F614534
:10EDC000F9D170BD704702F1FF3C03469AE7224635
:10EDD000EAE700BF2DE9F8430746884616464FF09C
:10EDE0000009D6E90154013D10D4A389012B08D9AB
:10EDF000B4F90E3001332146384602D0C04749EA03
:10EE00000009013D6B1C04F16804EED13668002E48
:10EE1000E7D14846BDE8F88300000000000000008C
:10EE200001F0FF01102A2BDB10F0070F08D010F8BB
:10EE3000013B013A8B422DD010F0070F42B3F6D1BF
:10EE4000F0B441EA012141EA014122F007047FF0D8
:10EE500000070023F0E80256083C85EA010586EA2F
:10EE6000010685FA47F5A3FA87F586FA47F6A5FA6B
:10EE700087F68EB9EED1F0BC01F0FF0102F0070277
:10EE800032B110F8013B013A83EA010313B1F8D122
:10EE90000020704701387047002D06BF3546033803
:10EEA000073815F0010F07D1013015F4807F02BF3C
:10EEB000013015F4C03F0130F0BC0138704700BF8D
:10EEC00038B52F4B1B6805460C4613B11A6A002A49
:10EED0004BD0B4F90C3018071CD5226922B313F0BB
:10EEE000010107D0616900204942A060A1613AB1E7
:10EEF000002038BD980758BF6169A160002AF7D18A
:10EF0000190658BF1046F4D543F04003A3814FF0D3
:10EF1000FF3038BDD9062CD55A0712D4226943F0E8
:10EF20000803A381002ADAD103F42071B1F5007F30
:10EF3000D5D02146284600F061FBB4F90C30226997
:10EF4000CDE7616B51B104F14402914204D02846EF
:10EF5000FFF762FEB4F90C300022626322690021DF
:10EF6000C4E9002123F02403D9E71846FFF7B4FBD6
:10EF7000AFE7092243F040032A60A381C7E700BF3F
:10EF800060160020844641EA000313F003036DD1AC
:10EF9000403A41D351F8043B40F8043B51F8043B5C
:10EFA00040F8043B51F8043B40F8043B51F8043B63
:10EFB00040F8043B51F8043B40F8043B51F8043B53
:10EFC00040F8043B51F8043B40F8043B51F8043B43
:10EFD00040F8043B51F8043B40F8043B51F8043B33
:10EFE00040F8043B51F8043B40F8043B51F8043B23
:10EFF00040F8043B51F8043B40F8043B51F8043B13
:10F0000040F8043B51F8043B40F8043B51F8043B02
:10F0100040F8043B403ABDD2303211D351F8043BA2
:10F0200040F8043B51F8043B40F8043B51F8043BE2
:10F0300040F8043B51F8043B40F8043B103AEDD251
:10F040000C3205D351F8043B40F8043B043AF9D2A2
:10F05000043208D0D2071CBF11F8013B00F8013B75
:10F0600001D30B8803806046704700BF082A13D382
:10F070008B078DD010F003038AD0C3F10403D21A9A
:10F08000DB071CBF11F8013B00F8013B80D331F8CE
:10F09000023B20F8023B7BE7043AD9D3013A11F84E
:10F0A000013B00F8013BF9D20B7803704B784370B9
:10F0B0008B7883706046704738B50B4B1D68696B61
:10F0C000044621B12046BDE8384001F005BC2420AB
:10F0D00002F08CFB014668630028F3D10A46034B1B
:10F0E0000348322101F07CFF60160020E4CD0200CD
:10F0F000FCCD020040EA01039B0710B501D1032AB1
:10F1000017D8844601F1FF3E07E01EF8011F03F8FF
:10F11000011B541E29B19C4622466346002AF4D1A5
:10F1200010BD9444002CFBD003F8011B6345FBD1B8
:10F1300010BD8E468446DEF80040A4F1013323EA78
:10F14000040313F0803F71460EF1040EDAD1043A45
:10F15000032A4CF8044BEED87146D3E72DE9F04171
:10F16000144641B30AB306460D4601F0D5FF84426A
:10F17000074602D8B4EB500F13D821463046FFF7AC
:10F18000CBFC804650B1BC422246294628BF3A46B5
:10F19000FFF7F8FE29463046FFF73EFD4046BDE842
:10F1A000F081A8464046BDE8F081A046FFF734FD57
:10F1B0004046BDE8F081BDE8F0411146FFF7ACBC28
:10F1C0002DE9F84F92461F460A698B68DDF82890B2
:10F1D0009A42B8BF1A46CAF8002091F843300C464C
:10F1E000064613B10132CAF80020226891065FD5A5
:10F1F000DAF800300233CAF80030226812F0060F45
:10F2000011461DD1E1689942D8BF114618DD4FF073
:10F21000000804F1190B05E0E568DAF80030ED1A92
:10F2200045450CDD01235A4639463046C847013072
:10F2300008F10108F0D14FF0FF30BDE8F88F2168E8
:10F2400094F84330003B18BF01238A060AD5E11821
:10F250005A1C302081F84300224494F8451082F86B
:10F260004310023304F1430239463046C8470130A7
:10F27000E1D02368DAF80050216903F00603042B7B
:10F28000D4E902201BD08A4220DD4FF00008521A38
:10F2900090441A34002501E0454517DA012322463F
:10F2A00039463046C847013005F10105F4D1C2E7BF
:10F2B00012F0060F0DD0003B18BF0123D2E7401B10
:10F2C0008A4220EAE078E2DC0028E2DC0020BDE8A7
:10F2D000F88FE168DAF800309942D8BF114696DC21
:10F2E000AEE700BF2DE9F047174684B00A7E0C9DBB
:10F2F0000C460646984601F1430C002A35D0A2F18F
:10F300005803D9B2202969D8202B67D8DFE813F039
:10F31000E60066006600660066006600660066003D
:10F32000660066006600AC0070006600660066005D
:10F3300066007000660066006600660021008300BB
:10F34000C60066006600B6006600830066006600C0
:10F35000EC002B6822686169181D286010061B6884
:10F3600002D4520600F1E08019600023E1462361D7
:10F37000CDF800803B4603AA21463046FFF720FF28
:10F38000013020D023694A4639463046C047013013
:10F3900019D02368E068DDF80C909B0718D5484524
:10F3A00016DD002504F1190A04E0E068A0EB09036A
:10F3B000AB420DDD0123524639463046C04701308D
:10F3C00005F10105F1D14FF0FF3004B0BDE8F08741
:10F3D0004845B8BF484604B0BDE8F08784F84220ED
:10F3E000012004F142090023206184F84330BFE783
:10F3F0002A682368111D1806296002D4590600F1F5
:10F4000095801068014600286268C0F293805448D5
:10F410004FF00A0E15E020682B6810F0800F53F8AB
:10F42000041B02D1400648BF89B26F2A4C482B60AA
:10F4300014BF4FF00A0E4FF0080E0023626884F8E4
:10F440004330002AA26051DB236823F004032360C9
:10F4500000294BD1002A7BD1E146BEF1080F56D0DE
:10F46000ACEB0903236183E72B681A6804332B6034
:10F4700004F1420984F842200120B4E72B68626855
:10F48000191D2960D3F8009000214846FFF7C8FCF9
:10F49000002863D0A0EB09006060A4E7236843F074
:10F4A0002003236078222F4884F845202A6813F02F
:10F4B000800F52F8041B03D113F0400F18BF89B21C
:10F4C0002A60DA0744BF43F02003236019B9236898
:10F4D00023F0200323604FF0100EAEE7582384F88A
:10F4E00045301F482368E1E72368DBE77546E146BE
:10F4F000B1FBF5F305FB131A0A46AA4210F80A10ED
:10F5000009F8011D1946F3D2BEF1080FA8D12368EE
:10F51000DD07A5D5626823699A42A1DC302309F88A
:10F52000013C09F1FF399BE719801EE7B2F9001091
:10F53000084668E72D20002AA26084F8430002DB19
:10F5400023F0040323600A2505484942AE46CEE76E
:10F55000037884F8423004F142097EE7606842E7AC
:10F560002CCE020040CE0200704700BF704700BFA3
:10F57000002A3ED030B584460446084380070B4637
:10F580002ED1032A07D82BE0043A25D01EF0803F65
:10F5900022D1032A22D92068194653F8045BA0F12E
:10F5A000013EA842A4462EEA000E04F10404EBD06A
:10F5B0009CF800000C7884421DD1E64668B11EF824
:10F5C000010F11F8014FA2EB0E03A04203F1FF332C
:10F5D00011D11CEB0303F1D1002030BDA446194624
:10F5E0009CF800000C78A04205D1012AF4D0E64630
:10F5F000E4E710467047001B30BD00BF70B5B1F99D
:10F600000C300C46990796B007D504F14703012248
:10F61000C4E90432236016B070BDB4F90E1000299D
:10F62000054629DB6A4602F06DF9002822DB4FF41B
:10F6300080612846019EFFF76FFA88B3A389206096
:10F6400043F0800306F47046A381B6F5005F4FF4E3
:10F650008063C4E90403DED1B4F90E10284601F03A
:10F66000BFFA0028D7D0A38923F0030343F0010396
:10F67000A381D0E7B4F90C3013F0800F14BF4026FB
:10F680004FF4806631462846FFF746FA40B1A38919
:10F69000206043F08003C4E90406A38116B070BD66
:10F6A000B4F90C309A05B6D423F0030304F14702F1
:10F6B00043F002030121C4E90421A3812260AAE7E7
:10F6C00070B50C46B1F90E10002996B015461E46CD
:10F6D0000FDB6A4602F016F900280ADB019B03F4EF
:10F6E0007043A3F50053B3FA83F34FF480625B09D0
:10F6F00008E0A28912F0800F4FF0000314BF4022EF
:10F700004FF48062002033602A6016B070BD00BFE5
:10F7100000000000000000000000000000000000E9
:10F7200002780B78012A28BF9A4240F0D8806DE910
:10F73000044540EA0104CDE902676FF0000C4FEA8E
:10F7400044721AB380EA010414F0070F6BD100F081
:10F75000070420F0070004F0030521F007014FEA39
:10F76000C505F0E8042314F0040FF1E804670CFA6F
:10F7700005F462EA040266EA04060BD063EA0403B5
:10F78000624667EA0407664604E000BFF0E8042327
:10F79000F1E8046782FA4CF582EA0604A4FA8CF4D4
:10F7A0006CBB83FA4CF583EA0705A5FA8CF595B98D
:10F7B00050E9022351E9026782FA4CF582EA060415
:10F7C000A4FA8CF483FA4CF583EA0705A5FA8CF5C4
:10F7D0002543DBD09CB92DBAB5FA85F424F0070493
:10F7E00027FA04F1DDE9026723FA04F303F0FF00CE
:10F7F00001F0FF01FDE80445A0EB0100704724BAC9
:10F80000B4FA84F424F0070426FA04F1DDE902676F
:10F8100022FA04F202F0FF0001F0FF01FDE80445C6
:10F82000A0EB0100704714F0030F3CD110F003046B
:10F8300028D150F8082B51F8083B82FA4CF582EA9F
:10F840000305A5FA8CF55DB950F8042C51F8043C79
:10F8500082FA4CF582EA0305A5FA8CF5002DE8D072
:10F860002DBAB5FA85F424F0070423FA04F122FA3C
:10F8700004F202F0FF0001F0FF01FDE80445A0EBF7
:10F88000010070474FEAC40420F0030050F8082B31
:10F8900021F0030151F8083B0CFA04F462EA040277
:10F8A00063EA0403C9E710F003041DD0A1EB0401CF
:10F8B00020F00300E40750F8042B06D012D28B7816
:10F8C0005FFAA2F4E41A06D12BB1CB785FFAB2F456
:10F8D000E41A00D133B920465DF8104B7047A2EB13
:10F8E0000300704701F1040150F8042BCC0721F00C
:10F8F000030151F8043B48D824D222F07F4482FA15
:10F900004CF594EA1325A5FA8CF50AD165B951F89E
:10F91000043B84EA0204B4EB036F0ED150F8042BCD
:10F92000EBE74FEA132355E035F07F454DD10878DA
:10F93000FDE80445C0F1000070474FEA126203F091
:10F94000FF0347E002EA1C4482FA4CF594EA1345AF
:10F95000A5FA8CF50AD165B951F8043B84EA020492
:10F96000B4EB034F0CD150F8042BEBE74FEA1343F1
:10F9700030E015EA1C4528D10B884FEA124229E0F5
:10F980004FEA124203EA1C4324E002F0FF0482FA29
:10F990004CF594EA1365A5FA8CF50AD165B951F8CE
:10F9A000043B84EA0204B4EB032F09D150F8042B82
:10F9B000EBE74FEA13630DE015F0FF0F05D10B687D
:10F9C0004FEA122223F07F4304E04FF00000FDE8ED
:10F9D0000445704712BA1BBA82FA4CF482EA030457
:10F9E000A4FA8CF5B5FA85F402FA04F203FA04F3EA
:10F9F0004FEA1260FDE80445A0EB1360704700BFBA
:10FA00004269002A40F26C73A8BF6FF0630313448D
:10FA1000920710B407D1274C274A284904FB032238
:10FA2000B1EBB20F30D3244A224C254904FB032307
:10FA3000B1EB331F2CBF01220022D0E906315B005D
:10FA400003EB0113134441F2A26293422DD00BDC6D
:10FA5000012B1BDD0A3B172B29D81A48D84040F34D
:10FA600000005DF8044B704741F2B462934213DD2D
:10FA7000A3F5B653023B152B19D813485DF8044B78
:10FA8000D84000F0010070470122D6E7DB43DB0FCE
:10FA900058425DF8044B704741F2B1608342D4BFD5
:10FAA000002001205DF8044B70470120D9E70020B9
:10FAB000D7E700BF295C8FC250B81E05285C8F02B3
:10FAC0000AD7A300CF00CC001F002A002DE9F04F79
:10FAD000144612788FB083460E4642B9154616B1C9
:10FAE00000230BF8053028460FB0BDE8F08F9A468A
:10FAF000252A4FF0000302931D460CD0731EAB4223
:10FB000040F28F800BF80520013401352278002A5D
:10FB1000E5D0252AF2D16778302F6CD02B2F6AD010
:10FB20003946A1F13103082B04F101044FF000071D
:10FB300068D945294FF000086ED04F296CD0A1F14B
:10FB40002502552A6DD8DFE812F0B2016C006C0076
:10FB50006C006C006C006C006C006C006C006C0045
:10FB60006C006C006C006C006C006C006C006C0035
:10FB70006C006C006C006C006C006C006C006C0025
:10FB80006C00B602D802190246026C006A027F02BB
:10FB9000710088006C006C006C00BB016C006C0094
:10FBA0009F006C005A0470042F044104680378031A
:10FBB0008A03FF0391036C006C006C006C006C0006
:10FBC0006C00DD03D800BE01FA00FA006C00FA02F6
:10FBD000D8006C00A80171008800AD01C5016C005F
:10FBE0009F00CE010201180147045004D801F5011D
:10FBF000280461041D03A178A1F13103082B04F14D
:10FC0000020496D806A920460A2201F035FB069C7C
:10FC100021784529804690D1617801348FE701F041
:10FC2000CDFD002528460FB0BDE8F08FC74BC84A70
:10FC30006B2908BF1A46DAF80830711B0BEB050078
:10FC400000F002FE0028ECDB0544AE42E9D923783F
:10FC5000002B3FF444AF013458E7DAF80830002BAA
:10FC600000F026840C2B09D0BA4880FB0320DA1759
:10FC7000C2EB600202EB4202A3EB8203B348B44A38
:10FC8000492918BF0246D8E7DAF808300B2BB24BE7
:10FC9000D4BF0022012203EB8203D3F8A4804046A4
:10FCA000FEF76EFD0028D2D0731E9D42B9D208F136
:10FCB000FF330BEB060CDFF8BC921F180CF1FF3C76
:10FCC0000BEB050201E09445ABD0207850289E460E
:10FCD00013F8011F07D119F8010000F003000128F3
:10FCE00004BF2031C9B29F4202F8011BEBD10EF1D3
:10FCF0000203A3EB08031D44A9E7974BDAF8102091
:10FD000053F822703846FEF73BFD00289FD0731E43
:10FD1000AB4286D95D44411906EB0B007B1E0138CE
:10FD200002E0A8423FF47DAF13F8012F2A702A4663
:10FD30000135A942F5D1CBF10105154487E7844B84
:10FD4000824A642908BF1A46DAF80C3075E7824BFC
:10FD5000D3F8E4703846FEF713FD3B78002B3FF4F0
:10FD600076AF3A465346711B0BEB0500FFF7AEFE2C
:10FD700000287FF756AF054469E7DAF82030002BFA
:10FD800080F29E834FF0000CE146DAF81480B8F15F
:10FD900045034FEAE87262F10002002AA6EB050172
:10FDA0000BEB050002DA033342F1000208F1FF37E2
:10FDB0000397A8F146070497DFF8BCE1039F9B086F
:10FDC00043EA82739210059208F22B128EFB077899
:10FDD000039FFF17C7EB68178EFB028ED217C2EB8B
:10FDE000EE12B3EB070E059B63EBE7731EEB020805
:10FDF000049F43EBE27340F26D1202FB07FEDAF858
:10FE00001C7018EB0E0243EBEE7312EB070E43EB84
:10FE1000E7731EEB0E0243EB030712EB0E0243EBFC
:10FE20000703DB00DAF8087043EA5273D20012EBE2
:10FE3000070E43EBE7731A014FEA0E17B7EB0E07F5
:10FE400042EA1E7262EB03039B0043EA9773BA0017
:10FE5000DAF8047012EB070E43EBE7773A014FEA4A
:10FE60000E13B3EB0E0342EA1E7262EB070292001E
:10FE7000DAF8007042EA93729B00DB1942EBE772FA
:10FE8000B3EB0C0362EB0902CDE90032334A00F018
:10FE9000DBFC0028BFF6D8AEC3E6DAF81C30304AE7
:10FEA0000133CAE6DAF810300133294AC5E6731E79
:10FEB000AB427FF6B6AE25230BF805300135C6E61A
:10FEC000DAF80430F1E7244BD3F8A0703846FEF797
:10FED00057FC42E7731EAB427FF6A3AE0A230BF832
:10FEE00005300135B3E6DAF810201E4B83FB021310
:10FEF000A3EBE27301331C4A9FE60DF118091B497D
:10FF00004846FEF729F84846FEF73AFC09EB00039D
:10FF1000002F00F0A482B8F1050F09F8007003F17A
:10FF2000010700F2188312493846FEF715F85346C8
:10FF30004A4618E7731EAB427FF673AEDAF8183004
:10FF400030330BF80530013581E600BF74CE020076
:10FF50006CCE0200ABAAAA2A08D20200B4CE0200DC
:10FF600098CE020056555555A0CE0200CCCE0200C8
:10FF7000D4CE020005D102001F85EB51CD49DAF83D
:10FF80001430B8F1020F38BF4FF002088B42ACBFFB
:10FF900000210121721B002B0BEB05090392C0F21B
:10FFA0007083C54A82FB0302D817C0EB621013307E
:10FFB000002F40F0C182C14ADFF824C3A8EB010141
:10FFC000CDE900106346711B484600F03DFC002857
:10FFD000BFF63AAE25E6DAF81400DAF81070DAF86F
:10FFE0000C30002807F101070BEB0508A6EB05090B
:10FFF000C0F23783B04981FB0021C217C2EB611206
:020000022000DC
:10000000642101FB1202CDE900324946AC4A3B466D
:10001000404600F019FC0028BFF616AE01E6252385
:100020008DF81830002F00F02982B8F1050F8DF8F7
:10003000197000F28B820DF11A073846A149FDF7BD
:100040008BFF534606AA8EE6DAF814200392504638
:10005000FFF7D6FC039A002A8646C0F2CB82964868
:1000600080FB0230D317C3EB601303F113099446EE
:10007000914BA3FB0C035809BEF1000F4FF0640332
:1000800003FB10C0C0F28F8200F05083894B9A426C
:10009000C0F2668200227044411C00F08D82642808
:1000A00004BF09F101090020642303FB0903002AAE
:1000B00000F0F6814FE1844BDAF8182003EB82035D
:1000C000DF6F3846FEF75CFB00283FF4C0AD731EBF
:1000D000AB427FF6A6AD5D44411906EB0B007B1EDB
:1000E000013802E0A8423FF49CAD13F8012F2A70BA
:1000F0002A460135A942F5D11DE6DAF81030724AD8
:100100000C3352F823703846FEF73AFB00283FF4D0
:100110009EAD731EAB427FF684AD5D44411906EB84
:100120000B007B1E013802E0A8423FF47AAD13F8C1
:10013000012F2A702A460135A942F5D1FBE5504628
:10014000FFF75EFC0746DAF814000028C0F2B88218
:10015000594A82FB0032C317C3EB6213642202FBCD
:100160001303554AF81882FB0073C117C1EB6311E2
:10017000642303FB11001844A2FB0012520903FB85
:10018000120392E6DAF82030002BFFF664AD01F09E
:1001900013FB029B002B00F0FF8101F0AFFBDAF8AC
:1001A0002030002BD4BF00230123013303EB830352
:1001B0000BEB050950F8337001F000FB434B7F4215
:1001C00083FB07204FEAE7783844711BC8EB6010C7
:1001D000029101F0D3FA3D4B029983FB003C3C4B6A
:1001E000024683FB07E384443B44D717C7EB6C17F5
:1001F000C7EB0717A2EB870200924846354AC8EBC7
:10020000E32300F021FB0028FFF60BAD0544AE42CE
:100210007FF607AD0123029319E55046FFF7F0FB87
:10022000DAF81820002A00F04681013A0028DAF8AE
:100230001C3040F36081012337E6DAF81830002BD8
:1002400000F03481013BDAF81C200732D21A224B2D
:1002500083FB02131344D217C2EBA30325E61A4B08
:10026000D3F898703846FEF78BFA76E5DAF8203046
:10027000002BFFF6F0AC01F09FFA029B002B00F080
:100280005282DAF82030154A002BD4BF0023012314
:1002900052F823703846FEF773FA014678B3731E9E
:1002A000AB427FF6BCAC5D4406EB0B007B1E2944E1
:1002B00001381AE094F8FFFF1F85EB5154CE02007D
:1002C00078CE02008CCE020008D20200898888888D
:1002D000C5B3A291D8CE020093244992BC16002047
:1002E000F0CE0200A8423FF49AAC13F8012F2A7016
:1002F0002A460135A942F5D1CBF10105154401F09B
:100300005DFA87E7DAF81830AD4A183352F82370EF
:100310003846FEF735FA00283FF499AC731E9D422B
:10032000BFF47FAC5D44411906EB0B007B1E013826
:1003300002E0A8423FF475AC13F8012F2A702A4658
:100340000135A942F5D1F6E4DAF814309D4A93421A
:1003500080F2A480D31A2D228DF81820B8F1000F56
:1003600001D008F1FF380DF119000DF1180925220F
:100370000270002F6FD1013093490393FDF7ECFD1C
:10038000039B00934A464346711B0BEB050000F0AC
:100390005BFA0028BFF658AC43E4894BD3F89C7055
:1003A0003846FEF7EDF9D8E4DAF800300193DAF8D0
:1003B00004300093DAF80830844A711B0BEB050017
:1003C00000F042FA0028BFF63FAC2AE4DAF81C201D
:1003D000DAF81830073239E7731EAB427FF621ACEA
:1003E00009230BF80530013531E4731EAB427FF66B
:1003F00018ACDAF81830002B5FD137235CE5DAF857
:1004000004300093DAF80830714ABDE7DAF81400D6
:100410000028C0F26D816F4A82FB0032C317C3EB24
:100420006213642202FB13033FE5DAF800303CE577
:1004300042F20F72934240F2A5808DF81870B8F125
:10044000000F01D008F1FF3825228DF819200DF199
:1004500019000DF118093022427002308CE75F1C40
:100460002B2309F8003004230EA9C91B38465A4A29
:1004700000F0EAF90028C8BF3F1854E52B238DF897
:10048000193004230DF11A07534A1E21384600F093
:10049000DBF900287FF7D1AD3844CFE503F26C7368
:1004A0002B2FC5D00DF11809484660E70623CAE690
:1004B0000C23FFF7E3BB0622B8E63033DBB2FBE4E4
:1004C00001F07AF9029B002B63D001F017FADAF8F9
:1004D0002030002BD4BF00230123013303EB83031F
:1004E00050F8337001F06AF97F4201230293BC4651
:1004F0004FEAE77949E43BD0DAF814100029A2EB7F
:10050000030340F26B72A8BF6FF0640211448A07C4
:1005100040F0F3803148324A00FB012200F1804074
:100520000138B0EBB20F80F0E88001229B1A042B57
:10053000CCBF34233523B8E4632830DD294A2A4B65
:100540002B2F0CBF94469C46284A37E5B8F106038A
:100550003FF471AD96E7B8F106033FF4E4AC83E7EE
:10056000431E002800F0D880642202FB0933F2E623
:100570000A339B1A1E4A82FB03121A44DB17C3EB91
:10058000A20392E425220DF118098DF8182048469F
:1005900061E700F0FDFF98E700F0FAFFFDE5134A80
:1005A000DFF844C00AE57044064B9A42ACBF002213
:1005B0000122431C7FF478AD09F1FF39632073E514
:1005C00008D2020094F8FFFF94CE0200BCCE0200D5
:1005D000A8CE02001F85EB5188CE0200295C8FC295
:1005E00050B81E0564CE0200F0CE02005CCE0200C0
:1005F00093244992049002F26C70039200F02CFD57
:10060000584BDAF814C083FB009EBCF1000F4FEA90
:10061000E070C0EB6E19DDE9032EBFF629AD0CF2D8
:100620006C70CDE9032E00F017FD4E4BDDF810E0A5
:10063000039A844683FB0C034FEAEC70C0EB631013
:10064000BEF1000F4FF0640303FB10C074DADAF858
:100650001410A3F2CF739942A5DA4FF0010E72463F
:1006600019E500F26C70039300F0F6FC3D49039B22
:1006700081FB0021C217C2EB6112642101FB12024F
:10068000C1E403F26C700491039300F0E5FC0246B0
:10069000344880FB020CD017DDE90331C0EB6C104D
:1006A000002F35D042F20F7C624552DCDFF8D4C017
:1006B0002D4ADFF8CCE02D4F7345B8BFBC467DE432
:1006C00000F26C7000F0C8FC264A82FB0032C317AF
:1006D000C3EB6213002F4FF0640202FB13032EDA08
:1006E000DAF81410A2F2CF729142B8BF012738E5B0
:1006F00000F26C7000F0B0FC8DE61D481D4A00FB56
:1007000001221D49B1EB321F2CBF012200220DE74F
:10071000DFF870C0194ACCE709F1FF33642202FB0D
:1007200003F3633317E600F033FFAAE5144B9A4254
:10073000ACBF00220122B7E47FF4A8AC34E73FF459
:1007400010AD0F4ADAF814109142B8BF4FF0FF37DE
:1007500007E50C4ADFF830C02B2F18BF9446024A39
:10076000A7E700BF1F85EB515CCE020068CE0200F8
:10077000295C8FC250B81E050AD7A30054CE0200D0
:1007800094F8FFFFF0CE020064CE0200FFF79EB99E
:10079000FFF79CB908B5064B044613B1002101F0E0
:1007A00071FC044B1B6803B19847204602F07EFCA5
:1007B00085200200ACE30020002301461A461846BB
:1007C00001F046B808B410B5002A9DB0044636DBE7
:1007D0004FF40273ADF814304FF000031B930291F5
:1007E000069120AB17D0013A4FF6FF7104920792A1
:1007F000ADF816101F9A019302A9FDF7EFFC421CF9
:1008000001DA8B232360029B00221A701DB0BDE821
:10081000104001B070474FF6FF7104920792ADF897
:1008200016101F9A019302A9FDF7D8FC431C01DAA8
:100830008B2323601DB0BDE8104001B070478B23AF
:1008400003604FF0FF30F5E70CB410B5214B0029E1
:100850001C689CB038DB4FF000034FF402721B930E
:10086000ADF81420029006901FAB18D001394FF656
:10087000FF7204910791ADF8162002A91E9A019308
:100880002046FDF7ABFC421C01DA8B232360029B60
:1008900000221A701CB0BDE8104002B070474FF63D
:1008A000FF7204910791ADF8162002A91E9A0193D8
:1008B0002046FDF793FC431C01DA8B2323601CB018
:1008C000BDE8104002B070478B2323604FF0FF302B
:1008D000F5E700BF601600202DE9F0410C46074601
:1008E00001F00CF821460646384600F065FE4369E3
:1008F0009907044603F26C780AD17F4A7F4B02FBCA
:10090000083302F18042013AB2EBB30FC0F0A98084
:100910007B4A82FB08324FEAE873C3EBE2134FF4E1
:10092000C87202FB1383002B0CBF30250025754BCA
:100930001D4400F041FF00F02BFE734B1B68A3B178
:100940007368434540F08F803068D7E90013D6E9DB
:100950000872002840F09180B94273EB0202C0F2A5
:100960009A8001232362306D01E02362B06A674AF6
:10097000674982FB0032C6170244C6EBE2234FF4FC
:1009800061621E4602FB130381FB03121A44D9174E
:10099000C1EB6211D4E90002521AC1EB0111A3EBC1
:1009A0008103C01AA3683B28A3EB0603C4E9000235
:1009B000A3604EDD01323C38C4E900023B2A41DD30
:1009C00001333C3AC4E90123172B1EDDD4E906218B
:1009D0000132072AA8BF00220131C4E90621D4E967
:1009E0000321183B0132C4E9023255F821309A4202
:1009F00006DDD21A0B29E26001F1010344D0236124
:100A000000F0DCFE2046BDE8F081002BF8DAD4E9E6
:100A10000621013A48BF06220139C4E90621E268ED
:100A20001833013AA360E260002AE9D12369013B4F
:100A30003DD423619B00EB58E36000F0BFFE2046ED
:100A4000BDE8F081002ABFDA013B3C32C4E9012352
:100A5000BAE70028B2DA013A00F13C01C4E9001219
:100A6000ACE7302563E7404600F078FF00287FF4CC
:100A70006BAF4FF0FF33236278E7B94273EB0202AA
:100A800009DA0023236271E7636900220133C4E9B4
:100A90000423E261B4E7B26C9142F26C9341B4BFBB
:100AA000012300232362002B7FF45DAF5EE76369BF
:100AB0000B215A1EC4E90412920703F26B730ED184
:100AC0000D490E4A01FB032201F180410139B1EBCE
:100AD000B20F04D240F26D13E3612C23ABE7074A57
:100AE000054901FB03230B4AB2EB331F2CBF012343
:100AF000002303F5B673EFE7295C8FC250B81E05DB
:100B00001F85EB5104D30200BCE30020C5B3A291C2
:100B1000898888880AD7A300032A30B415D941EA06
:100B20000004A40784460B4604D0541E0FE0043A88
:100B3000032A08D91946604653F8044B5CF8045B55
:100B4000A542F4D0F1E760461946541E7AB1431E1F
:100B50000139021901E09A4209D013F8010F11F886
:100B600001CF6045F7D0A0EB0C0030BC70470020EF
:100B700030BC704771B1034600EB010C01E06345E6
:100B800006D01A46013311780029F8D1101A70479F
:100B9000181A7047084670470EB400B582B003AB10
:100BA000816853F8042B019300F072F802B05DF8ED
:100BB00004EB03B0704700BF0FB400B5074983B022
:100BC00004AB086853F8042B8168019300F060F8C7
:100BD00003B05DF804EB04B0704700BF601600205E
:100BE00038B5074D0022044608462A60E7F71EFE86
:100BF000431C00D038BD2B68002BFBD0236038BDD0
:100C0000481700209368013B002B936011DA10B461
:100C10009469A34209DB0A2907D01368581C1060A5
:100C2000197008465DF8044B70475DF8044B00F0FE
:100C300087B91368581C106019700846704700BFC8
:100C40009BB1F8B5134406460F46541E5D1E01E0E5
:100C5000AC4208D014F8011F3A463046FFF7D2FFE5
:100C6000431CF5D1F8BD0020F8BD0020704700BF3F
:100C7000936810B514461BB918460023636010BD75
:100C800000F006FB0023A3600023636010BD00BFDB
:100C90002DE9F04FA1B08B4691461C46049018B147
:100CA000036A002B00F01C81BBF80C30180740F1E0
:100CB0009580DBF81030002B00F090800023CA46AE
:100CC0000D9343F22003ADF839309AF80030864E88
:100CD00007940127002B79D0D14604E019F8013F91
:100CE000002B00F08580252BF8D1B9EB0A0840F0E5
:100CF000828099F80030002B68D000234FF0FF323B
:100D0000CDE9092309F1010908930B938DF86330AC
:100D10001E9305E0089A07FA03F31A430892A146C6
:100D20004C46052214F8011B3046FEF779F8A2461E
:100D3000831B0028EED1089BD90644BF20228DF8E2
:100D4000632099F800101A0744BF2B228DF8632006
:100D50002A2966D1079A1168043200290792C0F245
:100D60009A800B9199F801102E2970D05F4C0322C4
:100D70002046FEF755F838B1089B001B4022824000
:100D800013430AF1010A08931AF8011B58488DF819
:100D900038100622FEF744F8002800F08280554BF8
:100DA000002B69D007AA0092534B04985A4608A911
:100DB000AFF300800390039B013307D00D9B039A90
:100DC00013440D939AF80030002B85D1BBF80C30FA
:100DD0005B060AD40D9821B0BDE8F08F04985946FF
:100DE000FEF76EF800283FF469AF4FF0FF30F2E7EE
:100DF000B9EB0A08EAD00AF1FF35CDF81490A946FC
:100E0000049D01E0A0453ED94C465A4619F8011F01
:100E10002846FFF7F7FE02340130A4EB0A04F1D1B3
:100E2000D4E7A1F13002092A88BFCA469CD80B9B9F
:100E300000E00134217803EB830302EB4303A1F1CB
:100E40003002092AF5D92E290B93A2468ED19AF8A1
:100E500001102A292FD1079B9AF802101A680992CB
:100E60000433002A0AF102000793B8BF4FF0FF33A2
:100E70008246B8BF099379E7079B073323F007033E
:100E8000083307939AE70D99DDF81490414499F8D7
:100E900000300D912FE7494243F002030B91089374
:100EA00060E707AA0092144B04985A4608A9FEF777
:100EB00019FA03907FE7A1F130020023092A099370
:100EC0000AF1010A3FF652AF1AF8011F03EB830340
:100ED00002EB4303A1F13002092AF5D9099345E752
:100EE000FDF7FAFBE0E600BFD0CD0200D8CD02004E
:100EF000DCCD020000000000410C020010B4054CE3
:100F00008446134620685DF8044B0A466146FFF7A5
:100F1000BFBE00BF6016002038B5074D074C2C1B24
:100F2000A41005D0013C55F8043D9847002CF9D198
:100F3000BDE8384002F0C2B828170020241700206E
:100F4000F8B50D461446064610B1036A002B37D09B
:100F5000A389A269A2601A0719D52369BBB12268C7
:100F60006169D31AEDB299422F4620DD0133A168A1
:100F70000139A160511C2160157062699A420DD03F
:100F8000A389DB0701D50A2D08D03846F8BD2146D4
:100F90003046FDF795FF38B92369E0E72146304632
:100FA000FDF73EFD0028F0D04FF0FF37EDE721467A
:100FB0003046FDF735FD0028F6D122680123D6E73B
:100FC000FDF78AFBC4E700BF10B4044C03460A4691
:100FD00020685DF8044B1946FFF7B2BF6016002089
:100FE00000B50B4C25681446EE681A4685B00346DA
:100FF0000D464CB107490095CDE90114304606492C
:1010000000F012FC00F0BEFB04490C46F3E700BF01
:1010100060160020E4CE0200F4CE0200F0CE020002
:1010200008B513460022FFF7DBFF00BF70B50C4682
:10103000084D03460026204611461C462E60F8F750
:1010400047FE431C00D070BD2B68002BFBD02360F3
:1010500070BD00BF481700200028B8BF404270474D
:1010600038B5074D0022044608462A6002F010F801
:10107000431C00D038BD2B68002BFBD0236038BD4B
:101080004817002010B50C46B1F90E1000F098FB7F
:10109000002803DB636D0344636510BDA38923F45B
:1010A0008053A38110BD00BF002070472DE9F0419F
:1010B0000C46B1F90C101F46CB05054616460BD45D
:1010C00021F48051A1813B46B4F90E1032462846E6
:1010D000BDE8F04100F012BDB4F90E100223002269
:1010E00000F026FCB4F90C10EAE700BF10B50C467E
:1010F000B1F90E1000F01CFCB4F90C30421C0EBF0C
:1011000023F4805343F480536065A38110BD00BF76
:10111000B1F90E1000F03EBB51F8043C181F002B33
:10112000BCBF0B58C01870472DE9F0470746494827
:101130000E46354616F801EB10F80EC01CF0080CF0
:10114000F7D1BEF12D0F5AD0BEF12B0F03BF96F889
:1011500000E06446AE1C64464BB9BEF1300F5CD073
:101160000A23DFF8F4804FF0050A99460AE0102BB5
:101170004AD04FF0FF38B8FBF3F803FB08FA6FEAE8
:101180000A0A99460025284605E02CD009FB00C034
:10119000012516F801EBAEF1300CBCF1090F06D9B0
:1011A000AEF1410CBCF1190F0BD8AEF1370C634511
:1011B00010DDB5F1FF3FECD04045E6D94FF0FF35EB
:1011C000E7E7AEF1610CBCF1190F03D8AEF1570C93
:1011D0006345EEDC6B1C0BD004B140420AB165B92B
:1011E0001160BDE8F087D445D0DD4FF0FF35D0E782
:1011F00022233B602846002AF3D0711EF0E796F8C0
:1012000000E00124AE1CA7E7BEF1300F11D04FF073
:101210000F0A6FF070489946B4E7337803F0DF03A4
:10122000582B0BD008234FF0070A6FF060489946FF
:10123000A8E7307800F0DF005828E8D14FF0100917
:1012400096F801E04FF00F0A02366FF070484B46F7
:1012500098E700BF05D102009999991964E700BF8A
:1012600010B4044C8446134620685DF8044B0A46CB
:10127000614659E76016002010B4044C84461346BA
:1012800020685DF8044B0A4661464DE76016002071
:101290009368002B00F0F8802DE9F04FB1F90CC0F5
:1012A0001CF0080F83B0904681460C4631D00B6984
:1012B0007BB31CF00207D8F8006038D00027D4F8C0
:1012C00028B0216ADFF8C4A23D4655452B463A4670
:1012D00028BF53464846C5B1D847002840F3CA80C6
:1012E000D8F808301B1A07442D1AC8F80830002B0C
:1012F00000F0B68055452B46D4F828B0216A28BFA7
:1013000053463A464846002DE6D1D6E900750836E0
:10131000DBE721464846FDF7D3FD002840F0AF80CB
:10132000B4F90CC0D8F800601CF00207C6D11CF05C
:10133000010A63D12368A168574618468B46002FDF
:1013400058D01CF4007F00F0B580B9420A4600F284
:10135000E1801CF4906F2FD0216962695D1A02EB65
:10136000420202EBD2726B1C52103B44934292BF7A
:1013700093469B461A461CF4806F00F0EA801146A3
:101380004846FDF7C9FB002800F0F9802A4621698C
:101390000090FDF7F7FDA289009B22F4906242F0D5
:1013A0008002A2815819ABEB0505C4F814B0236183
:1013B000A5602060BB463A4651460092FDF78AFC84
:1013C000A1682368009AA1EB0B011A443D46A16075
:1013D00022600027D8F808305B1BAA44C8F8083000
:1013E000002B3DD02368A168B4F90CC018468B4689
:1013F000002FA6D1D6E900A708369EE73846BB469F
:101400003D460097002D41D0002846D0009A206824
:10141000A168D4E90473AA4228BF2A46B84204D975
:1014200001EB030A524500F38580934275DC216A83
:10143000A76A5A464846B847B0F1000A1ADD009B31
:10144000B3EB0A0300930FD00120D8F80830A3EBC8
:101450000A03D344A5EB0A05C8F80830002BD1D104
:10146000002003B0BDE8F08F21464846FDF7D8FACA
:101470000028EAD0B4F90C3043F04003A3814FF0C8
:10148000FF3003B0BDE8F08F002070477568334629
:101490000836002DFAD0D3F800B02A460A21584663
:1014A000FDF7BEFC002867D00130A0EB0B030093D2
:1014B0001A46ACE722699A4214D36269BA4211D83B
:1014C0006FF00043BB4228BF3B46A56A93FBF2F393
:1014D000216A02FB03F348465246A847051EC9DDB0
:1014E0007F1B77E7B94228BF39460D4618460A46A2
:1014F0005146FDF7EFFBA1682368491B2B44A1600F
:1015000023600029ECD121464846FDF789FA0028DE
:10151000E6D0AFE7BB463A464EE759460192FDF7A3
:10152000D9FB019AA3689B1AA36023681344236024
:10153000924684E759465246FDF7CCFB2368534454
:10154000236021464846FDF76BFA00283FF477AF49
:1015500090E74846FDF702FE034600287FF422AFDD
:1015600021694846FDF758FBB4F90C300C22C9F844
:10157000002023F080037FE76A1C009247E70C22DB
:10158000B4F90C30C9F8002076E700BF00FCFF7FFB
:10159000014B186800F0C8BA6016002008B500F0CA
:1015A0000BF9044B186800F0BFFABDE8084000F0E2
:1015B00005B900BF60160020F8B5604A0C4600234C
:1015C000D0E90001FBF7F0FB002AC0F2AD8000F586
:1015D0002F2000F66C205A49A1FB0251C90A4FF492
:1015E000616303FB1122574BA160A3FB02135B094C
:1015F0006360C3EB0313A2EB8302534B2260C11C55
:1016000083FB013C8C44CB17C3EBAC03C3EBC3039C
:10161000CB1A7CD40028A3617BDB4C4BC11783FB26
:101620000023C1EBE3314A4B4A4A03FB0100830824
:10163000A2FB0352484D00EBD222A5FB0363474EA9
:10164000A2EBD3120309A6FB0363A2EB1312444BD4
:10165000A3FB0263D61A03EB560C9308A5FB0353B6
:10166000404D4FEA1C22A5FB0265DB09C3EB551375
:10167000034440F26D1000FB123303EB830E3A4833
:101680000EF1020EA0FB0E0C4FEADC1C40F2F955E5
:101690000CEBCC00AE4500EB0010344D00F1020025
:1016A000A5FB00504FF4C8768CBF6FF009050225EA
:1016B00006FB01216544012D98BF01315E1CB3F585
:1016C000997FA6EB90000BD3A3F59973A1F26C71EF
:1016D000E3610023E060C4E9045123622046F8BDC1
:1016E00096070BD0224E06FB02F2224EB6EB321FBB
:1016F0002CBF012200223B331344E7E71C4E1E4F50
:1017000002FB06F6B7EBB60FECD20122F3E7073384
:10171000A3610E4BA0F50E31A1F52C7183FB0123C3
:10172000C917C1EBE3317EE702F5A83200F52F209F
:1017300002F5C07200F66B204DE700BF805101003A
:10174000C5B3A2918988888893244992BD066B39D4
:101750004FC5FDFF7F206B39D97CC65941D6720039
:1017600061F319671F85EB51D7802BD6CDCCCCCC3C
:10177000295C8FC20AD7A300285C8F020028B8BF5B
:101780004042704708B50620E7F738F8012001F01D
:101790008DFC00BF38B5074D0022044608462A607C
:1017A000E7F734F8431C00D038BD2B68002BFBD082
:1017B000236038BD48170020704700BF704700BF46
:1017C00038B50C46084D8446114620461A4600237B
:1017D0002B606446ECF7A0FD431C00D038BD2B689D
:1017E000002BFBD0236038BD48170020024B014678
:1017F0001868FDF791B900BF60160020024B014642
:101800001868FDF709BA00BF601600200CB400B5D7
:1018100083B004AB53F8042B0193FFF739FA03B0FC
:101820005DF804EB02B070470EB410B583B005ABA1
:10183000064C53F8042B019301462068FFF728FA61
:1018400003B0BDE8104003B0704700BF6016002031
:10185000F0B5264C256883B006460F4605B36C6884
:101860001F2C3FDCA6B1D5F8880048B3D0F8001192
:1018700040F824204FF0010C0CFA04FC00EB840229
:101880004CEA0101022EC0F80011C2F8803010D0DD
:10189000A31C01346C6045F82370002003B0F0BD38
:1018A00013481449216010B10068C1F88800114D37
:1018B000D5E7D0F8043143EA0C03C0F80431E7E778
:1018C0000D49CDE9002369B14FF48470FFF78EFF15
:1018D00040B10021C0E94011DDE900236C68C5F882
:1018E0008800C5E74FF0FF30D8E700BF68E400206C
:1018F00000000000C0E30020ED1702000048704720
:10190000C816002070B50C46084D03460026204638
:1019100011461C462E60E6F781FF431C00D070BDC7
:101920002B68002BFBD0236070BD00BF4817002040
:1019300038B50C46084D8446114620461A46002309
:101940002B606446E6F779FF431C00D038BD2B6856
:10195000002BFBD0236038BD481700202DE9F0474D
:101960000446FFF7CBFF40F2B1739C4240F3A680E0
:101970006FF4F6675A4A446004EB070C40F26D15A9
:10198000A4F26D73A4F2B2714FEAAC0C05FB01CC6A
:1019900082FB0351DB17A3EB61136FF4C86E9C4409
:1019A00004EB0E03A2FB03234E4D0CEBD31C0246AB
:1019B00000F1500E117A53694A291CD0442939D1BB
:1019C00063449169976ACE17C3FB0516C91946EBA4
:1019D000E776C2E9081628329645EBD1046A816C95
:1019E000436AC26C8C429341B4BF0123002303605D
:1019F0000120BDE8F087A6070CEB03010ED13A4F9A
:101A00003A4E07FB046607F18047013FB7EBB60F7C
:101A100004D23B2BC8BF01314B1ED2E7324F334EAD
:101A200007FB0466324FB7EB361FF5D33B2BC8BF1D
:101A30000131F1E7A10744D0294E86FB0416E117D6
:101A4000C1EBE6114FF4C87606FB114100290CBF2B
:101A50004FF030084FF0000826498844D16801292A
:101A60003CDD4FEA810AAAF10809C144A8F104014A
:101A7000664651F8047F89453E44FAD1AAF1040133
:101A800088441D4F311D87FB01798944CF17C7EB6F
:101A9000A907C7EBC707C91B591A1369D8F8007003
:101AA00003F1FF3348BF0731C3EBC3030B44BB4211
:101AB00002DB073BBB42FCDA334482E70020BDE88F
:101AC000F087094E094906FB041106F18046013EE4
:101AD000B6EBB10FB0D24FF03008BDE76646D0E7A5
:101AE0001F85EB5180510100295C8FC250B81E0543
:101AF0000AD7A30004D302009324499238B50C46B8
:101B0000084D8446114620461A4600232B60644641
:101B1000ECF7E2FB431C00D038BD2B68002BFBD058
:101B2000236038BD481700202DE9F04F8FB00546DF
:101B3000FFF7E4FEC1490446284600F045FB804615
:101B4000002800F01D81BE4E316829B1FDF7E8FD87
:101B5000002800F03B8131680846FFF74FFE404601
:101B6000FCF70EFE411C2846FCF7D6FF306010B192
:101B70004146FCF7F1F9B34EB34FB44D0023C4E92D
:101B80000333C4E90533C4E90D33C4E90F333360CB
:101B90003B60A3622365AE4BC5E900334A23237241
:101BA00084F8303000220023C4E90823C4E912235A
:101BB00098F800303A2B04BF98F8013008F101087A
:101BC0003C2B00F006810DF1300BA24AA2495B4686
:101BD000404600F0FFF9002840F3F8800C98C21E40
:101BE000072A00F2F38018F800202D2A08EB0009DC
:101BF00000F006812B2A08BF09F101094FF0010806
:101C00000AAB002202930DF126030093ADF82620C3
:101C1000ADF828209149CDF80CB0CDF804B05B4662
:101C200009AA484600F0D6F9002840F3CF80BDF855
:101C300026200C98C2EB0211BDF8282002EB81028D
:101C4000BDF824104FF4616C0CFB012208FB02F379
:101C500019F8002005933C2A814400F005817D4B52
:101C60007D490C331A46069348465B4600F0B2F9AC
:101C7000002840F315810C9AD11E072900F2A68096
:101C800019F802102D2909EB020800F0BE802B295B
:101C900008BF08F101084FF001090AAB0022CDE9A5
:101CA00001B30DF126030093ADF82420ADF82620F2
:101CB000ADF828200C926949CDF80CB05B4609AA12
:101CC000404600F087F9002840F3FE80BDF826204A
:101CD000C2EB0211BDF8282002EB8102BDF82410EE
:101CE0004FF4616000FB012209FB02F20C9907929C
:101CF00000238844A246049398F80090B9F12C0F71
:101D000004BF98F8019008F10108B9F14D0F00F0F7
:101D1000DF80B9F14A0F08BF08F101084FF00A024D
:101D20000DA9404618BF4FF04409FFF7A5FA0D9BD7
:101D3000ADF82E00434500F0BA8080B28AF80890D2
:101D4000CAF8140098464FF000094FF00203ADF8AE
:101D50002430ADF82690ADF82890CDF8309098F862
:101D600000302F2B00F0E1804FF4E153CAF8183017
:101D7000049B0AF1280A002B4CD101230493BBE7F2
:101D8000324A37492F482E4DC0F800804A23C2E915
:101D9000001100200021237284F830302A4BC4F84F
:101DA0002880C4E90801C4E91201C4E90388C4E930
:101DB0000588C4E90D88C4E90F882868C4F85080F4
:101DC000C3F80080FFF71AFDC5F800800FB0BDE82A
:101DD000F08F08F101090DF1300B1E4A21495B46D5
:101DE000484600F0F7F80028F0DD0C98C21E072ADC
:101DF000ECD819F800203E2AE8D108F10208F2E6F2
:101E000009F101094FF0FF38FAE608F101084FF037
:101E1000FF3942E7059B079AA3620E4B22652B60B0
:101E20006068069B6B60FFF799FDA26A236D3260C4
:101E30009B1A18BF01233B60C8E700BF80D0020097
:101E40004CE40020B8E30020BCE30020BC160020D6
:101E5000F0CE020050E4002098D00200A8D002008A
:101E600024CF020084D00200504B51490C3309F1B9
:101E7000010A1A46069350465B4600F0ABF800286C
:101E80000ADD0C9AD11E0729A0D81AF802103E29A3
:101E90009CD109F10209F3E699F801203E2AF0D11C
:101EA000424BC5E90033059BA36233608EE7049A79
:101EB000002A5BD04D2284F830200B210122C4E996
:101EC0000D120022E2633DE7059BA3F561620DE779
:101ED0000DF12E0302930BAB00933649CDF80CB0F5
:101EE000CDF804B05B460DF12A02404600F072F8CE
:101EF00003287FF46BAFBDF82A305A1E0B2A3FF639
:101F000065AFBDF82C20511E04293FF65FAFBDF828
:101F10002E1006293FF65AAFCAE903328AF8089014
:101F2000CAF814100C9B98440DE70AABCDE901B335
:101F30000DF1260300932049CDF80CB05B4609AAA9
:101F4000404600F047F8484518DDBDF826300C99AA
:101F5000C3EB0312BDF8283003EB8203BDF8242045
:101F600088444FF4616101FB0233FFE662614D2258
:101F7000227203200222C4E90302E3E64A2300207E
:101F80000021C4E90801C4E91201C4E90399C4E9C4
:101F90000599C4E90D99C4E90F992372C4F82890F2
:101FA00084F83030C4F8509010E700BF50E40020AF
:101FB00084D00200BCD00200D0D0020010B504468C
:101FC000FFF7FAFB2046FFF7AFFDBDE81040FFF733
:101FD000F5BB00BF0EB470B59DB021AC00254FF429
:101FE000017254F8046BADF814201B950290069012
:101FF000FCF7C6FB0B4B0B930B4B03904FF6FF719B
:102000000790ADF8161018680F953246234602A9BE
:102010001495019400F03EF91DB0BDE8704003B086
:10202000704700BFA9100200601600200CB4F0B584
:102030009DB022AC00254FF401730646084654F8C3
:10204000047BADF81430029106911B95FCF798FBC8
:102050000346039307930A4B0B934FF6FF73ADF8B8
:1020600016303A463046234602A90F95149501943E
:1020700000F010F91DB0BDE8F04002B0704700BF9D
:10208000A91002002DE9F04FDFF8B890D9F80060F0
:1020900083B0002E34D0884601907568D6F88870D9
:1020A0006C1E2DD4013506EB850507F1800BB8F1C8
:1020B000000F28D173682A68013BA34216BF002392
:1020C00074602B60BAB1D6F804A06FB3D7F80011D2
:1020D0000123A3400B4227D0D7F8040157F824105E
:1020E00003422BD1019890477368D9F800205345DB
:1020F00020D1B2421ED1013C631CA5F10405D6D10A
:1021000003B0BDE8F08F57B15BF824304345D1D020
:10211000013C621CA5F10405F2D0002FF4D1013C72
:10212000EED3013CFBD2EBE790477368D9F800206F
:102130005345DED0002AE3D01646AEE70846904766
:10214000D2E700BF68E400202DE9F047DFF8749083
:1021500007460E46904600F03FF8D9F800504DB1C2
:1021600033781C466BB1344602E014F8013F3BB1B2
:102170003D2BFAD1384600F031F80020BDE8F08759
:10218000A41B28680028F5D022463146FDF7F0F957
:1021900028B92868035D3D2B00EB040A04D055F8EC
:1021A000040F0028F0D1E5E7D9F80030EB1A9B10B6
:1021B0003846C8F8003000F011F80AF10100BDE817
:1021C000F08700BFB811002000B583B001AAFFF767
:1021D000BBFF03B05DF804FB704700BF704700BF52
:1021E00038B54B1C1AD09389144623F0200352684B
:1021F000A381636BCDB2A3B1A36B934209DD2368C6
:102200005A1E226003F8015C63680133636028464C
:1022100038BD214600F086FC0028F0D04FF0FF3595
:10222000F5E7236921682BB18B4203D211F8013CF9
:10223000AB420ED02346C4E90F1204F1440003223E
:102240006063A26303F8465F0122C4E900322846B6
:1022500038BD01390132C4E90012D8E710B50C4687
:10226000496B69B104F14403994201D0FCF7D4FCF5
:10227000236C63600020606313B1E36B236010BDC7
:10228000A2892369002142F020026160A2814FF0FF
:10229000FF30F3E72DE9F047ADF5247D92F800908B
:1022A00001930023CDE94533864BA1930DF1080836
:1022B000854BA293CDF81C81B9F1000F14D0834F48
:1022C00017F80930924613F0080306460C460AF147
:1022D00001052ED1B9F1250F45D06368002B08DD2B
:1022E00023681A784A450FD045980DF5247DBDE83E
:1022F000F087A29B214630469847002840F00B818A
:1023000023681A784A45EFD1013323606368013BA3
:102310006360469B0133AA4646939AF80090B9F150
:10232000000FE1D017F8093013F008030AF1010596
:10233000D0D062680DE023681A78BA5C110703F107
:1023400001030ED562684699013AC4E900320131B1
:102350004691002A21463046EDDCA29B9847002892
:10236000E9D0AA46D9E7449342939AF801102A2962
:1023700005D1102342939AF802100AF10205A1F147
:102380003003092B0DD8002303EB830301EB43013A
:10239000A1F13003449315F8011FA1F13002092A7D
:1023A000F2D9DFF82CA103225046FCF739FD38B1F1
:1023B000429AA0EB0A000123834013430135429364
:1023C000AA461AF8013B782B00F28480DFE813F06C
:1023D000A9008200820082008200820082008200C6
:1023E00082008200820082008200820082008200DD
:1023F00082008200820082008200820082008200CD
:1024000082008200820082008200820082008200BC
:10241000820082008200820082001101820082001C
:10242000820082008200820082008200820082009C
:10243000820082008200820082008200820082008C
:10244000820082008200820082008200820082007C
:1024500082008200820082008200C700C700C7009D
:10246000820082008200820082008200820082005C
:10247000820082008200820082008200820082004C
:10248000CA0082008200FC0082008200820082007A
:102490008200820082000701DE00C700C700C7007B
:1024A00082000E018200820082008200E000EE00C5
:1024B000F20082008200F9008200DE0082008200C9
:1024C000CA0000BFE12102005D22020005D1020026
:1024D000D8CD0200032348930A2343936368002B5B
:1024E0004DDD429B580624D5489B022B40F3838048
:1024F000042B40F38780474B002B3FF40EAF01AB1A
:10250000224642A93046AFF3008001283FF4ECAEEA
:1025100002287FF402AF459818B1A3895B067FF5C6
:10252000E4AE4FF0FF30E0E6A29B3046984700282B
:10253000F1D122681378FB5C1907D5D563684699F9
:10254000013B481C002B21464690636002F10102CA
:10255000EADD22601378FB5C1907C5D5EEE7052399
:102560004893BBE7429A42F40072429210226E2BCB
:1025700043921DD8032348936368002BB1DCA29BD0
:102580002146304698470028ABD0C4E70A22EEE740
:10259000429BDA063FF5C1AE019A4699101D0190A3
:1025A000DB0713684CBF19801960B6E60823439314
:1025B0000423E0E7429B43F40873429310234393C0
:1025C000F6E70223489389E75146404600F05EFA59
:1025D000429B43F04003429382460123CBE7429B58
:1025E00043F0400342930023489377E7002343934B
:1025F000C0E7554671E601AB224642A9304600F0DD
:102600000BF882E701AB224642A9304600F06CF895
:102610007BE700BF000000002DE9F8430D4614469B
:10262000AA68896907462AB9002914BF4FF0FF320A
:102630000122AA602A68D00603D41A68101D186007
:102640001668DFF8A0804FF0000901B3012937D0E8
:1026500002293BD123681A7818F80220120735D4D2
:102660002A68D10609F1010903D41B7806F8013B59
:1026700023686168AA6801390133013AC4E900316D
:10268000AA606AB1002904DDA9690029DED12368A6
:10269000E6E7D5F880312146384698470028F3D040
:1026A0002B6813F0100305D1EA680132EA60AA69C9
:1026B00002B133702B694B4400202B61BDE8F883D5
:1026C00023686A691878125C002AC9D1B9F1000F31
:1026D000E6D101290846F1D02B6813F01003E9D1A7
:1026E000E2E700BF05D102002DE9F04F87B00C46AC
:1026F000074615468648874A00938B688969864E47
:10270000032908BF1046019096E8070003F1FF3C3B
:102710000DF10C0ABCF5AE7F8AE8070040F2B080EC
:102720006FF4AE7103EB010940F25D13A360A046A4
:102730004FF0000B58F81C2B42F4506222604646C2
:102740002B68DAF8000019780222FCF769FB50B315
:10275000BBF1010F0CD0BBF1020F00F0B280A368F7
:102760005A1EA260A3B94FF0010B0AF1040AE7E771
:10277000D4E900321AB9082243F40073626023F4EA
:10278000A0632360A3685A1EA260002B00F08A8019
:102790002B685A1C2A601B7806F8013B6B68013BCA
:1027A000002B6B6073DD0BF1010BBBF1030FDCD170
:1027B0006168002967D0C1F11001584B6069194464
:1027C00000F064F9A368002B00F09F804FF0000A2E
:1027D00006E02B6801332B60A368013BA36003B3C1
:1027E000D5F800E062699EF800C012F80C1022686B
:1027F0003046B9B1BCF1300F22F4106155D02160E0
:102800009EF8003000F8013B06466B68013B002B48
:10281000294638466B60DCDCD4F8803198470028C4
:10282000DAD02268D1050CD5464507D916F8011C27
:10283000D4F87C312A463846013E9847464562D056
:10284000226812F0100211D132706368019D38467F
:102850004146A84723689A0646D500990B681A1D79
:102860000A601B681860E3680133E3602369A6EB24
:102870000806564433442361002007B0BDE8F08FBA
:102880004FF0000953E70A236360062195E7D4F867
:102890008031294638469847002884D022684FF076
:1028A000000ABFE74FF0020B5FE71205A7D501331F
:1028B0000AF1010AB9F1000FA7D0A36009F1FF39AD
:1028C000A3E7236803F4C062B2F5007F7FF470AF22
:1028D00043F480732360A368102262605A1EA260D2
:1028E000002B3FF465AF53E7009D2A68DF0702F134
:1028F000040103D5296013681880B4E7009B1960B0
:1029000013681860AFE70120B7E79A4689E700BF70
:102910005D120200592A020064D30200E4D00200D2
:10292000242B2DE9F84F43D8012B41D0804649484C
:102930001F468E4675461EF801BB10F80B4014F07A
:102940000804F7D1BBF12D0F6FD0BBF12B0F08BFDF
:102950009EF800B06FF0004908BF05F1020E73BB8E
:10296000BBF1300F4BD00A273B460025B9FBF7F6E9
:10297000284607FB169A05E03AD007FB00C0012560
:102980001EF801BBABF1300CBCF1090F06D9ABF15D
:10299000410CBCF1190F19D8ABF1370C63451EDDA2
:1029A000B5F1FF3FECD08642E6D24FF0FF35E7E7C6
:1029B000FCF778F8162303600020BDE8F88F102B91
:1029C000D3D1BBF1300F23D01F46CEE7ABF1610C62
:1029D000BCF1190F03D8ABF1570C6345E0DC6B1C5D
:1029E0002BD054B9002AE8D085BB1160BDE8F88F20
:1029F000E245C2DA4FF0FF35C2E74042F2E79EF807
:102A0000003003F0DF03582B08D008273B46ACE723
:102A10009EF8000000F0DF005828D5D110279EF85E
:102A200001B03B460EF1020E9FE79EF800B04FF05A
:102A3000004905F1020E012491E72223C8F8003075
:102A400032B10EF1FF3148461160CFE78146F8E719
:102A50004846B2E705D1020062E700BF10B4044C5B
:102A60008446134620685DF8044B0A46614657E7E2
:102A70006016002010B4044C8446134620685DF8AC
:102A8000044B0A4661464BE76016002070B50C788F
:102A90005E2C864624D00023481C9C46002263F30B
:102AA000070263F30F2263F3174263F31F620EF50D
:102AB0008071734643F8042B8B42FBD174B18CF0C8
:102AC00001010EF80410451C15F8013C2D2B0ED009
:102AD0005D2B0AD01BB11C462846F2E7013870BDB9
:102AE00001234C78881C9C46D8E7284670BD90F896
:102AF00001C0BCF15D0FEED06445ECDC661C023019
:102B00000EEB060202F8011BA2EB0E03013B9C45F3
:102B1000F8DCACEB0403013B6445A8BF002302359D
:102B2000F418D1E701F144032DE9F0410C46496B5B
:102B3000994214D0A66B77003A46FCF70FFB054686
:102B400030B300EB0608014632464046FCF71AFA5D
:102B5000C4E90D57C4F800800020BDE8F0814FF4AF
:102B60008061FBF7D9FF98B194F846304FF480624A
:102B7000C4E90D0280F8FF3394F8453080F8FE3345
:102B800094F8442080F8FD2300F2FD332360E3E74E
:102B90004FF0FF30E1E700BF70B54C1C2BD00E4664
:102BA0000546144610B1036A002B4CD0B4F90C3022
:102BB00023F020025807A28106D4D9061BD51B0793
:102BC00034D442F00402A281626B6368F6B2AAB107
:102BD000A26B9A4209DD23685A1E226003F8016C39
:102BE000636801336360304670BD21462846FFF7B5
:102BF00099FF0028EFD04FF0FF36F4E722692168F3
:102C00002AB18A4203D211F8012CB2421ED02246C8
:102C1000C4E90F1304F1440003236063A36302F8C3
:102C2000466F0123C4E90023304670BD2146284683
:102C3000FBF7F6FE0028DED1B4F90C20A06022F0EC
:102C40000802A061BDE7FBF747FDAFE7013901339B
:102C5000C4E90013C7E700BF10B4044C03460A469A
:102C600020685DF8044B1946FFF796BF60160020F8
:102C700038B52DED028BB0EE418AF0EE618A55EC4D
:102C8000104B00F045F830B9B0EE480AF0EE680A93
:102C9000BDEC028B38BDB0EE480AF0EE680A00F0D9
:102CA00037F838B153EC182B20462946FAF70CF8C0
:102CB0000028E9D0BDEC028B45EC104B38BD00BFBD
:102CC00038B52DED028BB0EE418AF0EE618A55ECFD
:102CD000104B00F01DF830B9B0EE480AF0EE680A6B
:102CE000BDEC028B38BDB0EE480AF0EE680A00F089
:102CF0000FF838B153EC182B20462946FAF702F8A2
:102D00000028E9D0BDEC028B45EC104B38BD00BF6C
:102D100053EC102B002B10460BD0B3F1004F08D012
:102D2000104923F00042A2F5801C8C4506D80420EF
:102D3000704700280CBF022003207047B3F5801FA6
:102D40000DD303F10043B3F5801F08D3064B9A421D
:102D500001D000207047B0FA80F04009704703208E
:102D6000704700BFFFFFDF7F0000F07F08B52DED4B
:102D7000028BB0EE408A00F02FF8B4EE488AF1EEF4
:102D800010FA0FD6B5EEC08AF1EE10FA0AD8B5EEF9
:102D9000408AF1EE10FA08D1FBF784FE22239FED62
:102DA000090A0360BDEC028B08BDFBF77BFEBDEC9E
:102DB000028B034621221A600348BDE8084000F058
:102DC00005B800BF000080FFF0CE02009FED010AB1
:102DD000704700BF0000C07F08B510EE103A33F016
:102DE00000422DED028B2CD0002B1A4632DBB3F1C2
:102DF000FF4F41DAB3F5000F35DB0021D3157F3BE0
:102E00000B44D90FC1F17F0103EBD373C2F3160258
:102E100007EE903A42EAC15200EE102AB8EEE78A75
:102E200000F03CF8DFED177A9FED177A20EE270AC5
:102E3000DFED167AA8EE070AA8EE270ABDEC028B92
:102E400008BDBDEC028B9FED127ADFED127A87EEA2
:102E5000270A08BDBDEC028B70EE407A9FED0D7A1B
:102E600087EE870A08BDDFED0C7A60EE277A6FF0F7
:102E7000180117EE902AC1E7BDEC028B30EE000A74
:102E800008BD00BFD95BDE3EDB27543580209A3E6B
:102E9000000000CC000000000000004C10EE102AE2
:102EA00032F000432FD0002A134633DBB2F1FF4F3C
:102EB00040DAB2F5000F34DB4FF0000C6448C3F386
:102EC0001601084400F4000282F07E520A43DB152A
:102ED00000EE102A7F3B5F4A634401F10F0CF7EECE
:102EE000007A0CEA020230EE670A03EBD05322BBF1
:102EF000B5EE400AF1EE10FA62D1002B40F090805E
:102F00009FED550A70479FED557ADFED537A87EEB6
:102F1000270A704770EE407A9FED4F7A87EE870A56
:102F20007047DFED4F7A60EE277A6FF0180C17EEDE
:102F3000903AC3E730EE000A7047F0EE007A70EE88
:102F4000277A07EE103A80EE274A4648C1F5571215
:102F5000084402F522720243002A9FED433ADFED56
:102F6000434ADFED435ADFED433A9FED435ADFED2D
:102F7000437ADFED436A24EE046AF8EEC72A26EEB0
:102F8000067AE7EE034AA7EE235AE4EE875AE5EE07
:102F9000076AE5EE877A67EE867AE6EE877A2ADDBB
:102FA000B6EE007A20EE077A27EE007A77EE877A7F
:102FB00067EE847A3BBB37EE677A30EE470A70479C
:102FC0009FED307AF6EE007AE0EE477A20EE007A56
:102FD00027EE277A002BF0D007EE903A9FED2A6A71
:102FE000DFED2A6AF8EEE77AA7EEC67A37EE400AF6
:102FF00097EEA60A704770EE677A67EE847AE3B9B7
:1030000030EE670A70479FED206ADFED206AE2EE3E
:10301000867A37EE677A37EE400A92EEA60A704754
:1030200007EE903A9FED180A9FED187AF8EEE77ACE
:1030300027EE800AA7EE870A7047DFED136A9FED3F
:10304000137AE2EEE67A37EEC00A92EE870A70470C
:1030500020FB4A00F0FF7F0000000000000000CCD1
:103060000000004C305CCFFF9788173E25333A3E76
:103070002549923E4FD01C3E298E633EABAA2A3F83
:10308000CDCCCC3EABAAAA3ED1F717378071313FE9
:10309000044A05491368002B08BF0B46184410600A
:1030A000184670476CE4002070E40020FEE700BF83
:1030B000F8B500BFF8BC08BC9E467047F8B500BF25
:1030C000F8BC08BC9E467047556E2D6578706563E8
:1030D00074656420696E74657272757074732E0005
:1030E0004641543332202020002A2B2C3A3B3C3DD1
:1030F0003E5B5D7C223F7F0049444C4500546D722D
:103100005100546D7220537663005465726D696E80
:10311000616C00284E554C4C29003B003B23003D80
:103120003A00457863656564696E67206469737009
:103130006C617920626F756E6461726965730D00F0
:103140005061696E745F44726177506F696E74206C
:10315000496E707574206578636565647320746862
:1031600065206E6F726D616C20646973706C61793B
:103170002072616E67650D0058706F696E74203D36
:10318000202564202C205061696E742E5769647468
:1031900068203D20256420200D0A200059706F69A9
:1031A0006E74203D202564202C205061696E742EA1
:1031B000486569676874203D20256420200D0A2039
:1031C000005061696E745F447261774C696E65206E
:1031D000496E7075742065786365656473207468E2
:1031E00065206E6F726D616C20646973706C6179BB
:1031F0002072616E67650D005061696E745F447284
:1032000061774368617220496E70757420657863D8
:103210006565647320746865206E6F726D616C20E3
:10322000646973706C61792072616E67650D00501E
:1032300061696E745F44726177537472696E675F1F
:10324000454E20496E7075742065786365656473BA
:1032500020746865206E6F726D616C206469737094
:103260006C61792072616E67650D0025732025649D
:103270003A20415353455254204641494C45440D50
:103280000A0020205761726E696E6720657870654C
:1032900063742053435349205374617475732062DF
:1032A000757420726563656976656420756E6B6EF2
:1032B0006F776E20646174610D005F757362645F87
:1032C0007164656600534F433A2066756C6C2064E8
:1032D0006574656374656400534F433A20656D708F
:1032E000747920646574656374656400533F3F3F7F
:1032F00000534F433A202573202D3E20257300496B
:10330000646C650053656E642049443A2530335837
:1033100020446174615B25735D20646F6E650045B8
:1033200058540053544400253032582000526561EF
:10333000642049443D256C582C20547970653D2506
:10334000732C20444C433D25642C446174613D5BE7
:1033500025735D0025303258202530325820253025
:10336000325820253032582025303258202530322E
:1033700058202530325820253032580043454C4CD7
:103380002564005041434B256400536574205478F4
:10339000204D7367204F626A656374206661696CB3
:1033A0006564005472616E736D697420446F6E655C
:1033B0002120436865636B207468652072656365CE
:1033C00069766520686F73742072656365697665D8
:1033D00064206461746100536574205278204D73D9
:1033E00067204F626A656374206661696C6564007A
:1033F00043414E20756E6B6E6F776E20696E7465FB
:10340000726E616C206D65737361676520696420FD
:103410003D2025780063616E0043746C20746963FD
:103420006B0048454152544245415420256C753A41
:10343000207469636B3D256C750D0A004368616EED
:1034400067696E6720286469736368617267657C69
:1034500063686172676529207369676E616C3A20E1
:1034600028256429203D3E202825642900466175D1
:103470006C742068616E646C65723A206572726F5C
:10348000727320636C65617265642C2063616E6386
:10349000656C6C696E672073687574646F776E20F5
:1034A00074696D6572005472696767657220656D35
:1034B000657267656E6379207377697463682C2021
:1034C00064756520746F2070726576696F757320FE
:1034D0006572726F72004661756C742068616E640B
:1034E0006C65723A206572726F7220626974733D06
:1034F00030782530386C782C207374617274696E62
:10350000672073687574646F776E2074696D657277
:10351000004661756C742068616E646C657220721F
:10352000657175657374696E672073687574646F0F
:10353000776E206E6F7720286572722062697473CF
:103540003D30782530386C782C20656C617073655F
:10355000643D256C757329004D61696E2073776930
:103560007463682072657175657374732073687510
:1035700074646F776E2028656C61707365642025B4
:103580006C757320776974686F7574206572726FDB
:103590007273290053687574646F776E48616E6446
:1035A0006C696E673A2073687574646F776E207209
:1035B00065717565737465642028736F75726365D2
:1035C0002070656E64696E67290053687574646F56
:1035D000776E48616E646C696E673A20666F7263DD
:1035E000696E6720706F776572206F66662F7265EF
:1035F00073657420616674657220256C7573005361
:10360000687574646F776E48616E646C696E673A52
:1036100020706F776572206F6666206661696C65E1
:10362000642C2069737375696E67205359535F5218
:103630006573657443686970282900736574006355
:103640006C65617265640053746F7020737461748B
:1036500065202573202573004645545F53544F5011
:103660005F4348415247455F43555252454E545F70
:1036700048494748004645545F53544F505F4449BA
:10368000534348415247455F43555252454E545F5C
:1036900048494748004645545F53544F505F44499A
:1036A000534348415247455F43454C4C5F4C4F574D
:1036B000004645545F53544F505F4449534348417B
:1036C0005247455F43454C4C5F434F4C4400464591
:1036D000545F53544F505F44495343484152474508
:1036E0005F43454C4C5F484F54004645545F53542C
:1036F0004F505F5043425F484F54004645545F531C
:10370000544F505F4348415247455F43454C4C5FDF
:1037100048494748004645545F53544F505F43481B
:10372000415247455F43454C4C5F434F4C44004634
:1037300045545F53544F505F4348415247455F43A0
:10374000454C4C5F484F54004645545F53544F50CE
:103750005F485F4252494447455F434F4E4455439B
:1037600054495645004F7665722063757272656ED6
:1037700074207768696C6520257320666F72202538
:1037800064207365636F6E6473004F7665722063A7
:10379000757272656E74207768696C652025732E6A
:1037A0002046757365207472696767657265642069
:1037B000627920464554494F004645545F53544F63
:1037C000505F4348415247455F43454C4C5F4C4F27
:1037D00057004645545F53544F505F444953434844
:1037E000415247455F43454C4C5F48494748004379
:1037F0006F6D6D756E69636174696F6E206572724D
:103800006F7220776974682062616C616E636572A3
:1038100020256400436F6D6D756E69636174696F17
:103820006E206572726F7220776974682070726999
:103830006D61727920726F7574657200436F6D6D82
:10384000756E69636174696F6E206572726F722044
:1038500077697468207365636F6E64617279207232
:103860006F7574657200436F6D6D756E6963617419
:10387000696F6E206572726F722077697468207349
:10388000656E736F7200436F6D6D756E6963617401
:10389000696F6E206572726F722077697468206D2F
:1038A00061696E626F6172640064697363686172FA
:1038B00067696E67006F6666202D3E206F6E006F31
:1038C0006E202D3E206F6666004D61696E20737715
:1038D00069746368206368616E6765202573004FB3
:1038E0004E004F4646004368616E67652052656C26
:1038F0006179207369676E616C3A202825732920ED
:103900003D3E2028257329005363686564756C6506
:103910002052656C6179204F4E2C206475652074AF
:103920006F204469732F436861726765207369670C
:103930006E616C20656E61626C65640044656C61EB
:1039400079696E672052656C6179206368616E6782
:103950006520666F722025647300534F433A20251B
:10396000642070657263656E7400534F433A20762D
:103970005F6D696E3D25646D5620765F6176673DAB
:1039800025646D5620765F6D61783D25646D560027
:10399000534F433A20696F5F6368617267653D25E5
:1039A0006420696F5F6469736368617267653D2550
:1039B0006400534F433A2052657365742063616C11
:1039C00063756C6174696F6E2C20746F6F206D75F8
:1039D00063682074696D6520706173736564202865
:1039E000256C752900534F433A206163635F743D32
:1039F000256C756D73206163635F633D25646D4164
:103A000073203D3E206D65616E5F693D25646D41AB
:103A100000573130204F7665722054656D706572A5
:103A20006174757265204368617267696E670057DB
:103A30003131204C6F772054656D706572617475FB
:103A40007265204368617267696E67005731322082
:103A50004F7665722054656D70657261747572651C
:103A6000204469736368617267696E670057313318
:103A7000204C6F772054656D706572617475726546
:103A8000204469736368617267696E6700573134F7
:103A9000204F7665722054656D7065726174757221
:103AA0006520456C656374726F6E6963730057328D
:103AB000302043656C6C732044697363686172677E
:103AC000656400453231204E656564205365727629
:103AD000696365204F4450005732322043656C6C57
:103AE00073204368617267656400453233204E6518
:103AF00065642053657276696365204F43500057B3
:103B000033302053686F72742D5465726D204F43AB
:103B100050204368617267696E6700453331204FFA
:103B20004350204368617267696E670057333220E3
:103B300053686F72742D5465726D204F435020444A
:103B400069736368617267696E6700453333204F3C
:103B50004350204469736368617267696E6700450A
:103B60003430204E65656420536572766963652044
:103B70004675736500453431204E65656420536594
:103B8000727669636520456C656300573432204E58
:103B90006565642053657276696365202D20534402
:103BA0002D43617264206661756C74790043616CA9
:103BB0006962726174696F6E206661696C65643AEE
:103BC0002064697669736F7220746F6F20736D6102
:103BD0006C6C2028252E3666292C20636865636B63
:103BE0002063616C6962726174696F6E20706F69C5
:103BF0006E74730043616C6962726174696F6E20E8
:103C000070726F6475636564206E6F6E2D66696E89
:103C100069746520726573756C743A206D3D252E4C
:103C2000366620623D252E36660043616C696272FD
:103C30006174696F6E204F4B3A2078313D256420C6
:103C400078323D25642078333D256420E286922039
:103C50006D3D252E366620623D252E3266004E6F64
:103C60006E650045504420666F756E643A2025737A
:103C7000004744323954393400474432395A3934D0
:103C800000467755706461746543746C2065766591
:103C90006E743D256400496E7465726E616C2045DA
:103CA00072726F7200696E7465726E616C2E6572ED
:103CB0007200252E3136732D67252E313673004163
:103CC00044433A20252D3573203D3E2025642E2582
:103CD000302A640041494E3A204661696C6564208F
:103CE000746F206F70656E20454144432564202821
:103CF0004572726F723D2564290048575F524556E0
:103D000000545F6368697000565F626700565F62C7
:103D10006174004144433A20697372206D69737382
:103D2000656420746F2073656E6420636E743D2536
:103D30006C750061696E0044454255473A204673F0
:103D40004C6F675632496E6974486F6F6B207265AD
:103D50007475726E656420737563636573736675DD
:103D60006C6C790D0046533A205632206C6F6767B1
:103D7000696E672073797374656D20696E69746903
:103D8000616C697A6564207769746820746872650B
:103D90006164207361666574790044454255473A11
:103DA000205631206C6F6767696E67206E6F7420D4
:103DB000636F6D70696C656420696E0D0046533ADF
:103DC000205632206C6F6767696E67207379737451
:103DD000656D20696E697469616C697A65642077C4
:103DE00069746820746872656164207361666574C3
:103DF00079202856312066616C6C6261636B290002
:103E0000286E756C6C290025733A20257300455285
:103E1000524F523A204D656D6F727920616C6C6F14
:103E2000636174696F6E206661696C656420666F9A
:103E300072206465627567206C6F67004552524F4F
:103E4000523A204D656D6F727920616C6C6F6361C1
:103E500074696F6E206661696C656420666F72209C
:103E6000637573746F6D6572206C6F670025592ED2
:103E7000256D2E25642D25483A254D3A25532E30A3
:103E8000303000253033750025733A2025730D0A34
:103E90000025592E256D2E25642D25483A254D3AAD
:103EA00025530025733A20004552524F523A204D77
:103EB000656D6F727920616C6C6F636174696F6E90
:103EC000206661696C656420666F72206C6F672084
:103ED0006D657373616765004552524F523A204CCD
:103EE0006F675632207175657565206F76657266ED
:103EF0006C6F77202D2064726F7070696E67206C14
:103F00006F6700256C6C642E2530336C64000D0ADD
:103F10003D3D3D205345474745522052545420498A
:103F20006E697469616C697A6564203D3D3D0D0A76
:103F3000004C6F675632496E6974202D20496E69B6
:103F40007469616C697A6174696F6E2073756363FB
:103F500065737366756C20287072652D7363686570
:103F600064756C6572206D6F6465290D004C6F6718
:103F70005632496E6974202D20496E697469616CEE
:103F8000697A6174696F6E207375636365737366B4
:103F9000756C20287072652D7363686564756C6537
:103FA00072206D6F6465290D0A004552524F523AD6
:103FB000204C6F6756325363686564756C65725345
:103FC000746172746564202D204661696C6564209B
:103FD000746F2063726561746520525454206D754E
:103FE000746578004552524F523A204C6F675632F2
:103FF0005363686564756C6572537461727465644B
:10400000202D204661696C656420746F20637265A1
:10401000617465207175657565006C6F67676572A1
:104020007632004552524F523A204C6F6756325307
:1040300063686564756C657253746172746564203D
:104040002D204661696C656420746F206372656120
:104050007465207461736B000A2121212048454159
:104060005020414C4C4F434154494F4E204641490A
:104070004C4544202121210A00467265652068656F
:1040800061703A2025752062797465732C20466131
:10409000696C656420636F756E743A2025640A004C
:1040A0000A4D414C4C4F43204641494C4544202841
:1040B0006672656520686561703A202575206279B1
:1040C000746573290A000A21212120535441434B6E
:1040D000204F564552464C4F5720696E20746173ED
:1040E0006B2027257327202121210A005461736B3F
:1040F0002068616E646C653A203078253038580A43
:10410000000A535441434B204F564552464C4F579B
:1041100020696E207461736B2025730A0052545419
:10412000206F6E6C696E650D0A0052455345542030
:1041300043415553453A205253545354533D3078DC
:104140002530386C580D0A00202D205761746368A3
:10415000646F672072657365740D00202D206E52A8
:10416000455345542070696E0D00202D20506F7707
:1041700065722D6F6E2072657365740D00202D20A1
:104180004C56522072657365740D00202D20424FED
:10419000442072657365740D00202D20537973746B
:1041A000656D2072657365742072657175657374D1
:1041B0000D00202D204350552072657365740D004D
:1041C000202D20435055206C6F636B2D757020722D
:1041D000657365740D00202D2057696E646F77201C
:1041E0007761746368646F672072657365742028F3
:1041F00057574454290D00454D5320415050202518
:10420000730A0053797374656D20737461727465F9
:1042100064007573625F6D61696E5F73746172745F
:10422000004D6F64627573496E69740041696E492F
:104230006E69740043616E496E69740043746C4921
:104240006E6974004C6F6756325363686564756CB1
:104250006572537461727465640044454255473A0F
:1042600020467265652068656170206265666F72C0
:1042700065207363686564756C65723A20257520E6
:1042800062797465730D0A0044454255473A2041EE
:10429000626F757420746F2073746172742073631D
:1042A000686564756C65720D0044454255473A2057
:1042B0005744542D3E43544C3D30782530386C588B
:1042C00020575744542D3E43544C3D3078253038C8
:1042D0006C580D0A005741524E3A2057574454200B
:1042E0007374696C6C20656E61626C6564206174C6
:1042F00020617070207374617274202843544C3DA7
:1043000030782530386C58290D0A004552524F52EA
:104310003A205363686564756C65722072657475C4
:10432000726E6564210D00493243207374617465B7
:1043300020307830302C20627573206572726F7275
:10434000206F63637572730D0A00493243207374E2
:1043500061746520307832302C20534C412B57202B
:104360007472616E736D69747465642C204E414380
:104370004B2072656365697665640D0A00493243B6
:1043800020737461746520307833302C204441549C
:1043900041207472616E736D69747465642C204E73
:1043A00041434B2072656365697665640D0A004977
:1043B000324320737461746520307833382C206167
:1043C00072626974726174696F6E206C6F73742CA1
:1043D0002073746F70207472616E736D69740D0A4E
:1043E0000049324320737461746520307834302C76
:1043F000206E6F7420696E207573650D0A00493256
:104400004320737461746520307834382C206E6FCB
:104410007420696E207573650D0A0049324320735C
:104420007461746520307835302C206E6F7420698B
:104430006E207573650D0A004932432073746174F0
:104440006520307835382C206E6F7420696E2075A9
:1044500073650D0A004932435F4552522030783669
:1044600030204C696E6B20776173206E6F74206909
:10447000646C653A2025780D0A0049324320737434
:1044800061746520307837382C20617262697472EB
:104490006174696F6E206C6F737420696E20534C69
:1044A000412B572F520D0A00493243207374617417
:1044B0006520307839302C206D6573736167652015
:1044C000746F6F206C6F6E670D0A00493243207362
:1044D0007461746520307839302C206D6F6462759A
:1044E00073206E6F7420696E20696E6469636174F5
:1044F000696F6E206F7220636F6E6669726D206DDA
:104500006F64650D0A004932432074696D656F75EB
:104510007420616674657220726563656976696E80
:10452000672061206D6F646275732D6672616D65C1
:104530002D3E2020627573206572726F7220736544
:10454000742C2052544F53207365656D732062752F
:1045500073790D0A004932432074696D656F757473
:104560002D3E2020627573206572726F7220736514
:10457000742C2052544F53207365656D73206275FF
:1045800073790D0A0049324320636C6F636B2025F9
:104590006C7520487A0A00493243004D6F64627599
:1045A000732074696D6564206F75742E20493243E1
:1045B0002043544C3A20256C780D0A00547279201F
:1045C000746F207265736574204932432043544CE4
:1045D0003A20256C780D0A004374726C56616C7534
:1045E00065735B38305D3A0D0A0020253034780061
:1045F00072656741646472206F76666C0D0A004DC7
:104600006F64627573496E69743A20696E69745F8C
:1046100062756666657273004D6F64627573496E8C
:1046200069743A20493243315F496E6974004D6FB5
:1046300064627573496E69743A206D6F6462757354
:104640005F696E6974004D6F64627573496E697459
:104650003A2052656769737465724D75746578495F
:104660006E6974004D6F64627573496E69743A20A7
:10467000667265652068656170206265666F726547
:10468000207461736B2063726561746520257520E9
:104690006279746573006D6F64627573207363680B
:1046A0006564756C65004D6F64627573496E6974FD
:1046B0003A2073686F775F6D696E695368656C6CDB
:1046C000005B25735D2077726F6E67206D7367499D
:1046D0006E6469636174696F6E4C656E677468209F
:1046E00025640D0A001B5B33383B353B3139366D91
:1046F00074696D656F757420636F6E66417761696B
:10470000743A5825750D0A0053544C312045727285
:104710002E2074696D656F7574207768696C6520EB
:10472000696E20636F6E6669726D0D001B5B3338B6
:104730003B353B3139366D2074696D656F75740D8D
:10474000004D6F6452656164436E660D0A004D6FE3
:10475000645265616452737020001B5B33383B35D3
:104760003B3139366D6572723A257820636D643A53
:10477000257820616464723A257820636E743A2546
:1047800075206279436E743A2575200D0A1B5B33E0
:10479000383B353B3231346D001B5B33383B353BA6
:1047A0003231346D4D6F6452656164496E64203CF2
:1047B0002D2D0D0A004D6F6457726974436E6600AB
:1047C00020437243206F6B00204372432065727256
:1047D000004D6F645772697465496E645B25645D52
:1047E00020002530347820004D6F64577269745270
:1047F0006573202D2D3E0D0A0073744C315F457298
:10480000726F72204932435F43544C3A256C7820D2
:104810000D0A00493243315F526573657428292CB3
:10482000206E6577207265674932435F43544C3A86
:10483000256C78200D0A0073744C315F4572726FDD
:10484000720D0A00506844617461527370202D2DFE
:104850003E20001B5B33383B353B3232306D5068B5
:1048600044617461436E66202D2D3E200D0A007355
:10487000697A654572720077726F6E6720704D734A
:104880006720435243202530347820213D202530B5
:104890003478202863616C63290D0A0052656164D5
:1048A000486F6C64206F76666C20726567436E7427
:1048B0005B25645D0D0A00506844617461496E6453
:1048C000203C2D2D20004352435F455252005B0097
:1048D00023232323204D656E756520232323230D79
:1048E0000A61202D3E204465627567204D6F646229
:1048F0007573200D0A62202D3E2044656275672085
:10490000496661636573200D0A63202D3E2044656E
:10491000627567204932430D0A6E202D3E204465A2
:104920006275672043414E206D65737361676573DF
:104930000D0A0053646352656164790046735573D0
:10494000657353640046734E6F74446F6E65005513
:1049500073625573657353640028756E6B6E6F7761
:104960006E290053646353687574646F776E0053E7
:10497000443A2063746C206576656E74203D202572
:10498000303258680053443A2063746C2073746169
:104990007465203D3E2025730053443A2046532041
:1049A000646F6E65202D2073687574646F776E2058
:1049B000636F6D706C65746500736463746C005331
:1049C00044303A20496E6974206661696C656420E0
:1049D0006572723D3078256C78005344303A20740B
:1049E0007970653D25752077697468202575207379
:1049F0006563746F7273206F6620256442203D3EAC
:104A00002025754D69420025733A203078253032D3
:104A10006C78202D3E2030782530326C780053445D
:104A2000303A2072656164206572723D3078256C81
:104A30007820256C7520256C75005344303A20771A
:104A400072697465206572723D3078256C78202516
:104A50006C7520256C7500534443543A20556E6B99
:104A60006E6F776E204F5020282564290073646391
:104A7000005B46535D2046735461736B20454E5472
:104A800052590D0046533A204361726420726561A9
:104A9000647900303A0046533A204661696C656497
:104AA00020746F206D6F756E74207364636172641F
:104AB00020286572723D2564290046533A204361DF
:104AC0007264206E6F742072656164790046533A97
:104AD00020756E68616E646C6564206964203D2099
:104AE0002564006673006D61785F66696C655F6E52
:104AF000756D62657200726F746174696F6E5F7359
:104B0000004346473A20756E6B6E6F776E20736573
:104B10006374696F6E28257329206F72206B657925
:104B200028257329002F6366672E696E6900434646
:104B3000473A206661696C656420616C6C6F6361E3
:104B400074652066696C652068616E646C650043FD
:104B500046473A206661696C656420746F206F7007
:104B6000656E206366672E696E69004346473A208A
:104B70006661696C656420746F2070617273652072
:104B80006366672E696E69004346473A206661692D
:104B90006C656420746F20636C6F736520696E6947
:104BA0002066696C650025732F25730046532D46DA
:104BB000573A206661696C656420746F206F706578
:104BC0006E2066696C652025730046532D46573A62
:104BD000206661696C656420746F20726561642071
:104BE00068656164657220286572723D25642C20B9
:104BF000636E743D2575290046532D46573A204370
:104C00006865636B696E6720706F74656E74696147
:104C10006C206669726D776172653A202573004673
:104C2000532D46573A2061707020696D6167652089
:104C30006973206E6F742076616C69640046532D31
:104C400046573A20666F756E642025730046532DD3
:104C500046573A206661696C656420746F206F70F6
:104C6000656E64697220257320286572726F723DCB
:104C70002564290046532D46573A206572726F729B
:104C800028256429207768696C65207265616469EC
:104C90006E670046532D46573A206572726F722830
:104CA000256429207768696C652077726974696E5C
:104CB000670046532D46573A2070726570617265E1
:104CC00064206669726D776172652825732C2025D2
:104CD0006C752062797465732920666F7220626F2B
:104CE0006F746C6F616465720046532D46573A20AD
:104CF00055706461746520636F6D706C6574656474
:104D00002C2072656D6F76696E67206669726D77AB
:104D10006172652066696C653A202573002F6C6F9F
:104D2000670046533A204661696C656420746F20C1
:104D3000637265617465206C6F67206469722028F6
:104D40006572723D256429002F6C6F672F302E74B9
:104D500078740046533A204661696C656420746F2C
:104D6000206F70656E206C6F6720286572723D251C
:104D700064290046533A2050726F636573734C6F19
:104D800067526F74617465002F6C6F672F25642EF6
:104D90007478740046533A204661696C65642074E7
:104DA0006F207772697465206C6F67206C696E651F
:104DB00020286572723D2564290046533A204661D9
:104DC000696C656420746F207772697465206C6FFC
:104DD00067206E65776C696E6520286572723D2567
:104DE0006429003230323430313031002559256D9C
:104DF000256400303A2F6C6F677300303A2F74656A
:104E000073742F6C6F677300202874657374206D42
:104E10006F6465290046533A204661696C656420D9
:104E2000746F2073796E63206C6F672066696C65A0
:104E3000206265666F726520636C6F7365202865FC
:104E400072723D2564290046533A204661696C65BB
:104E50006420746F20636C6F7365206C6F672066CD
:104E6000696C6520286572723D25642900303A2FEF
:104E7000746573740046533A204661696C6564201A
:104E8000746F206372656174652074657374206447
:104E9000697220286572723D2564290046533A20C4
:104EA0004661696C656420746F2063726561746526
:104EB000206C6F67206469722025732028657272E8
:104EC0003D2564290046533A2025732064697265A4
:104ED00063746F727920697320726561642D6F6EDF
:104EE0006C7920286174747269623D3078253032A3
:104EF000582900252E3273252E3273252E34730047
:104F000025732F257325732E25730046533A2046AB
:104F100061696C656420746F206F70656E206C6FC2
:104F20006720257320286572723D256429002D2D88
:104F30002D2053595354454D2052455354415254FA
:104F400045442061742025592E256D2E25642D257C
:104F5000483A254D3A2553202D2D2D002D2D2D205D
:104F600053595354454D205245535441525445448E
:104F7000202874696D657374616D7020756E61763B
:104F800061696C61626C6529202D2D2D0046533AB4
:104F9000204661696C656420746F2077726974655E
:104FA0002072657374617274206D61726B6572201A
:104FB000286572723D2564290046533A204F70657A
:104FC0006E6564206C6F672066696C6520257325AB
:104FD000730030313031323032340046533A205091
:104FE000726F636573734C6F6756324D657373618F
:104FF00067652063616C6C656420776974682069FB
:105000006E76616C696420706172616D6574657241
:105010007320287478743D25702C20747970653D58
:10502000256429004552524F523A2046533A2046B1
:1050300061696C656420746F207772697465207192
:105040007565756564206C6F67206D657373616746
:10505000652C2064726F7070696E67004552524F04
:10506000523A2046533A204C6F672071756575653A
:10507000206F766572666C6F772C2064726F70702B
:10508000696E67206D657373616765004552524FA5
:10509000523A2046533A204661696C656420746F29
:1050A0002061637175697265207175657565206D24
:1050B000757465782C2064726F7070696E67206DEE
:1050C0006573736167650046533A2050726F63657C
:1050D00073734C6F675632526F7461746500465338
:1050E0003A204661696C656420746F2073796E6341
:1050F000206C6F672066696C6520286572723D259B
:1051000064290046533A204661696C656420746FD7
:105110002073796E63206C6F672066696C6520640C
:105120007572696E6720756E6D6F756E7420286577
:1051300072723D2564290046533A204661696C65C8
:105140006420746F20636C6F7365206C6F672066DA
:10515000696C6520647572696E6720756E6D6F7518
:105160006E7420286572723D2564290044454255BD
:10517000473A205632206C6F6767696E6720696E08
:10518000697469616C697A6174696F6E20636F6DAF
:10519000706C65746564207375636365737366759D
:1051A0006C6C79207769746820746872656164201A
:1051B00073616665747920656E61626C65640D006B
:1051C000435249544943414C204552524F523A2090
:1051D0004661696C656420746F20637265617465F3
:1051E000206D75746578657320666F722056322065
:1051F0006C6F6767696E67202D2073797374656DB6
:105200002063616E6E6F74206F70657261746520CB
:10521000736166656C790D00435249544943414CB2
:10522000204552524F523A205632206C6F676769C0
:105230006E672073797374656D2044495341424C05
:1052400045442064756520746F206D757465782001
:105250006372656174696F6E206661696C757265F1
:105260000D004661696C656420746F2064656C652F
:105270007465206469726563746F72793A2025736E
:10528000004661696C656420746F2064656C6574A8
:10529000652066696C653A202573002E44424700FC
:1052A0002E43555300436C65616E75703A20536B05
:1052B000697070696E672064656C6574696F6E20D3
:1052C0006F66202573202D2066696C6520696E202D
:1052D0007573650050617273654461746546726FE1
:1052E0006D46696C656E616D653A2046696C656EE8
:1052F000616D65202725732720746F6F2073686F99
:10530000727420666F722044444D4D59595959208A
:10531000666F726D617420286C656E6774683A20E0
:10532000257A75290050617273654461746546720F
:105330006F6D46696C656E616D653A20496E766188
:105340006C696420636861726163746572202725EB
:10535000632720617420706F736974696F6E2025F4
:105360006420696E2066696C656E616D6520272515
:1053700073270050617273654461746546726F6D86
:1053800046696C656E616D653A20496E76616C693F
:1053900064206461746520253032642F25303264C6
:1053A0002F256420696E2066696C656E616D6520CD
:1053B000272573270044656C6574656420657863F0
:1053C000657373206465627567206C6F673A20258A
:1053D000730044656C6574656420657863657373F8
:1053E00020637573746F6D6572206C6F673A20254A
:1053F0007300436C65616E757020627920636F7510
:105400006E743A2064656C6574656420256C752043
:1054100066696C65732C206B656570696E67202505
:105420006C752070657220747970650044656C65D8
:10543000746564206F6C64206465627567206C6FAE
:10544000673A2025730044656C65746564206F6C51
:105450006420637573746F6D6572206C6F673A209A
:10546000257300436C65616E7570206279206167F9
:10547000653A2064656C6574656420256C752066EA
:10548000696C6573206F6C646572207468616E204E
:10549000256C752064617973005632206C6F67202B
:1054A000636C65616E757020696E697469616C69A1
:1054B0007A65640D004661696C656420746F2063D1
:1054C0006865636B206469736B207370616365004A
:1054D0004449534B20435249544943414C4C592071
:1054E00046554C4C3A20256C75204B42206672651F
:1054F00065206F6620256C75204B4220746F7461A7
:105500006C004449534B205350414345204352497A
:10551000544943414C3A20256C75204B4220667219
:105520006565206F6620256C75204B4220746F7472
:10553000616C004449534B205350414345204C4F2C
:10554000573A20256C75204B422066726565206FA6
:105550006620256C75204B4220746F74616C004589
:105560004D455247454E435920434C45414E5550B9
:105570003A2044656C6574696E67206F6C642056D0
:1055800032206C6F672066696C657300456D6572CB
:1055900067656E637920636C65616E757020696EF6
:1055A00073756666696369656E743A20256C75204B
:1055B0004B42207374696C6C206672656500456DA2
:1055C000657267656E637920636C65616E757020C6
:1055D0007375636365737366756C3A20256C75200B
:1055E0004B42206E6F77206672656500456D65726F
:1055F00067656E637920636C65616E757020747287
:10560000696767657265643A20256C75204B422096
:105610006672656500437269746963616C20636CCE
:1056200065616E7570207472696767657265643A4A
:1056300020256C75204B42206672656500576172AB
:105640006E696E6720636C65616E75702074726937
:105650006767657265643A20256C75204B42206649
:105660007265650043616C656E6461722053657498
:10567000757000446174653A203230253032642DF3
:10568000253032642D253032640054696D653A202E
:10569000253032643A253032643A25303264004590
:1056A0006E746572205965617200456E7465722072
:1056B0004D6F6E746800456E7465722044617900A8
:1056C000456E74657220486F757200456E74657220
:1056D000204D696E75746500456E74657220536562
:1056E000636F6E6400204E65772063616C6962723F
:1056F0006174696F6E2076616C7565732072656385
:105700006F726465642E00202043303A252D356485
:1057100020202043313A252D356420202043323A81
:10572000252D35640020436F6E74696E7565207495
:105730006F2073746F72652069742E0020496E208B
:1057400074686520666F6C6C6F77696E6720737420
:10575000657073206C6F6164206D75737420626571
:1057600000206170706C69656420616E64207468EB
:10577000652063616C6962726174696F6E20766125
:105780006C75652077696C6C0020626520726563BA
:105790006F726465642E204C65742076616C75654B
:1057A00020736574746C65206265666F7265002095
:1057B00070726F63656564696E67207769746820CD
:1057C0006E65787420737465702E0043757272650F
:1057D0006E742053656E736F722043616C696272E0
:1057E0006174696F6E002825642F25642920257354
:1057F00000202041637475616C2020202020253515
:1058000064202020202028464554494F2025356417
:105810002900202050726F63657373656420202512
:105820003564002043686172676520626174746545
:10583000727920776974682031304120210020443A
:10584000726177203130412066726F6D2062617421
:105850007465727920210020446973636F6E6E65F0
:10586000637420616E797468696E6720212121005C
:10587000496E74726F64756374696F6E004E6F2049
:105880006C6F616420636F6E646974696F6E003160
:105890003041206C6F616420636F6E646974696F5E
:1058A0006E003130412063686172676520636F6EFE
:1058B000646974696F6E00436F6D706C6574696FB5
:1058C0006E005343523A20576169742074696D65C4
:1058D0006F757420666F72206D6573736167650004
:1058E0005343523A204D656E755461736B20657653
:1058F0003D25640044726F70206F6C642062746E8A
:10590000206576743D256420287761733D256C758C
:105910002C6E6F773D256C7529007363722D746949
:105920006D657200736372004572726F7220536806
:105930007574646F776E0053746174757320496E6B
:10594000666F0046756E6374696F6E00536574749C
:10595000696E67004669726D776172650050726F9B
:105960006772616D6D696E67206669726D776172CD
:1059700065202E2E2E004669726D77617265205566
:10598000706461746500496E7374616C6C65643A2F
:1059900020252E323873002E2E2E205363616E6E1A
:1059A000696E6720666F722075706461746573201C
:1059B0002E2E2E004E6F2075706461746520666F08
:1059C000756E64210055706461746520746F3A20AF
:1059D00025733F004661696C656420746F207472A2
:1059E0006967676572207363616E6E696E67002018
:1059F00020506F776572204C6F636B206973206550
:105A00006E61626C65642E002020506F7765722095
:105A10004C6F636B2069732064697361626C6564A9
:105A20002E0052656C6179206163746976617465DA
:105A300073200052656C6179205365747570005055
:105A40006F776572204C6F636B204C696E650077D1
:105A500068656E203C2031303025007768656E2007
:105A60003C20393025007768656E203C2038302591
:105A7000007768656E203C20373025007768656EBA
:105A8000203C20363025007768656E203C2035307C
:105A900025007768656E203C2034302500776865E6
:105AA0006E203C20333025007768656E203C203224
:105AB0003025007768656E203C20313025007768FE
:105AC000656E203C203125007768656E203E2030D1
:105AD00025007768656E203E2031302500776865A7
:105AE0006E203E20323025007768656E203E2033E0
:105AF0003025007768656E203E20343025007768B9
:105B0000656E203E20353025007768656E203E208A
:105B1000363025007768656E203E203730250077C7
:105B200068656E203E20383025007768656E203E1F
:105B300020393025007768656E203E2039392500F0
:105B40006E657665720043686172676520284465FA
:105B50006C617920356D696E2900446973636861F1
:105B6000726765202844656C617920356D696E29FE
:105B70000064656164004D6F64756C652069732015
:105B800063616C696272617465642E004D6F647547
:105B90006C65206E6565647320746F206265206398
:105BA000616C6962726174656421004D6F64756C2B
:105BB00065202D20556E6B6E6F776E2063616C696A
:105BC00062726174696F6E20737461746521004D37
:105BD0006F64756C652064657465637465642063C7
:105BE000616C6962726174696F6E206572726F7246
:105BF0002100436F6E666967757265642056616C3B
:105C00007565733A00202028202053746174652044
:105C1000202029202020284C6576656C2D322920F3
:105C20002020284D6F64756C652900202020252DCB
:105C3000313573202025356420202020202535642F
:105C40000042617564726174653A2025646B62700C
:105C5000730043414E20427573004E6F206C6F619C
:105C60006400313041206C6F616400313041206349
:105C700068617267650047656E6572616C004D6FA3
:105C800064756C653A202020202533642E256456E7
:105C90002025632533642E25644120202532642588
:105CA00025004C6576656C2D323A20202025336422
:105CB0002E2564562025632533642E256441004437
:105CC00069732F6368617267653A20253373202FEB
:105CD000202533730052656C61793A202020202002
:105CE0002025730043414E3A2020202020202020F0
:105CF00025646B627073005761726E696E67730022
:105D0000416C6C20676F6F64002020202D202020C4
:105D1000002534642E2564200054656D7065726121
:105D200074757265202864656720432900542564D2
:105D30002D5425643A00545F706362313A20252E59
:105D400037732020545F706362323A20252E3773F8
:105D50000043656C6C20566F6C7461676520285633
:105D60002900562564257325643A002D5600252DFB
:105D7000387320002532642E2530326420004372AF
:105D80006561746520736F6C7574696F6E73202D17
:105D900020456E67696E656572207175616C697406
:105DA000790028212900252D3264252500547261AF
:105DB0006E73666572204D6F64650053746F70007A
:105DC0004344435B25645D3A205465726D696E619E
:105DD0006C20636F6E6E65637465640D0A004344E6
:105DE000435B25645D3A205465726D696E616C2079
:105DF000646973636F6E6E65637465640D0A004356
:105E000044435B25645D3A204861766520256C75C6
:105E100020627974657320617661696C61626C657A
:105E20000D0A004D53433A20636D642025303258EB
:105E30006820756E68616E646C65640054696E7983
:105E40005553420054696E79555342204465766932
:105E5000636500313233343536373839303132000A
:105E600043444320446562756700434443204D6FBB
:105E700064427573204100434443204D6F64427572
:105E80007320420054696E79555342204D534300AC
:105E900044454255473A205553422044657669634C
:105EA00065205461736B2073746172746564202D76
:105EB000207363686564756C657220697320727500
:105EC0006E6E696E670D0044454255473A20546531
:105ED0007374696E67204C6F67496E666F206672D7
:105EE0006F6D20555342207461736B2E2E2E0D0062
:105EF000544553543A204C6F67563220737973746B
:105F0000656D20776F726B696E672066726F6D20AA
:105F1000555342207461736B206166746572203240
:105F2000207365636F6E64730075736264006364ED
:105F300063005553423A20436F6E6E656374656427
:105F4000005553423A20446973636F6E6E65637403
:105F50006564007573627265630043554541414154
:105F6000414345454549494941414592924F4F4F2B
:105F70005555594F554F9C4F9E9F41494F55A5A58B
:105F8000A6A7A8A9AAABACADAEAFB0B1B2B3B441AD
:105F90004141B8B9BABBBCBDBEBFC0C1C2C3C4C514
:105FA0004141C8C9CACBCCCDCECFD1D14545454959
:105FB000494949D9DADBDCDD49DF4FE14F4F4F4F2B
:105FC000E6E8E85555555959EEEFF0F1F2F3F4F5DE
:105FD000F6F7F8F9FAFBFCFDFEFF000004000000F4
:105FE00000000000000054545220524547474553DA
:105FF0000030313233343536373839414243444545
:10600000460000000000000000000000000010102A
:10601000101010000010000000006C484800000044
:106020000000000000001414287C287C2850500038
:106030000000103840403848701010000000205018
:10604000200C7008140800000000000018202054E4
:106050004834000000001010101000000000000084
:106060000000080810101010101008080000202070
:1060700010101010101020200000107C1028280094
:1060800000000000000000101010FE1010100000B2
:106090000000000000000000181030200000000088
:1060A00000007C0000000000000000000000000074
:1060B00030300000000004040808101020204000C8
:1060C0000000384444444444443800000000301088
:1060D00010101010107C000000003844040810203C
:1060E000447C0000000038440418040444380000D4
:1060F00000000C141424447E040E000000003C2018
:10610000203804044438000000001C204078444437
:106110004438000000007C44040808081010000007
:1061200000003844443844444438000000003844F7
:1061300044443C04087000000000000030300000BF
:106140003030000000000000181800001830200057
:106150000000000C10608060100C000000000000C7
:10616000007C007C00000000000000C02018041823
:1061700020C00000000000182404081000300000B7
:10618000003844444C54544C404438000000301013
:106190002828287C44EE00000000F8444478444459
:1061A00044F8000000003C444040404044380000B7
:1061B0000000F0484444444448F000000000FC441F
:1061C0005070504044FC000000007E2228382820F7
:1061D0002070000000003C4440404E444438000021
:1061E0000000EE44447C444444EE000000007C1077
:1061F00010101010107C000000003C0808084848EF
:10620000483000000000EE444850704844E600006A
:106210000000702020202024247C00000000EE6C70
:106220006C54544444EE00000000EE646454545432
:106230004CEC00000000384444444444443800001E
:106240000000782424243820207000000000384406
:106250004444444444381C000000F8444444784812
:1062600044E200000000344C40380404645800004C
:106270000000FE9210101010103800000000EE44D4
:1062800044444444443800000000EE444428282894
:10629000101000000000EE444454545454280000F0
:1062A0000000C6442810102844C600000000EE4438
:1062B000282810101038000000007C44081010201E
:1062C000447C00000000382020202020202020389E
:1062D00000004020202010100808080000003808A6
:1062E00008080808080808380000101028440000B2
:1062F000000000000000000000000000000000009E
:10630000FE00100800000000000000000000000077
:1063100038443C44443E00000000C04058644444BB
:1063200044F80000000000003C44404044380000B5
:1063300000000C04344C4444443E000000000000C3
:1063400038447C40403C000000001C207C20202081
:10635000207C000000000000364C4444443C0438DB
:106360000000C0405864444444EE000000001000A7
:1063700070101010107C0000000010007808080851
:10638000080808700000C0405C48705048DC0000FD
:106390000000301010101010107C000000000000F1
:1063A000E854545454FE000000000000D8644444F3
:1063B00044EE00000000000038444444443800002B
:1063C00000000000D8644444447840E0000000002D
:1063D000364C4444443C040E000000006C30202045
:1063E000207C0000000000003C4438044478000099
:1063F000000000207C202020221C00000000000063
:10640000CC4444444C36000000000000EE444428D4
:106410002810000000000000EE44545454280000EE
:1064200000000000CC48303048CC000000000000E4
:10643000EE44242818101078000000007C4810203A
:10644000447C0000000008101010102010101008EC
:10645000000010101010101010101000000020107C
:106460001010100810101020000000000000245828
:10647000000000000000000000000000000000001C
:10648000000000000000000000000000000000000C
:10649000000000000000000C000C000C000C000CC0
:1064A000000C000C000C0000000C000000000000BC
:1064B0000000000000000000001DC01DC008800892
:1064C00080088000000000000000000000000000C4
:1064D000000000000000000D800D800D800D803F49
:1064E000C01B003FC01B001B001B001B0000000066
:1064F000000000000004001F803180318038001E41
:10650000000F000380318031803F00040004000050
:106510000000000000000018002400240018C0073C
:10652000801E003180024002400180000000000017
:106530000000000000000000000F00180018001804
:10654000000C001D80370033001D8000000000009B
:106550000000000000000000000700070002000229
:106560000002000000000000000000000000000029
:10657000000000000000000300030006000E000CF5
:10658000000C000C000C000E0006000300030000CD
:1065900000000000000000180018000C00060006B3
:1065A0000006000600060006000C001C0018000093
:1065B00000000000000000060006003FC03FC00FC2
:1065C000001F801980000000000000000000000093
:1065D00000000000000000000000000400040004AF
:1065E000003F8004000400040000000000000000E0
:1065F000000000000000000000000000000000009B
:1066000000000000000000060004000C0008000864
:10661000000000000000000000000000000000007A
:10662000003F8000000000000000000000000000AB
:10663000000000000000000000000000000000005A
:10664000000000000000000C000C00000000000032
:10665000000000000000C000C001800180030003B2
:106660000006000C000C001800180030003000007C
:10667000000000000000000E001B0031803180315E
:10668000803180318031801B000E0000000000004E
:106690000000000000000006003E000600060006A4
:1066A0000006000600060006003FC00000000000D3
:1066B000000000000000000F0019803180318003CD
:1066C0000006000C00180030003F800000000000B1
:1066D000000000000000003F006180018003001FF7
:1066E0000003800180018061803F00000000000005
:1066F00000000000000000070007000F000B001B57
:1067000000130033003F8003000F800000000000F2
:10671000000000000000001F801800180018001F73
:106720000011800180018021801F00000000000016
:106730000000000000000007801C00180030003737
:106740000039803180318019800F00000000000086
:10675000000000000000007F004300030006000668
:1067600000060006000C000C000C000000000000F9
:10677000000000000000001F003180318031801FC8
:106780000031803180318031801F00000000000026
:10679000000000000000001E003300318031803313
:1067A000801D800180030007003C00000000000005
:1067B000000000000000000000000000000C000CC1
:1067C000000000000000000C000C000000000000B1
:1067D00000000000000000000000000000030003B3
:1067E000000000000000000600040008000800008F
:1067F00000000000000000000000C00300040018BA
:1068000000600018000400030000C0000000000049
:106810000000000000000000000000000000007FF9
:10682000C000007FC0000000000000000000000069
:1068300000000000000000000060001800040003D9
:106840000000C00300040018006000000000000009
:106850000000000000000000001F003180318001B6
:106860008007000C000C0000000C0000000000007D
:10687000000000000000000E001100210021002790
:1068800000290029002700200011000E0000000050
:106890000000000000000000003F000F0009001988
:1068A0008019801F8030C030C079E00000000000F7
:1068B0000000000000000000007F003180318031C6
:1068C000803F003180318031807F00000000000077
:1068D0000000000000000000001F4030C060406069
:1068E0000060006000604030801F00000000000079
:1068F0000000000000000000007F00318030C03048
:10690000C030C030C030C031807F000000000000C7
:106910000000000000000000007F803080308032E6
:10692000003E003200308030807F80000000000098
:106930000000000000000000007FC0304030403206
:10694000003E003200300030007C000000000000FB
:106950000000000000000000001E803180608060A8
:1069600000600067C0618031801F000000000000EF
:106970000000000000000000007BC0318031803149
:10698000803F803180318031807BC000000000007A
:106990000000000000000000003FC00600060006E6
:1069A0000006000600060006003FC00000000000D0
:1069B0000000000000000000001FC00300030003EF
:1069C0000003006300630063003E0000000000005D
:1069D0000000000000000000007BC0318033003662
:1069E000003C003E003300318079C0000000000010
:1069F0000000000000000000007E001800180018D1
:106A00000018001840184018407FC0000000000027
:106A1000000000000000000000E0E060C071C07BEA
:106A2000C06AC06EC064C060C0FBE000000000002F
:106A300000000000000000000073C0318039803D7C
:106A400080358037803380318079800000000000FD
:106A50000000000000000000001F00318060C060E6
:106A6000C060C060C060C031801F00000000000036
:106A70000000000000000000007F00318031803104
:106A80008031803F00300030007E000000000000B8
:106A90000000000000000000001F00318060C060A6
:106AA000C060C060C060C031801F000CC01F80008B
:106AB0000000000000000000007F003180318031C4
:106AC000803E003300318031807CE0000000000017
:106AD0000000000000000000001F8031803180387D
:106AE000001F000380318031803F00000000000063
:106AF0000000000000000000007F804C804C804CB3
:106B0000800C000C000C000C003F00000000000096
:106B10000000000000000000007BC03180318031A7
:106B20008031803180318031801F00000000000002
:106B30000000000000000000007BC0318031801B9D
:106B4000001B001B000A000E000E000000000000E9
:106B5000000000000000000000FBE060C064C06EA8
:106B6000C06EC02A803B803B803180000000000066
:106B70000000000000000000007BC031801B000E00
:106B8000000E000E001B0031807BC00000000000E2
:106B900000000000000000000079E030C019800F04
:106BA0000006000600060006001F8000000000002E
:106BB0000000000000000000003F8021802300064C
:106BC0000004000C00188030803F800000000000AE
:106BD0000000000000000007800600060006000616
:106BE00000060006000600060006000600078000FA
:106BF000000000000030003000180018000C000CED
:106C0000000600030003000180018000C000C000F6
:106C1000000000000000001E00060006000600063E
:106C2000000600060006000600060006001E000022
:106C3000000000000004000A000A0011002080206B
:106C400080000000000000000000000000000000C4
:106C50000000000000000000000000000000000034
:106C60000000000000000000000000000000000024
:106C7000000000FFE0080004000200000000000027
:106C80000000000000000000000000000000000004
:106C9000000000000000000000000000001F0001D4
:106CA0008001801F80318033801DC0000000000003
:106CB0000000000000000070003000300037003994
:106CC0008030C030C030C039807700000000000044
:106CD000000000000000000000000000001E8031E5
:106CE0008060806000608031801F00000000000034
:106CF000000000000000000380018001801D80333F
:106D00008061806180618033801DC00000000000D0
:106D1000000000000000000000000000001F003123
:106D20008060C07FC0600030C01F80000000000095
:106D30000000000000000007E00C000C003F800C89
:106D4000000C000C000C000C003F80000000000054
:106D5000000000000000000000000000001DC03323
:106D60008061806180618033801D80018001801F8F
:106D700000000000000000700030003000370039D3
:106D80008031803180318031807BC0000000000084
:106D9000000000000000000600060000001E0006C3
:106DA0000006000600060006003FC00000000000CC
:106DB000000000000000000600060000003F000385
:106DC0000003000300030003000300030003003E70
:106DD00000000000000000700030003000378036F6
:106DE000003C003C003600330077C000000000008B
:106DF000000000000000001E00060006000600065D
:106E00000006000600060006003FC000000000006B
:106E1000000000000000000000000000007F80363D
:106E2000C036C036C036C036C076E0000000000074
:106E300000000000000000000000000000770039A2
:106E40008031803180318031807BC00000000000C3
:106E5000000000000000000000000000001F0031E2
:106E60008060C060C060C031801F00000000000072
:106E70000000000000000000000000000077003962
:106E80008030C030C030C039803700300030007CE6
:106E9000000000000000000000000000001DC033E2
:106EA0008061806180618033801D80018001800766
:106EB000C00000000000000000000000007B801CFB
:106EC000C018001800180018007F00000000000023
:106ED000000000000000000000000000001F8031E2
:106EE000803C001F00038031803F00000000000054
:106EF000000000000000001800180018007F0018B3
:106F00000018001800180018800F00000000000092
:106F1000000000000000000000000000007380314D
:106F20008031803180318033801DC000000000003E
:106F3000000000000000000000000000007BC031E5
:106F40008031801B001B000E000E000000000000BE
:106F500000000000000000000000000000F1E06000
:106F6000C064C06EC03B803B8031800000000000E8
:106F7000000000000000000000000000007BC01BBB
:106F8000000E000E000E001B007BC0000000000081
:106F90000000000000000000000000000079E03068
:106FA000C0198019800B000F00060006000C003E7F
:106FB000000000000000000000000000003F8021F1
:106FC0008003000E00180030803F800000000000A9
:106FD0000000000000000006000C000C000C000C7B
:106FE000000C0018000C000C000C000C0006000047
:106FF0000000000000000006000600060006000673
:107000000006000600060006000600060006000056
:10701000000000000000000C00060006000600064C
:10702000000600030006000600060006000C000033
:107030000000000000000000000000000000001838
:107040000024800300000000000000000000000099
:107050000000000000000000000000000000000030
:107060000000000000000000000000000000000020
:107070000000000000000000000000000000000709
:1070800000070007000700070007000700020002D2
:1070900000000000000700070000000000000000E2
:1070A0000000000000000000001CE01CE01CE008E4
:1070B0004008400840000000000000000000000000
:1070C000000000000000000000000000000CC00CE8
:1070D000C00CC00CC00CC03FF03FF00CC00CC03F57
:1070E000F03FF00CC00CC00CC00CC00CC000000085
:1070F00000000000000300030007E00FE018601824
:10710000001F000FC000E0186018601FC01F800340
:107110000003000300000000000000000000001C4D
:10712000002200220022001C6001E00F803C0031A0
:10713000C002200220022001C00000000000000068
:10714000000000000000000000000003E00FE00C61
:10715000000C0006000F301FF019E018C01FF007E8
:10716000B00000000000000000000000000000006F
:107170000003800380038001000100010000000083
:1071800000000000000000000000000000000000FF
:107190000000000000000000C000C001800180016C
:1071A00080030003000300030003000300018001CB
:1071B00080018000C000C000000000000000000C42
:1071C000000C000600060006000300030003000395
:1071D00000030003000600060006000C000C00007F
:1071E000000000000000000300030003001B601FFC
:1071F000E0078007800FC00CC00000000000000006
:10720000000000000000000000000000000000007E
:1072100000000003000300030003003FF03FF00301
:107220000003000300030000000000000000000055
:10723000000000000000000000000000000000004E
:1072400000000000000000000000000380030003B5
:10725000000600060004000000000000000000001E
:1072600000000000000000000000003FE03FE000E0
:10727000000000000000000000000000000000000E
:1072800000000000000000000000000000000000FE
:1072900000000000000000000000000380038003E5
:1072A00080000000000000000000000000006000FE
:1072B0006000C000C000C001800180030003000620
:1072C0000006000C000C000C001800180000000064
:1072D000000000000000000F801FC018C0306030A8
:1072E000603060306030603060306018C01FC00FA8
:1072F000800000000000000000000000000000030B
:10730000001F001F0003000300030003000300032D
:1073100000030003001FE01FE00000000000000069
:10732000000000000000000F801FC038E030600047
:107330006000C00180030006000C0018003FE03F21
:10734000E000000000000000000000000000000F4E
:10735000803FC030E0006000E007C007C000E000F0
:1073600060006060E07FC03F80000000000000001F
:107370000000000000000001C003C003C006C00CF4
:10738000C00CC018C030C03FE03FE000C003E003C5
:10739000E000000000000000000000000000001FEE
:1073A000C01FC0180018001F801FC018E000600038
:1073B00060006030E03FC01F80000000000000005F
:1073C0000000000000000003E00FE01E001800387D
:1073D0000037803FC038E03060306018E01FC007E1
:1073E0008000000000000000000000000000003FDE
:1073F000E03FE03060006000C000C000C0018001DC
:107400008001800300030003000000000000000072
:10741000000000000000000F801FC038E03060381E
:10742000E01FC01FC038E03060306038E01FC00F80
:107430008000000000000000000000000000000FBD
:10744000001FC038C03060306038E01FE00F6000BF
:10745000E000C003C03F803E0000000000000000CC
:107460000000000000000000000000000000000319
:10747000800380038000000000000003800380037D
:10748000800000000000000000000000000000007C
:107490000000000000000001C001C001C0000000A9
:1074A0000000000380030006000600040000000046
:1074B0000000000000000000000000003000F003A9
:1074C000C007001C0078001C00070003C000F0008B
:1074D000300000000000000000000000000000007C
:1074E000000000000000007FF07FF0000000007F3F
:1074F000F07FF0000000000000000000000000002D
:10750000000000000000000000000030003C000F00
:1075100000038000E0007800E003800F003C0030B2
:10752000000000000000000000000000000000005B
:10753000000F801FC018601860006001C003800346
:10754000000000000007000700000000000000002D
:107550000000000000000003800C80084010401074
:107560004011C012401240124011C0100008000823
:107570004007800000000000000000000000000044
:10758000001F801F80038006C006C00CC00C601F57
:10759000E01FE030307878787800000000000000CC
:1075A0000000000000000000003F803FC01860188D
:1075B0006018E01FC01FE01870183018303FF03F0F
:1075C000E0000000000000000000000000000000DB
:1075D0000007B00FF01C7038303000300030003041
:1075E0000038301C700FE007C000000000000000F1
:1075F0000000000000000000007F807FC030E0300D
:10760000703030303030303030307030E07FC07F1C
:1076100080000000000000000000000000000000EA
:10762000003FF03FF01830183019801F801F80197C
:1076300080183018303FF03FF000000000000000DC
:107640000000000000000000003FF03FF01830187C
:107650003019801F801F801980180018003F003FDC
:10766000000000000000000000000000000000001A
:107670000007B01FF0187030303000300031F831A2
:10768000F8303018301FF007C00000000000000084
:107690000000000000000000003CF03CF018601802
:1076A0006018601FE01FE01860186018603CF03C34
:1076B000F0000000000000000000000000000000DA
:1076C000001FE01FE00300030003000300030003AA
:1076D00000030003001FE01FE000000000000000A6
:1076E00000000000000000000003F803F800600044
:1076F000600060006030603060306030E03FC00F9C
:1077000080000000000000000000000000000000F9
:10771000003EF83EF818E019801B001F001D80187D
:10772000C018C018603E783E38000000000000001D
:107730000000000000000000003F003F000C000CB3
:10774000000C000C000C000C300C300C303FF03FF3
:10775000F000000000000000000000000000000039
:10776000007878787838703CF034B037B037B03380
:1077700030333030307CF87CF8000000000000002E
:1077800000000000000000000039F03DF01C601E09
:10779000601E601B601B6019E019E018E03EE03ECF
:1077A0006000000000000000000000000000000079
:1077B0000007800FC01CE03870303030303030307F
:1077C0003038701CE00FC00780000000000000008F
:1077D0000000000000000000003FC03FE0187018EB
:1077E00030183018701FE01FC0180018003F003F0D
:1077F0000000000000000000000000000000000089
:107800000007800FC01CE03870303030303030302E
:107810003038701CE00FC0078007B00FF00CE0009C
:107820000000000000000000003FC03FE01870189A
:107830003018701FE01FC018E0186018703E383E06
:107840001800000000000000000000000000000020
:10785000000FB01FF03870303038001F8007E00094
:1078600070303038703FE037C0000000000000008A
:107870000000000000000000003FF03FF033303314
:10788000303330030003000300030003000FC00F78
:10789000C000000000000000000000000000000028
:1078A000003CF03CF0186018601860186018601810
:1078B0006018601CE00FC00780000000000000009E
:1078C00000000000000000000078F078F030603028
:1078D0006018C018C00D800D800D800700070007DC
:1078E0000000000000000000000000000000000098
:1078F000007C7C7C7C301833983398339836D816CB
:10790000D01C701C701C70183000000000000000BB
:1079100000000000000000000078F078F0306018EF
:10792000C00D80070007000D8018C0306078F07827
:10793000F000000000000000000000000000000057
:10794000003CF03CF018600CC00780078003000387
:1079500000030003000FC00FC00000000000000083
:107960000000000000000000001FE01FE018601889
:10797000C001800300030006000C6018601FE01FB8
:10798000E000000000000000000000000000000314
:10799000C003C0030003000300030003000300034F
:1079A000000300030003000300030003C003C00042
:1079B0000000000000180018000C000C000C00066D
:1079C000000600030003000180018000C000C00029
:1079D000C000600060000000000000000000000F18
:1079E000000F000300030003000300030003000373
:1079F00000030003000300030003000F000F00005A
:107A000000000000000000020007000D8018C030D8
:107A100060202000000000000000000000000000C6
:107A20000000000000000000000000000000000056
:107A30000000000000000000000000000000000046
:107A40000000000000000000000000000000000036
:107A500000FFFCFFFC0000040003000080000000A9
:107A60000000000000000000000000000000000016
:107A70000000000000000000000000000000000006
:107A8000000000000000000FC01FE000600FE01FBA
:107A9000E0386030E03FF01F7000000000000000A0
:107AA000000000000000007000700030003000375F
:107AB000803FE0386030303030303038607FE07701
:107AC0008000000000000000000000000000000036
:107AD0000000000000000007B01FF0183030303008
:107AE00000300038301FF00FC00000000000000020
:107AF000000000000000000070007000300030073F
:107B0000B01FF0187030303030303038701FF80748
:107B1000B8000000000000000000000000000000AD
:107B20000000000000000007801FE018603FF03FE9
:107B3000F0300018301FF007C00000000000000007
:107B40000000000000000003F007F0060006001F20
:107B5000E01FE0060006000600060006001FE01F0A
:107B6000E000000000000000000000000000000035
:107B70000000000000000007B81FF8187030303017
:107B800030303018701FF007B0003000700FE00F79
:107B9000C000000000000038003800180018001B6A
:107BA000C01FE01C6018601860186018603CF03C52
:107BB000F0000000000000000000000000000003D2
:107BC000000300000000001F001F0003000300036B
:107BD00000030003001FE01FE000000000000000A1
:107BE0000000000000000003000300000000001F70
:107BF000C01FC000C000C000C000C000C000C00066
:107C0000C000C001C03F803F0000000000000038FD
:107C1000003800180018001BE01BE01B001E001EAF
:107C2000001B00198039F039F0000000000000004E
:107C3000000000000000001F001F000300030003FD
:107C4000000300030003000300030003001FE01F04
:107C5000E000000000000000000000000000000044
:107C6000000000000000007EE07FF033303330334E
:107C700030333033307BB87BB800000000000000A8
:107C80000000000000000000000000000000003BB9
:107C9000C03FE01C6018601860186018603CF03C41
:107CA000F0000000000000000000000000000000E4
:107CB0000000000000000007801FE0186030303036
:107CC00030303018601FE007800000000000000026
:107CD000000000000000000000000000000000772D
:107CE000807FE0386030303030303038603FE0370F
:107CF00080300030007C007C0000000000000000AC
:107D00000000000000000007B81FF8187030303085
:107D100030303018701FF007B00030003000F8002D
:107D2000F800000000000000000000000000003C1F
:107D3000E03DF00F300E000C000C000C003FC03F87
:107D4000C000000000000000000000000000000073
:107D50000000000000000007E01FE018601E000F98
:107D6000C001E018601FE01F80000000000000005C
:107D70000000000000000000000C000C000C003FA0
:107D8000E03FE00C000C000C000C000C300FF00782
:107D9000C000000000000000000000000000000023
:107DA0000000000000000038E038E018601860189B
:107DB00060186018E01FF00F700000000000000065
:107DC000000000000000000000000000000000783B
:107DD000F078F0306018C018C00D800D80070007E3
:107DE0000000000000000000000000000000000093
:107DF0000000000000000078F078F0326032603758
:107E0000E01DC01DC018C018C00000000000000028
:107E10000000000000000000000000000000003C26
:107E2000F03CF00CC00780030007800CC03CF03C25
:107E3000F000000000000000000000000000000052
:107E40000000000000000078F078F0306018C018E2
:107E5000C00D800F800700060006000C007F007F29
:107E60000000000000000000000000000000001FF3
:107E7000E01FE018C00180030006000C601FE01F37
:107E8000E000000000000000000000000000000111
:107E9000C003C00300030003000300030007000E3B
:107EA000000700030003000300030003C001C0003B
:107EB00000000000000000030003000300030003B3
:107EC000000300030003000300030003000300039A
:107ED0000003000300030000000000000000001C7D
:107EE000001E00060006000600060006000700034C
:107EF00080070006000600060006001E001C0000A9
:107F00000000000000000000000000000000000071
:107F1000000E003F3033F001E000000000000000E0
:107F20000000000000000000000000000000000051
:107F30000000000000000000000000000000000041
:107F40000000000000000000000000000000000031
:107F50000000000000000000000000000000000021
:107F60000000000000000000000000000000000011
:107F700000000000000000000000000380000380FB
:107F80000003800003800003800003800003800062
:107F900003800003800001000001000000000000D9
:107FA00000000380000380000000000000000000CB
:107FB00000000000000000000000000000000000C1
:107FC0000000000000000E70000E70000E70000433
:107FD0002000042000042000042000000000000015
:107FE0000000000000000000000000000000000091
:107FF0000000000000000000000000000000000081
:1080000000000000000000000000000660000660A4
:10801000000660000660000660003FF8003FF800C0
:108020000660000CC0003FF8003FF8000CC0000CD8
:10803000C0000CC0000CC0000CC00000000000001C
:108040000000000000000000000000000000000030
:1080500001800001800007B0000FF00018700018C8
:1080600070001C00000F800007E00000F0001830D6
:10807000001C30001C70001FE0001BC000018000CD
:10808000018000018000018000000000000000006D
:1080900000000000000000000000000780000FC08A
:1080A000001CE0001860001860001CE0000FF800E1
:1080B00007E0001FF0000738000618000618000748
:1080C000380003F00001E0000000000000000000A4
:1080D00000000000000000000000000000000000A0
:1080E00000000000000000000003F00007F0000C9A
:1080F00060000C00000C00000600000700000F9C50
:10810000001DFC0018F0001870000FFC0007DC00D8
:10811000000000000000000000000000000000005F
:1081200000000000000000000000000000000380CC
:108130000003800003800001000001000001000036
:10814000010000000000000000000000000000002E
:10815000000000000000000000000000000000001F
:10816000000000000000000000000000000000000F
:1081700000000000180000380000700000F000004F
:10818000E00000E00001C00001C00001C00001C02B
:108190000001C00001C00000E00000E0000070002D
:1081A000007000003800001800000000000000000F
:1081B00000000000000000000000001800001C008B
:1081C000000E00000E000007000007000003800002
:1081D0000380000380000380000380000380000709
:1081E00000000700000F00000E00001C0000180037
:1081F000000000000000000000000000000000007F
:108200000000000180000180000180001DB8001FF7
:10821000F80007E00003C00003C00006600006602D
:10822000000000000000000000000000000000004E
:10823000000000000000000000000000000000003E
:10824000000000000000000000000000000000002E
:108250000001800001800001800001800001800099
:108260003FFC003FFC000180000180000180000114
:1082700080000180000000000000000000000000FD
:1082800000000000000000000000000000000000EE
:1082900000000000000000000000000000000000DE
:1082A00000000000000000000000000000000000CE
:1082B0000000000000000000E00000C00001C0005D
:1082C00001800001800003000003000000000000A6
:1082D000000000000000000000000000000000009E
:1082E000000000000000000000000000000000008E
:1082F0001FF8001FF8000000000000000000000050
:10830000000000000000000000000000000000006D
:10831000000000000000000000000000000000005D
:10832000000000000000000000000000000000004D
:10833000000000000000000000000000000000003D
:108340000000000000000003C00003C00003C000E4
:10835000000000000000000000000000000000001D
:108360000000000000001800001800003800003075
:108370000000700000600000600000C00000C0004D
:1083800001800001800003000003000006000006D9
:1083900000000E00000C00001C0000180000180077
:1083A00000000000000000000000000000000000CD
:1083B00000000003C00007E0000C30000C30001883
:1083C00018001818001818001818001818001818A5
:1083D000001818000C30000C300007E00003C0004B
:1083E000000000000000000000000000000000008D
:1083F0000000000000000000000000008000078076
:10840000001F80001D8000018000018000018000AD
:1084100001800001800001800001800001800001D6
:1084200080001FF8001FF80000000000000000009E
:10843000000000000000000000000000000000003C
:1084400000000007C0001FF0003830003018003076
:10845000180000180000300000600001C000038018
:10846000000600000C00001800003FF8003FF80074
:1084700000000000000000000000000000000000FC
:10848000000000000000000000000003C0000FE03A
:10849000000C700000300000300000600003C000DD
:1084A00003E0000070000018000018000018001819
:1084B00038001FF0000FC0000000000000000000A6
:1084C00000000000000000000000000000000000AC
:1084D00000000000E00001E00001E0000360000691
:1084E00060000660000C60000C60001860003060E6
:1084F000003FF8003FF80000600003F80003F800B8
:10850000000000000000000000000000000000006B
:1085100000000000000000000000001FF0001FF03D
:10852000001800001800001800001BC0001FF00019
:108530001C3000001800001800001800001800305F
:1085400030003FF0000FC0000000000000000000FD
:10855000000000000000000000000000000000001B
:1085600000000000F80003F8000700000E00000CF7
:1085700000001800001BC0001FF0001C300018187D
:10858000001818001818000C38000FF00003E00065
:1085900000000000000000000000000000000000DB
:1085A00000000000000000000000001FF8001FF89D
:1085B000001818001838000030000030000070006B
:1085C00000600000600000E00000C00000C000018A
:1085D000C0000180000180000000000000000000D9
:1085E000000000000000000000000000000000008B
:1085F00000000007E0000FF0001C380018180018F9
:1086000018000C300007E00007E0000C30001818DC
:10861000001818001818001C38000FF00007E000C0
:10862000000000000000000000000000000000004A
:10863000000000000000000000000007C0000FF074
:10864000001C30001818001818001818000C38000A
:108650000FF80003D8000018000030000070000080
:10866000E0001FC0001F000000000000000000002C
:1086700000000000000000000000000000000000FA
:1086800000000000000000000000000000000003E7
:10869000C00003C00003C000000000000000000094
:1086A0000000000000000003C00003C00003C00081
:1086B00000000000000000000000000000000000BA
:1086C00000000000000000000000000000000000AA
:1086D0000000000000000000F00000F00000F000CA
:1086E00000000000000000000000000000E00001A9
:1086F000C0000180000180000300000200000000B3
:108700000000000000000000000000000000000069
:10871000000000000000000000001C00003C000001
:10872000F00003C0000F00003C0000F000003C001F
:10873000000F000003C00000F000003C00001C001F
:108740000000000000000000000000000000000029
:108750000000000000000000000000000000000019
:10876000000000000000000000007FFC007FFC0013
:108770000000000000007FFC007FFC000000000003
:1087800000000000000000000000000000000000E9
:1087900000000000000000000000000000000000D9
:1087A0000000000000000000007000007800001EC3
:1087B000000007800001E000007800001E00007843
:1087C0000001E0000780001E00007800007000003B
:1087D0000000000000000000000000000000000099
:1087E000000000000000000000000000000007C0C2
:1087F000000FE00018700018300018300000700002
:1088000000E00003C000038000030000000000003F
:10881000000007000007000000000000000000004A
:108820000000000000000000000000000000000048
:1088300000000003E00007F0000E38000C180018DC
:10884000780018F80019D80019980019980019989C
:108850000018F8001878001800000C00000E18002E
:1088600007F80003E0000000000000000000000026
:1088700000000000000000000000000000001F8059
:10888000001FC00001C0000360000360000630004C
:108890000630000C30000FF8001FF800180C0030F4
:1088A0000C00FC7F00FC7F000000000000000000C6
:1088B00000000000000000000000000000000000B8
:1088C0000000000000007FE0007FF0001838001872
:1088D00018001818001838001FF0001FF800181CA6
:1088E00000180C00180C00180C007FF8007FF00036
:1088F0000000000000000000000000000000000078
:10890000000000000000000000000000000003EC78
:10891000000FFC001C1C00180C00300C0030000084
:10892000300000300000300000300000180C001C47
:108930001C000FF80003F000000000000000000021
:108940000000000000000000000000000000000027
:108950000000000000007FC0007FF0001838001801
:108960001800180C00180C00180C00180C00180C3B
:1089700000180C001818001838007FF0007FE00085
:1089800000000000000000000000000000000000E7
:1089900000000000000000000000000000007FF860
:1089A000007FF800181800181800199800198000A6
:1089B0001F80001F800019800019980018180018E7
:1089C00018007FF8007FF8000000000000000000A1
:1089D0000000000000000000000000000000000097
:1089E0000000000000003FFC003FFC000C0C000CED
:1089F0000C000CCC000CC0000FC0000FC0000CC05D
:108A0000000CC0000C00000C00003FC0003FC00084
:108A10000000000000000000000000000000000056
:108A2000000000000000000000000000000003EC57
:108A3000000FFC001C1C00180C00300C0030000063
:108A400030000030FE0030FE00300C00380C001CFE
:108A50001C000FFC0003F0000000000000000000FC
:108A60000000000000000000000000000000000006
:108A70000000000000007E7E007E7E0018180018B6
:108A800018001818001818001FF8001FF800181810
:108A9000001818001818001818007E7E007E7E004E
:108AA00000000000000000000000000000000000C6
:108AB00000000000000000000000000000001FF89F
:108AC000001FF8000180000180000180000180008B
:108AD0000180000180000180000180000180000110
:108AE00080001FF8001FF8000000000000000000D8
:108AF0000000000000000000000000000000000076
:108B000000000000000007FE0007FE00003000002B
:108B100030000030000030000030003030003030D5
:108B2000003030003030003060003FE0000F800047
:108B30000000000000000000000000000000000035
:108B400000000000000000000000000000007F3E68
:108B5000007F3E0018300018600018C00019800027
:108B60001B80001FC0001CE00018700018300018A7
:108B700038007F1F007F1F00000000000000000081
:108B800000000000000000000000000000000000E5
:108B90000000000000007F80007F80000C00000CBF
:108BA00000000C00000C00000C00000C00000C0C7D
:108BB000000C0C000C0C000C0C007FFC007FFC0077
:108BC00000000000000000000000000000000000A5
:108BD0000000000000000000000000000000F00F96
:108BE00000F81F00381C003C3C003C3C00366C0088
:108BF000366C0033CC0033CC00318C00300C0030AC
:108C00000C00FE7F00FE7F0000000000000000005E
:108C10000000000000000000000000000000000054
:108C200000000000000078FE0078FE001C18001E06
:108C300018001F18001B18001B980019D80018D81E
:108C40000018F8001878001838007F18007F180006
:108C50000000000000000000000000000000000014
:108C6000000000000000000000000000000003C041
:108C7000000FF0001C3800181800381C00300C00E1
:108C8000300C00300C00300C00381C001818001C90
:108C900038000FF00003C0000000000000000000DA
:108CA00000000000000000000000000000000000C4
:108CB0000000000000003FF0003FF8000C1C000C1A
:108CC0000C000C0C000C0C000C18000FF8000FE04E
:108CD000000C00000C00000C00003FC0003FC00072
:108CE0000000000000000000000000000000000084
:108CF000000000000000000000000000000003C0B1
:108D0000000FF0001C3800181800381C00300C0050
:108D1000300C00300C00300C00381C001818001CFF
:108D200038000FF00007C00007CC000FFC000C3823
:108D30000000000000000000000000000000000033
:108D40000000000000007FE0007FF00018380018ED
:108D500018001818001838001FF0001FC00018E095
:108D6000001870001830001838007F1E007F0E00B9
:108D700000000000000000000000000000000000F3
:108D8000000000000000000000000000000007D804
:108D9000000FF8001C38001818001818001E0000FA
:108DA0000FC00003F0000078001818001818001C0D
:108DB00038001FF0001BE000000000000000000071
:108DC00000000000000000000000000000000000A3
:108DD0000000000000003FFC003FFC00318C00312F
:108DE0008C00318C00318C000180000180000180FA
:108DF000000180000180000180000FF0000FF000F2
:108E00000000000000000000000000000000000062
:108E100000000000000000000000000000007E7E56
:108E2000007E7E0018180018180018180018180086
:108E30001818001818001818001818001818000C36
:108E400030000FF00003C000000000000000000030
:108E50000000000000000000000000000000000012
:108E60000000000000007F7F007F7F00180C000CD6
:108E700018000C18000C18000630000630000360C3
:108E80000003600003600001C00001C0000080001A
:108E900000000000000000000000000000000000D2
:108EA0000000000000000000000000000000FE3F85
:108EB00080FE3F8030060030060030860019CC006E
:108EC00019CC001B6C001B6C001E7C000E38000EC1
:108ED00038000C18000C1800000000000000000012
:108EE0000000000000000000000000000000000082
:108EF0000000000000007E7E007E7E001818000C3E
:108F0000300006600003C00001800001800003C043
:108F1000000660000C30001818007E7E007E7E0087
:108F20000000000000000000000000000000000041
:108F300000000000000000000000000000007C7E37
:108F4000007C7E001818000C3000066000066000EF
:108F500003C0000180000180000180000180000149
:108F600080000FF0000FF000000000000000000083
:108F700000000000000000000000000000000000F1
:108F80000000000000001FF8001FF800181800186B
:108F9000300018600018C0000180000300000618AF
:108FA000000C18001818003018003FF8003FF800B7
:108FB00000000000000000000000000000000000B1
:108FC000000000000000000000000001F00001F0BF
:108FD000000180000180000180000180000180000C
:108FE00001800001800001800001800001800001FB
:108FF000800001800001800001800001F00001F08C
:109000000000000000000000000000000018000048
:109010001800001C00000C00000E000006000006F6
:10902000000003000003000001800001800000C078
:109030000000C00000600000600000700000300010
:1090400000380000180000180000000000000000B8
:1090500000000000000000000000000F80000F80F2
:10906000000180000180000180000180000180007B
:10907000018000018000018000018000018000016A
:1090800080000180000180000180000F80000F80BF
:1090900000000000000000000000000000000000D0
:1090A00000800001C00003E0000770000630000CE3
:1090B0001800180C00100400000000000000000060
:1090C00000000000000000000000000000000000A0
:1090D0000000000000000000000000000000000090
:1090E0000000000000000000000000000000000080
:1090F0000000000000000000000000000000000070
:10910000000000000000000000000000000000005F
:10911000000000000000000000000000000000004F
:1091200000000000000000FFFF00FFFF0000000043
:1091300003000003800000E0000060000000000069
:10914000000000000000000000000000000000001F
:10915000000000000000000000000000000000000F
:1091600000000000000000000000000000000000FF
:1091700000000000000000000000000000000000EF
:10918000000000000000000FC0001FE000003000E1
:1091900000300007F0001FF00038300030300030A1
:1091A00070001FFC000FBC00000000000000000069
:1091B00000000000000000000000000000000000AF
:1091C0000000007800007800001800001800001B64
:1091D000E0001FF8001C1800180C00180C00180CF8
:1091E00000180C00180C001C18007FF8007BE00031
:1091F000000000000000000000000000000000006F
:10920000000000000000000000000000000000005E
:109210000000000000000003EC000FFC001C1C001C
:10922000380C00300C00300000300000380C001CFE
:109230001C000FF80003F000000000000000000018
:10924000000000000000000000000000000000001E
:1092500000000000780000780000180000180007E7
:10926000D8001FF8001838003018003018003018E7
:10927000003018003018001838001FFE0007DE000C
:1092800000000000000000000000000000000000DE
:1092900000000000000000000000000000000000CE
:1092A0000000000000000007E0001FF80018180090
:1092B000300C003FFC003FFC003000003000001884
:1092C0000C001FFC0007F000000000000000000080
:1092D000000000000000000000000000000000008E
:1092E00000000001FC0003FC000600000600003F37
:1092F000F8003FF800060000060000060000060027
:10930000000600000600000600003FF0003FF000ED
:10931000000000000000000000000000000000004D
:10932000000000000000000000000000000000003D
:109330000000000000000007DE001FFE00183800DB
:10934000301800301800301800301800301800189D
:1093500038001FF80007D800001800001800003877
:10936000000FF0000FC0000000000000000000002F
:109370000000007800007800001800001800001BB2
:10938000E0001FF0001C380018180018180018180A
:10939000001818001818001818007E7E007E7E0045
:1093A00000000000000000000000000000000000BD
:1093B00000000000000000000000000180000180AB
:1093C000000000000000001F80001F8000018000DE
:1093D0000180000180000180000180000180000107
:1093E00080003FFC003FFC00000000000000000087
:1093F000000000000000000000000000000000006D
:1094000000000000C00000C0000000000000001FBD
:10941000F0001FF00000300000300000300000308D
:10942000000030000030000030000030000030004C
:109430000030000030000070001FE0001F800000BE
:1094400000000000000000000000003C00003C00A4
:10945000000C00000C00000CF8000CF8000CC00020
:109460000D80000F80000F00000F80000DC0000C69
:10947000E0003C7C003C7C0000000000000000009C
:1094800000000000000000000000000000000000DC
:109490000000001F80001F8000018000018000018B
:1094A00080000180000180000180000180000180B7
:1094B000000180000180000180003FFC003FFC00B3
:1094C000000000000000000000000000000000009C
:1094D000000000000000000000000000000000008C
:1094E00000000000000000F77800FFFC0039CC000D
:1094F000318C00318C00318C00318C00318C00318A
:109500008C00FDEF00FDEF000000000000000000F7
:10951000000000000000000000000000000000004B
:109520000000000000000000000000000000007BC0
:10953000E0007FF0001C38001818001818001818F8
:10954000001818001818001818007E7E007E7E0093
:10955000000000000000000000000000000000000B
:1095600000000000000000000000000000000000FB
:109570000000000000000003C0000FF0001C3800D5
:10958000381C00300C00300C00300C00381C001C63
:1095900038000FF00003C0000000000000000000D1
:1095A00000000000000000000000000000000000BB
:1095B0000000000000000000000000000000007B30
:1095C000E0007FF8001C1800180C00180C00180CA4
:1095D00000180C00180C001C18001FF8001BE000FD
:1095E0001800001800001800007F00007F00000035
:1095F000000000000000000000000000000000006B
:109600000000000000000007DE001FFE0018380008
:1096100030180030180030180030180030180018CA
:1096200038001FF80007D8000018000018000018C4
:109630000000FE0000FE000000000000000000002E
:109640000000000000000000000000000000003EDC
:1096500078003EFC0007CC00070000060000060072
:10966000000600000600000600003FF0003FF0008A
:1096700000000000000000000000000000000000EA
:1096800000000000000000000000000000000000DA
:109690000000000000000007F8000FF80018180094
:1096A0001818001F80000FF00000F80018180018AC
:1096B00038001FF0001FE000000000000000000064
:1096C000000000000000000000000000000000009A
:1096D0000000000C00000C00000C00000C00003F1B
:1096E000F0003FF0000C00000C00000C00000C002B
:1096F000000C00000C00000C1C0007FC0003F00034
:109700000000000000000000000000000000000059
:109710000000000000000000000000000000000049
:109720000000000000000078780078780018180029
:109730001818001818001818001818001818001821
:1097400038000FFE0007DE000000000000000000EF
:109750000000000000000000000000000000000009
:109760000000000000000000000000000000007C7D
:109770003E007C3E001818001818000C30000C3019
:109780000006600006600007E00003C00003C000A0
:1097900000000000000000000000000000000000C9
:1097A00000000000000000000000000000000000B9
:1097B00000000000000000783C00783C00311800F8
:1097C0003398003398001AB0001EF0001EF0001C01
:1097D00060000C60000C6000000000000000000051
:1097E0000000000000000000000000000000000079
:1097F0000000000000000000000000000000003E2B
:109800007C003E7C000C300006600003C00001803C
:109810000003C0000660000C30003E7C003E7C006F
:109820000000000000000000000000000000000038
:109830000000000000000000000000000000000028
:10984000000000000000007E1F007E1F00180C00BA
:109850000C18000C180006300006300003600003EE
:10986000E00001C00000C000018000018000030092
:10987000003FC0003FC000000000000000000000EA
:109880000000000000000000000000000000001FB9
:10989000F8001FF80018300018600000C0000180B8
:1098A000000300000618000C18001FF8001FF80045
:1098B00000000000000000000000000000000000A8
:1098C000000000000000000000000000E00001E0D7
:1098D0000001800001800001800001800001800003
:1098E0000180000380000700000380000180000168
:1098F000800001800001800001800001E00000E0A4
:109900000000000000000000000000000000000057
:109910000000000180000180000180000180000142
:109920008000018000018000018000018000018032
:1099300000018000018000018000018000018000A2
:109940000180000180000180000000000000000094
:109950000000000000000000000000070000078079
:109960000001800001800001800001800001800072
:1099700001800001C00000E00001C0000180000182
:109980008000018000018000018000078000070046
:1099900000000000000000000000000000000000C7
:1099A00000000000000000000000000000000000B7
:1099B00000000000000E00001F18003BB80031F04E
:1099C0000000E000000000000000000000000000B7
:1099D0000000000000000000000000000000000087
:1099E0000000000000000000001BB7000080000025
:1099F0000000000000000000000000001027000030
:109A000000000000001BB700001BB70000000000B2
:109A100000800000001BB700636463645F786665C4
:109A2000725F636200636463645F6F70656E00639E
:109A30006463645F696E6974007475645F63646312
:109A40005F6E5F77726974655F666C7573680070CE
:109A5000726F635F7265616431305F636D64007063
:109A6000726F635F777269746531305F636D640034
:109A70006D7363645F786665725F6362006D7363C4
:109A8000645F636F6E74726F6C5F786665725F633C
:109A900062006D7363645F6F70656E0075736264FE
:109AA0005F656470745F7866657200757362645F89
:109AB000656470745F6F70656E00757362645F6F6C
:109AC00070656E5F656470745F706169720070725A
:109AD0006F636573735F6765745F646573637269F1
:109AE00070746F720070726F636573735F73657407
:109AF0005F636F6E6669670070726F636573735F33
:109B0000636F6E74726F6C5F7265717565737400EC
:109B1000636F6E66696775726174696F6E5F726597
:109B2000736574007475645F7461736B5F657874DA
:109B3000007475645F696E69740000001DFF0000A9
:109B4000D1FF00002500010011010100F501010015
:109B50000000000015050100250501003505010084
:109B6000D90501001107010000000000757362644F
:109B70005F636F6E74726F6C5F786665725F63624D
:109B8000007475645F636F6E74726F6C5F78666586
:109B900072006463645F656470745F786665720008
:109BA0006463645F656470745F6F70656E00747584
:109BB0005F656470745F76616C69646174650000F0
:109BC000533B0200FF320200233B02000100000071
:109BD00029370100020000000937010010000000D1
:109BE000E537010020000000E936010040000000D8
:109BF000C936010080000000A93601000001000004
:109C000089360100000800006936010000100000DC
:109C10000D3801000020000049370100004000001D
:109C2000353601000080000001360100100E0000F2
:109C300018000000010100001E0000000A000000E2
:109C4000113A02000B0000002F3A02000C00000045
:109C50004C3A02000D0000006D3A02000E000000B8
:109C60008D3A020014000000AE3A02001500000018
:109C7000C33A020016000000D83A020017000000A4
:109C8000EA3A02001E000000FF3A02001F00000036
:109C90001B3B0200200000002C3B020021000000C2
:109CA0004B3B0200280000005F3B0200290000003F
:109CB000753B02002A0000008B3B02000A000000F6
:109CC000010000000B000000020000000C0000007A
:109CD000040000000D000000080000000E0000005D
:109CE000100000001400000020000000160000001A
:109CF000400000001E000000800000002000000066
:109D0000000100002A000000000200001500000011
:109D10000100000017000000020000001F0000000A
:109D200004000000210000000800000028000000DE
:109D3000100000002900000020000000FFFFFFFFCE
:109D4000FFFFFFFFFFFFFFFFFFFFFFFFFFFFFFFF23
:109D5000FFFFFFFFFFFFFFFFFFFFFFFFFFFFFFFF13
:109D6000FFFFFFFFFFFFFFFFFFFFFFFFFFFFFFFF03
:109D7000FFFFFFFFFFFFFFFFFFFFFFFFFFFFFFFFF3
:109D8000FFFFFFFFFFFFFFFFFFFFFFFFFFFFFFFFE3
:109D9000FFFFFFFFFFFFFFFFFFFFFFFFFFFFFFFFD3
:109DA000FFFFFFFFFFFFFFFFFFFFFFFFFFFFFFFFC3
:109DB000FFFFFFFFFFFFFFFFFFFFFFFFFFFFFFFFB3
:109DC000FFFFFFFFFFFFFFFFFFFFFFFFFFFFFFFFA3
:109DD000FFFFFFFFFFFFFFFFFFFFFFFFFFFFFFFF93
:109DE000FFFFFFFFFFFFFFFFFFFFFFFFFFFFFFFF83
:109DF000FFFFFFFFFFFFFFFFFFFFFFFFFFFFFFFF73
:109E0000FFFFFFFFFFFFFFFFFFFFFFFFFFFFFFFF62
:109E1000FFFFFFFFFFFFFFFFFFFFFFFFFFFFFFFF52
:109E2000FFFFFFFFFFFFFFFFFFFFFFFFFFFFFFFF42
:109E3000FFFFFFFFFFFFFFFFFFFFFFFFFFFFFFFF32
:109E4000FFFFFFFFFFFFFFFFFFFFFFFFFFFFFFFF22
:109E5000F0000007FFFFFFFFFFFFFFFFFFFFFFFF17
:109E6000F0000007FFFFFFFFFFFFFFFFFFFFFFFF07
:109E7000F0000007FFFFFFFFFFFFFFFFFFFFFFFFF7
:109E8000F0000007FFFFFFFFFFFFFFFFFFFFFFFFE7
:109E9000F0000007FFFFFFFFFFFFFFFFFFFFFFFFD7
:109EA000F0FE1F87FFFFFFFFFFFFFFFFFFFFFFFF2A
:109EB000F0FE1F87FFFFFFFFFFFFFFFFFFFFFFFF1A
:109EC000F0FE1F87FFFFFFFFFFFFFFFFFFFFFFFF0A
:109ED000F0FE1F87FFFFFFFFFFFFFFFFFFFFFFFFFA
:109EE000F0FE1F87FFFFFFFFFFFFFFFFFFFFFFFFEA
:109EF000F0FE1F87FFFFFFFFFFFFFFFFFFFFFFFFDA
:109F0000F0FE1F87FFFFFFFFFFFFFFFFFFFFFFFFC9
:109F1000F0FE1F87FFFFFFFFFFFFFFFFFFFFFFFFB9
:109F2000F0FE1F87FFFFFFFFFFFFFFFFFFFFFFFFA9
:109F3000F0FFFF87FFFFFFFFFFFFFFFFFFFFFFFFB8
:109F4000FFFFFFFFFFFFFFFFFFFFFFFFFFFFFFFF21
:109F5000FFFFFFFFFFFFFFFFFFFFFFFFFFFFFFFF11
:109F6000FFFFFFFFFFFFCFF0FFFFFFFFFFFFFFFF40
:109F7000FFFFFFFFFFFF8FE07FFFFFFFFFFFFFFF00
:109F8000F00001FFFFFF9FC67FFFFFFFFFFFFFFF06
:109F9000F00001FFFFFF9F8F3FFFFFFFFFFFFFFF6D
:109FA000F00001FFFFFF9F9F3FFFFFFFFFFFFFFF4D
:109FB000F00001FFFFFF9F9F3FFFFFFFFFFFFFFF3D
:109FC000F0000FFFFFFF9F3F3FFFFFFFFFFFFFFF7F
:109FD000FFFF87FFFFFF9F3F3FFFFFFFFFFFFFFFE9
:109FE000FFFFC3FFFFFFCE3E3FFFFFFFFFFFFFFF6F
:109FF000FFFFE3FFFFFFC07E7FFFFFFFFFFFFFFFCD
:10A00000FFFFE1FFFFFFF0FFFFFFFFFFFFFFFFFF8D
:10A01000FFFFE1FFFFFFFFFFFFFFFFFFFFFFFFFF6E
:10A02000FFFFE1FFFFFFFC07FFFFFFFFFFFFFFFF59
:10A03000FFFFC1FFFFFFF001FFFFFFFFFFFFFFFF7B
:10A04000F00001FFFFFFE1F0FFFFFFFFFFFFFFFF59
:10A05000F00003FFFFFFC7FC7FFFFFFFFFFFFFFFD5
:10A06000F00003FFFFFFCFFE7FFFFFFFFFFFFFFFBB
:10A07000F00007FFFFFF8FFE3FFFFFFFFFFFFFFF27
:10A08000F0001FFFFFFF9FFF3FFFFFFFFFFFFFFFEE
:10A09000FFFFFFFFFFFF9F3F3FFFFFFFFFFFFFFFB0
:10A0A000FFFFFFFFFFFF9F3F3FFFFFFFFFFFFFFFA0
:10A0B000FFFFFFFFFFFF9F3F3FFFFFFFFFFFFFFF90
:10A0C000FF807FFFFFFF9F3F3FFFFFFFFFFFFFFF7F
:10A0D000FE001FFFFFFF9F3E7FFFFFFFFFFFFFFF11
:10A0E000FC0007FFFFFFC03E7FFFFFFFFFFFFFFFFA
:10A0F000F80007FFFFFFC03CFFFFFFFFFFFFFFFF70
:10A10000F80003FFFFFFFFFFFFFFFFFFFFFFFFFF61
:10A11000F030C3FFFFFFFFFFFFFFFFFFFFFFFFFF69
:10A12000F070E1FFFFFFFFFFFFFFFFFFFFFFFFFFFB
:10A13000F0F0E1FFFFFFCFF0FFFFFFFFFFFFFFFFAA
:10A14000F0F0E1FFFFFF8FE07FFFFFFFFFFFFFFF6A
:10A15000F0F0E1FFFFFF9FC67FFFFFFFFFFFFFFF64
:10A16000F0F0E1FFFFFF9F8F3FFFFFFFFFFFFFFFCB
:10A17000F0F0C1FFFFFF9F9F3FFFFFFFFFFFFFFFCB
:10A18000F0F003FFFFFF9F9F3FFFFFFFFFFFFFFF79
:10A19000F07003FFFFFF9F3F3FFFFFFFFFFFFFFF49
:10A1A000F87007FFFFFF9F3F3FFFFFFFFFFFFFFF2D
:10A1B000F8700FFFFFFFCE3E3FFFFFFFFFFFFFFFE7
:10A1C000FFF03FFFFFFFC07E7FFFFFFFFFFFFFFFAE
:10A1D000FFFFFFFFFFFFF0FFFFFFFFFFFFFFFFFF9E
:10A1E000FFFFFFFFFFFFFFFFFFFFFFFFFFFFFFFF7F
:10A1F000FFFFFFFFFFFFFFFFFFFFFFFFFFFFFFFF6F
:10A20000FFFFFFFFFFFFFFFFFFFFFFFFFFFFFFFF5E
:10A21000F00001FFFFFFFFFFFFFFFFFFFFFFFFFF5A
:10A22000F00001FFFFFFFFFFFFFFFFFFFFFFFFFF4A
:10A23000F00001FFFFFFFFFFFFFFFFFFFFFFFFFF3A
:10A24000F00001FFFFFFFFFFFFFFFFFFFFFFFFFF2A
:10A25000F0000FFFFFFFCFF0FFFFFFFFFFFFFFFF4B
:10A26000FFFF07FFFFFF8FE07FFFFFFFFFFFFFFF05
:10A27000FFFF83FFFFFF9FC67FFFFFFFFFFFFFFF83
:10A28000FFFFC1FFFFFF9F8F3FFFFFFFFFFFFFFFAC
:10A29000FFFFC1FFFFFF9F9F3FFFFFFFFFFFFFFF8C
:10A2A000FFFFC1FFFFFF9F9F3FFFFFFFFFFFFFFF7C
:10A2B000FFFFC1FFFFFF9F3F3FFFFFFFFFFFFFFFCC
:10A2C000FFFFFFFFFFFF9F3F3FFFFFFFFFFFFFFF7E
:10A2D000FFFFFFFFFFFFCE3E3FFFFFFFFFFFFFFE41
:10A2E0000F3FFFFFFFFFC07E7FFFFFFFFFFFFFFC71
:10A2F00000080FFFFFFFF0FFFFFFFFFFFFFFFFFC66
:10A30000000007FFFFFFFFFFFFFFFFFFFFFFFFF85A
:10A31000000003FFFFFFF03FFFFFFFFFFFFFFFF81D
:10A32000200003FFFFFFE00FFFFFFFFFFFFFFFF82D
:10A3300070E1C1FFFFFFC7C7FFFFFFFFFFFFFFF88F
:10A3400070C3E1FFFFFF8FE3FFFFFFFFFFFFFFF899
:10A3500070C3E1FFFFFF9FF3FFFFFFFFFFFFFFF869
:10A3600070C3E1FFFFFF9FF3FFFFFFFFFFFFFFF859
:10A3700070C3E1FFFFFF9FF3FFFFFFFFFFFFFFF849
:10A3800070C1C1FFFFFF9FF3FFFFFFFFFFFFFFF85B
:10A3900030E001FFFFFF8FE3FFFFFFFFFFFFFFFC48
:10A3A00000E001FFFFFFC7C7FFFFFFFFFFFFFFFC4C
:10A3B00001F001FFFFFFE00FFFFFFFFFFFFFFFFEC8
:10A3C00001F801FFFFFFF81FFFFFFFFFFFFFFFFE88
:10A3D00003FFE1FFFFFFFFFFFFFFFFFFFFFFFFFFA7
:10A3E00087FFE1FFFFFFFFFFFFFFFFFFFFFFFFFF13
:10A3F000FFFFFFFFFFFFFFFFFFFFFFFFFFFFFFFF6D
:10A40000FFFFFFFFFFFF80001FFFFFFFFFFFFFFFBA
:10A41000FFFFFFFFFFFF80001FFFFFFFFFFFFFFFAA
:10A42000F00001E3FFFFFFFFFFFFFFFFFFFFFFFF64
:10A43000F00001C1FFFFFFFFFFFFFFFFFFFFFFFF76
:10A44000F00001C1FFFFFFFFFFFFFFFFFFFFFFFF66
:10A45000F00001C1FFFFFFFFFFFFFFFFFFFFFFFF56
:10A46000F00001C1FFFFE003FFFFFFFFFFFFFFFF61
:10A47000FFFFFFE3FFFFC003FFFFFFFFFFFFFFFF43
:10A48000FFFFFFFFFFFF8FFFFFFFFFFFFFFFFFFF4C
:10A49000FFFFFFFFFFFF9FFFFFFFFFFFFFFFFFFF2C
:10A4A000FFFFFFFFFFFF9FFFFFFFFFFFFFFFFFFF1C
:10A4B000FF807FFFFFFF9FFFFFFFFFFFFFFFFFFF0B
:10A4C000FE001FFFFFFFCFFFFFFFFFFFFFFFFFFFAC
:10A4D000FC0007FFFFFFC7FFFFFFFFFFFFFFFFFFBE
:10A4E000F80007FFFFFF8003FFFFFFFFFFFFFFFFF5
:10A4F000F80003FFFFFF8003FFFFFFFFFFFFFFFFE9
:10A50000F030C3FFFFFFFFFFFFFFFFFFFFFFFFFF75
:10A51000F070E1FFFFFFFFFFFFFFFFFFFFFFFFFF07
:10A52000F0F0E1FFFFFFFFFFFFFFFFFFFFFFFFFF77
:10A53000F0F0E1FFFFFFFFF3FFFFFFFFFFFFFFFF73
:10A54000F0F0E1FFFFFFFFF3FFFFFFFFFFFFFFFF63
:10A55000F0F0E1FFFFFFC0007FFFFFFFFFFFFFFF05
:10A56000F0F0C1FFFFFF80007FFFFFFFFFFFFFFF55
:10A57000F0F003FFFFFF8FF3FFFFFFFFFFFFFFFF81
:10A58000F07003FFFFFF9FF3FFFFFFFFFFFFFFFFE1
:10A59000F87007FFFFFF9FF3FFFFFFFFFFFFFFFFC5
:10A5A000F8700FFFFFFF9FF3FFFFFFFFFFFFFFFFAD
:10A5B000FFF03FFFFFFFFFFFFFFFFFFFFFFFFFFF7A
:10A5C000FFFFFFFFFFFFFFFFFFFFFFFFFFFFFFFF9B
:10A5D000FFFFFFFFFFFF80031FFFFFFFFFFFFFFFE6
:10A5E000FFFFFFFFFFFF80031FFFFFFFFFFFFFFFD6
:10A5F000F87E0FFFFFFFFFFF1FFFFFFFFFFFFFFFC3
:10A60000F07C07FFFFFFFFFFFFFFFFFFFFFFFFFFE4
:10A61000F0F803FFFFFFFFFFFFFFFFFFFFFFFFFF5C
:10A62000F0F803FFFFFFF03FFFFFFFFFFFFFFFFF1B
:10A63000F0F001FFFFFFE00FFFFFFFFFFFFFFFFF55
:10A64000F0F061FFFFFFC7C7FFFFFFFFFFFFFFFF46
:10A65000F0E0E1FFFFFF8FE3FFFFFFFFFFFFFFFFE2
:10A66000F060E1FFFFFF9FF3FFFFFFFFFFFFFFFF32
:10A67000F001E1FFFFFF9FF3FFFFFFFFFFFFFFFF81
:10A68000F801E1FFFFFF9FF3FFFFFFFFFFFFFFFF69
:10A69000F803C1FFFFFF9FF3FFFFFFFFFFFFFFFF77
:10A6A000FC03C3FFFFFF8FE3FFFFFFFFFFFFFFFF81
:10A6B000FE0FFFFFFFFFC7C7FFFFFFFFFFFFFFFF0B
:10A6C000FFFFFFFFFFFFE00FFFFFFFFFFFFFFFFFA9
:10A6D000FFFFFFFFFFFFF81FFFFFFFFFFFFFFFFF71
:10A6E000FFFFFFFFFFFFFFFFFFFFFFFFFFFFFFFF7A
:10A6F000FFFFFFFFFFFFFFFFFFFFFFFFFFFFFFF871
:10A70000000001FFFFFFFFFFFFFFFFFFFFFFFFF85C
:10A71000000001FFFFFF8003FFFFFFFFFFFFFFF8C7
:10A72000000001FFFFFF8003FFFFFFFFFFFFFFF8B7
:10A73000000001FFFFFFFFC7FFFFFFFFFFFFFFF864
:10A7400000000FFFFFFFFFE7FFFFFFFFFFFFFFFF1F
:10A75000FC3F87FFFFFFFFF3FFFFFFFFFFFFFFFF50
:10A76000F87FC3FFFFFFFFF3FFFFFFFFFFFFFFFFC8
:10A77000F8FFE3FFFFFFFFF3FFFFFFFFFFFFFFFF18
:10A78000F0FFE1FFFFFFFFE3FFFFFFFFFFFFFFFF22
:10A79000F0FFE1FFFFFF8007FFFFFFFFFFFFFFFF6D
:10A7A000F0FFE1FFFFFF800FFFFFFFFFFFFFFFFF55
:10A7B000F07FC1FFFFFFFFFFFFFFFFFFFFFFFFFF76
:10A7C000F01F81FFFFFFFFFFFFFFFFFFFFFFFFFF06
:10A7D000F80001FFFFFFFFFFFFFFFFFFFFFFFFFF8D
:10A7E000F80003FFFFFFCF8FFFFFFFFFFFFFFFFF1B
:10A7F000FC0007FFFFFF9F07FFFFFFFFFFFFFFFFBB
:10A80000FE000FFFFFFF9E73FFFFFFFFFFFFFFFF35
:10A81000FFC03FFFFFFF9E73FFFFFFFFFFFFFFFF34
:10A82000FFFFFFFFFFFF9CF3FFFFFFFFFFFFFFFFA7
:10A83000FFFFFFFFFFFF8CF3FFFFFFFFFFFFFFFFA7
:10A84000FF807FFFFFFFC0E7FFFFFFFFFFFFFFFF6E
:10A85000FE001FFFFFFFE1FFFFFFFFFFFFFFFFFF06
:10A86000FC0007FFFFFFFFFFFFFFFFFFFFFFFFFFF2
:10A87000F80007FFFFFFFFFFFFFFFFFFFFFFFFFFE6
:10A88000F80003FFFFFFFFFFFFFFFFFFFFFFFFFFDA
:10A89000F030C3FFFFFFFFFFFFFFFFFFFFFFFFFFE2
:10A8A000F070E1FFFFFFFFFFFFFFFFFFFFFFFFFF74
:10A8B000F0F0E1FFFFFFFFFFFFFFFFFFFFFFFFFFE4
:10A8C000F0F0E1FFFFFFFFFFFFFFFFFFFFFFFFFFD4
:10A8D000F0F0E1FFFFFFFFFFFFFFFFFFFFFFFFFFC4
:10A8E000F0F0E1FFFFFFFFFFFFFFFFFFFFFFFFFFB4
:10A8F000F0F0C1FFFFFFFC07FFFFFFFFFFFFFFFFBF
:10A90000F0F003FFFFFFF001FFFFFFFFFFFFFFFF7E
:10A91000F07003FFFFFFE1F0FFFFFFFFFFFFFFFF0E
:10A92000F87007FFFFFFC7FC7FFFFFFFFFFFFFFF80
:10A93000F8700FFFFFFFCFFE7FFFFFFFFFFFFFFF5E
:10A94000FFF03FFFFFFF8FFE3FFFFFFFFFFFFFFF17
:10A95000FFFFFFFFFFFF9FFF3FFFFFFFFFFFFFFF27
:10A96000FFFFFFFFFFFF9F3F3FFFFFFFFFFFFFFFD7
:10A97000FFFFFFFFFFFF9F3F3FFFFFFFFFFFFFFFC7
:10A98000FFFFFFFFFFFF9F3F3FFFFFFFFFFFFFFFB7
:10A99000F00001E3FFFF9F3F3FFFFFFFFFFFFFFFCF
:10A9A000F00001C1FFFF9F3E7FFFFFFFFFFFFFFFA2
:10A9B000F00001C1FFFFC03E7FFFFFFFFFFFFFFF71
:10A9C000F00001C1FFFFC03CFFFFFFFFFFFFFFFFE3
:10A9D000F00001C1FFFFFFFFFFFFFFFFFFFFFFFFD1
:10A9E000FFFFFFE3FFFFFFFFFFFFFFFFFFFFFFFF93
:10A9F000FFFFFFFFFFFFFFFFFFFFFFFFFFFFFFFF67
:10AA0000FFFFFFFFFFFFFFFFFFFFFFFFFFFFFFFF56
:10AA1000FFFFFFFFFFFF8003FFFFFFFFFFFFFFFFC1
:10AA2000FF807FFFFFFF8003FFFFFFFFFFFFFFFFB0
:10AA3000FE001FFFFFFFFFC7FFFFFFFFFFFFFFFF3E
:10AA4000FC0007FFFFFFFFE7FFFFFFFFFFFFFFFF28
:10AA5000F80003FFFFFFFFF3FFFFFFFFFFFFFFFF14
:10AA6000F80003FFFFFFFFF3FFFFFFFFFFFFFFFF04
:10AA7000F03F81FFFFFFFFF3FFFFFFFFFFFFFFFF3F
:10AA8000F07FC1FFFFFFFFE3FFFFFFFFFFFFFFFFBF
:10AA9000F0FFE1FFFFFF8007FFFFFFFFFFFFFFFF6A
:10AAA000F0FFE1FFFFFF800FFFFFFFFFFFFFFFFF52
:10AAB000F0FFE1FFFFFFFFC7FFFFFFFFFFFFFFFF0B
:10AAC000F0FFE1FFFFFFFFE7FFFFFFFFFFFFFFFFDB
:10AAD000F87FC3FFFFFFFFF3FFFFFFFFFFFFFFFF55
:10AAE000F87F83FFFFFFFFF3FFFFFFFFFFFFFFFF85
:10AAF000FC3F87FFFFFFFFF3FFFFFFFFFFFFFFFFAD
:10AB0000FFFFFFFFFFFFFFE3FFFFFFFFFFFFFFFF71
:10AB1000FFFFFFFFFFFF8007FFFFFFFFFFFFFFFFBC
:10AB2000FFFFFFFFFFFF800FFFFFFFFFFFFFFFFFA4
:10AB3000FFFFFFFFFFFFFFFFFFFFFFFFFFFFFFFF25
:10AB4000F0000001FFFFFFFFFFFFFFFFFFFFFFFF20
:10AB5000F0000001FFFFFFFFFFFFFFFFFFFFFFFF10
:10AB6000F0000001FFFFFFFFFFFFFFFFFFFFFFFF00
:10AB7000F0000001FFFF80001FFFFFFFFFFFFFFF4E
:10AB8000F0000001FFFF80001FFFFFFFFFFFFFFF3E
:10AB9000FFFF87FFFFFFC7C7FFFFFFFFFFFFFFFFAD
:10ABA000FFFFC3FFFFFFCFE7FFFFFFFFFFFFFFFF39
:10ABB000FFFFE3FFFFFF9FF3FFFFFFFFFFFFFFFF2D
:10ABC000FFFFE1FFFFFF9FF3FFFFFFFFFFFFFFFF1F
:10ABD000FFFFE1FFFFFF9FF3FFFFFFFFFFFFFFFF0F
:10ABE000FFFFE1FFFFFF8FF3FFFFFFFFFFFFFFFF0F
:10ABF000FFFFC1FFFFFFC7C7FFFFFFFFFFFFFFFF13
:10AC0000F00001FFFFFFE007FFFFFFFFFFFFFFFF77
:10AC1000F00003FFFFFFF01FFFFFFFFFFFFFFFFF3D
:10AC2000F00003FFFFFFFFFFFFFFFFFFFFFFFFFF3E
:10AC3000F00007FFFFFFFFFFFFFFFFFFFFFFFFFF2A
:10AC4000F0001FFFFFFFFFFFFFFFFFFFFFFFFFFF02
:10AC5000FFFFFFFFFFFF80003FFFFFFFFFFFFFFF42
:10AC6000FFFFFFFFFFFF80003FFFFFFFFFFFFFFF32
:10AC7000FFFFFFFFFFFFFF9FFFFFFFFFFFFFFFFF44
:10AC8000FF807FFFFFFFFF9FFFFFFFFFFFFFFFFF33
:10AC9000FE001FFFFFFFFF9FFFFFFFFFFFFFFFFF04
:10ACA000FC0007FFFFFFFF9FFFFFFFFFFFFFFFFF0E
:10ACB000F80007FFFFFFFF9FFFFFFFFFFFFFFFFF02
:10ACC000F80003FFFFFFFF9FFFFFFFFFFFFFFFFFF6
:10ACD000F030C3FFFFFFFF9FFFFFFFFFFFFFFFFFFE
:10ACE000F070E1FFFFFFFF9FFFFFFFFFFFFFFFFF90
:10ACF000F0F0E1FFFFFF80003FFFFFFFFFFFFFFFDE
:10AD0000F0F0E1FFFFFF80003FFFFFFFFFFFFFFFCD
:10AD1000F0F0E1FFFFFFFFFFFFFFFFFFFFFFFFFF7F
:10AD2000F0F0E1FFFFFFFFFFFFFFFFFFFFFFFFFF6F
:10AD3000F0F0C1FFFFFFFFFFFFFFFFFFFFFFFFFF7F
:10AD4000F0F003FFFFFFFFFFFFFFFFFFFFFFFFFF2D
:10AD5000F07003FFFFFFFFFFFFFFFFFFFFFFFFFF9D
:10AD6000F87007FFFFFFFFFFFFFFFFFFFFFFFFFF81
:10AD7000F8700FFFFFFFFFFFFFFFFFFFFFFFFFFF69
:10AD8000FFF03FFFFFFFFFFFFFFFFFFFFFFFFFFFA2
:10AD9000FFFFFFFFFFFFFFFFFFFFFFFFFFFFFFFFC3
:10ADA000FFFFFFFFFFFFFFFFFFFFFFFFFFFFFFFFB3
:10ADB000FFFFFFFFFFFFFFFFFFFFFFFFFFFFFFFFA3
:10ADC000FFFFFFFFFFFFFFFFFFFFFFFFFFFFFFFF93
:10ADD000F00001FFFFFFFFFFFFFFFFFFFFFFFFFF8F
:10ADE000F00001FFFFFFFFFFFFFFFFFFFFFFFFFF7F
:10ADF000F00001FFFFFFFFFFFFFFFFFFFFFFFFFF6F
:10AE0000F00001FFFFFFFFFFFFFFFFFFFFFFFFFF5E
:10AE1000F0000FFFFFFFFFFFFFFFFFFFFFFFFFFF40
:10AE2000FFFF07FFFFFFFFFFFFFFFFFFFFFFFFFF2A
:10AE3000FFFF83FFFFFFFFFFFFFFFFFFFFFFFFFF9E
:10AE4000FFFFC1FFFFFFFFFFFFFFFFFFFFFFFFFF50
:10AE5000FFFFC1FFFFFFFFFFFFFFFFFFFFFFFFFF40
:10AE6000FFFFC1FFFFFFFFFFFFFFFFFFFFFFFFFF30
:10AE7000FFFFC1FFFFFFFFFFFFFFFFFFFFFFFFFF20
:10AE8000FFFFFFFFFFFFFFFFFFFFFFFFFFFFFFFFD2
:10AE9000FFFFFFFFFFFFFFFFFFFFFFFFFFFFFFFFC2
:10AEA000FFFFFFFFFFFFFFFFFFFFFFFFFFFFFFFFB2
:10AEB000FFFFFFFFFFFFFFFFFFFFFFFFFFFFFFFFA2
:10AEC000FFFFFFFFFFFFFFFFFFFFFFFFFFFFFFFF92
:10AED000FFFFFFFFFFFFFFFFFFFFFFFFFFFFFFFF82
:10AEE000FFFFFFFFFFFFFFFFFFFFFFFFFFFFFFFF72
:10AEF000FFFFFFFFFFFFFFFFFFFFFFFFFFFFFFFF62
:10AF0000FFFFFFFFFFFFFFFFFFFFFFFFFFFFFFFF51
:10AF1000FFFFFFFFFFFFFFFFFFFFFFFFFFFFFFFF41
:10AF2000FFFFFFFFFFFFFFFFFFFFFFFFFFFFFFFF31
:10AF3000FFFFFFFFFFFFFFFFFFFFFFFFFFFFFFFF21
:10AF4000FFFFFFFFFFFFFFFFFFFFFFFFFFFFFFFF11
:10AF5000FFFFFFFFFFFFFFFFFFFFFFFFFFFFFFFF01
:10AF6000FFFFFFFFFFFFFFFFFFFFFFFFFFFFFFFFF1
:10AF7000FFFFFFFFFFFFFFFFFFFFFFFFFFFFFFFFE1
:10AF8000FFFFFFFFFFFFFFFFFFFFFFFFFFFFFFFFD1
:10AF9000FFFFFFFFFFFFFFFFFFFFFFFFFFFFFFFFC1
:10AFA000FFFFFFFFFFFFFFFFFFFFFFFFFFFFFFFFB1
:10AFB000FFFFFFFFFFFFFFFFFFFFFFFF000000009D
:10AFC0000000000000000000000000000000000081
:10AFD0000000000000000000000000000000000071
:10AFE00000000000000001150000000100018100C8
:10AFF0000000010000000000000000000000000050
:10B000000000000000000000000000000000000040
:10B010000155000000010001410000000100000096
:10B020000000000000000000000000000000000020
:10B030000000000000000000000001950000000179
:10B04000000181000000010000000000000000007D
:10B0500000000000000000000000000000000000F0
:10B060000000000001150000000100014100000087
:10B0700001000000000000000000000000000000CF
:10B0800000000000000000000000000000000000C0
:10B09000000000000000000000000000020000228C
:10B0A0001741A8320000000000000000000000006E
:10B0B0000000000000000000000000000000000090
:10B0C0000000000000000000000000000000000080
:10B0D0000000000000000000000000000000000070
:10B0E0000000000000000000000000000000000060
:10B0F0000000000000000000000000000000000050
:10B10000000000000000000000000000000000003F
:10B110000000000000015E00000001000183430008
:10B12000000500019E00000001000000000000007A
:10B13000000000000000000000000000000000000F
:10B1400000000000000000000000000000019E0060
:10B150000000010001834300000500015E000000C3
:10B1600001000000000000000000000000000000DE
:10B1700000000000000000000000000000000000CF
:10B180000000000000020000221741A83240312ECA
:10B19000300000000000000000000000000000007F
:10B1A000FF0F0000FB0E0000EA0D00001D0D000067
:10B1B0004B0B0000490A000019090000610800005B
:10B1C0009F070000E7060000B7050000B504000077
:10B1D0005570646174655361747573004E45572EE4
:10B1E000415050002F6677001F0000001C00000037
:10B1F0001F0000001E0000001F0000001E000000D5
:10B200001F0000001F0000001E0000001F000000C3
:10B210001E0000001F00000000001F003B005A003D
:10B2200078009700B500D400F300110130014E0101
:10B23000FFFFFFFFFFFFFFFFFFFFFFFFFFFFFFFF1E
:10B24000FFFFFFFFFFFFFFFFFFFFFFFFFFFFFFFF0E
:10B25000FFFFFFFFFFFFFFFFFFFFFFFFF00FFFFFFD
:10B26000FFFFFFFFFFFFE003FFFFFFFFFFFFFFFF09
:10B27000C001FFFFFFFFFFFFFFFF8001FFFFFFFF98
:10B28000FFFFFFFF8000FFFFFFFFFFFFFFFF00004A
:10B29000FFFFFFFFFFFFFFFF00007FFFFFFFFFFF3C
:10B2A000FFFE00007FFFFFFFFFFFFFFE00003FFFEC
:10B2B000FFFFFFFFFFFC00803FFFFFFFFFFFFFF8E6
:10B2C00001801FFFFFFFFFFFFFF801C01FFFFFFF0F
:10B2D000FFFFFFF003C00FFFFFFFFFFFFFF003E0E2
:10B2E0000FFFFFFFFFFFFFE007E007FFFFFFFFFF8C
:10B2F000FFE007F007FFFFFFFFFFFFC00FF003FFB6
:10B30000FFFFFFFFFFC00FF801FFFFFFFFFFFF8000
:10B310001FF801FFFFFFFFFFFF803FFC00FFFFFF63
:10B32000FFFFFF003FFC00FFFFFFFFFFFF007FFE6E
:10B33000007FFFFFFFFFFE007FFE007FFFFFFFFF9C
:10B34000FE00FFFF003FFFFFFFFFFC00FFFF003F8D
:10B35000FFFFFFFFFC01F81F801FFFFFFFFFF80149
:10B36000F00FC01FFFFFFFFFF803F00FC00FFFFF3C
:10B37000FFFFF003F00FE00FFFFFFFFFE007F00F0C
:10B38000E007FFFFFFFFE007F00FF007FFFFFFFF01
:10B39000C00FF00FF003FFFFFFFFC00FF00FF80327
:10B3A000FFFFFFFF801FF00FF801FFFFFFFF801F6F
:10B3B000F00FFC01FFFFFFFF003FF00FFC00FFFF5D
:10B3C000FFFF003FF00FFE007FFFFFFE007FF00F4A
:10B3D000FE007FFFFFFE00FFF00FFF003FFFFFFCBE
:10B3E00000FFF00FFF003FFFFFFC01FFF00FFF80A9
:10B3F0001FFFFFF801FFF00FFF801FFFFFF803FFA3
:10B40000F81FFFC00FFFFFF003FFFC3FFFC00FFF5F
:10B41000FFF007FFFFFFFFE007FFFFE007FFFFFF71
:10B42000FFF007FFFFE00FFFFFFFFFF003FFFFC08C
:10B430000FFFF80FFFF803FFFF801FFFF007FFF873
:10B4400001FFFF801FFFE007FFFC01FFFF003FFF40
:10B45000C003FFFC00FFFF003FFFC003FFFE00FF33
:10B46000FE007FFFC003FFFE007FFE007FFFC003E2
:10B47000FFFF007FFC00FFFFC003FFFF003FFC0059
:10B48000FFFFE003FFFF801FF801FFFFE007FFFF62
:10B49000801FF803FFFFF00FFFFFC00FF003FFFF57
:10B4A000FE7FFFFFC00FF007FFFFFFFFFFFFE0077A
:10B4B000E007FFFFFFFFFFFFE007E00FFFFFFFFFD9
:10B4C000FFFFF003C00FFFFFFFFFFFFFF003C01FF0
:10B4D000FFFFFFFFFFFFF803C01FFFFFFFFFFFFF9E
:10B4E000FC03C0000000000000000001C0000000DC
:10B4F000000000000003C000000000000000000386
:10B50000C0000000000000000003E0000000000098
:10B5100000000003E0000000000000000007F00051
:10B52000000000000000000FFC0000000000000010
:10B53000003FFFFFFFFFFFFFFFFFFFFFFFFFFFFFDA
:10B54000FFFFFFFFFFFFFFFFFFFFFFFFFFFFFFFF0B
:10B55000FFFFFFFFF81FFFFFFFFFFFFFFFFFF00FE1
:10B56000FFFFFFFFFFFFFFFFE007FFFFFFFFFFFF02
:10B57000FFFFE007FFFFFFFFFFFFFFFFE007FFFF09
:10B58000FFFFFFFFFFFFE007FFFFFFFFFFFFFFFFE2
:10B59000E007FFFFFFFFFFFFFFFFE007FFFFFFFFE9
:10B5A000FFFFFFFFE007FFFFFFFFFFFFFFFFE007D9
:10B5B000FFFFFFFFFFFFFFFFE007FFFFFFFFFFFFB2
:10B5C000FFFFE007FFFFFFFFFFFFC3FFE007FFC331
:10B5D000FFFFFFFF00FFE007FF00FFFFFFFE007F10
:10B5E000E007FE007FFFFFFC007FE007FE003FFF5B
:10B5F000FFF8007FE007FE001FFFFFF0007FE0077D
:10B60000FC000FFFFFF0007FE007FE000FFFFFE0F0
:10B61000007FE007FE0007FFFFC0007FE007FE009D
:10B6200003FFFFC000FFE007FF0003FFFF8001FFF3
:10B63000E007FF8001FFFF0003FFE007FFC000FFFE
:10B64000FF0007FFE007FFE000FFFE0007FFE00745
:10B65000FFE0007FFE000FFFE007FFF0007FFE002D
:10B660001FFFE007FFF8007FFC001FFFE007FFF867
:10B67000003FFC003FFFE007FFFC003FFC003FFFF6
:10B68000E007FFFC003FF8007FFFE007FFFE001F20
:10B69000F8007FFFE007FFFE001FF8007FFFE007D4
:10B6A000FFFE001FF800FFFFE007FFFF001FF8008C
:10B6B000FFFFE007FFFF001FF800FFFFE007FFFFAD
:10B6C000001FF800FFFFE007FFFF001FF800FFFF6B
:10B6D000E007FFFF001FF800FFFFF00FFFFF001F54
:10B6E000F800FFFFFFFFFFFF001FF800FFFFFFFF55
:10B6F000FFFF001FF800FFFFFFFFFFFF001FF80024
:10B70000FFFFFFFFFFFF001FF800FFFFFFFFFFFF2E
:10B71000001FF800FFFFFFFFFFFF001FF800FFFF03
:10B72000FFFFFFFF001FF8007FFFFFFFFFFE001F6E
:10B73000F8007FFFFFFFFFFE001FFC003FFFFFFF41
:10B74000FFFC003FFC003FFFFFFFFFFC003FFC0051
:10B750001FFFFFFFFFF8003FFE001FFFFFFFFFF886
:10B76000007FFE000FFFFFFFFFF0007FFE000FFFD6
:10B77000FFFFFFE0007FFF0007FFFFFFFFE000FF8C
:10B78000FF0003FFFFFFFFC000FFFF8001FFFFFF7F
:10B79000FF8001FFFFC000FFFFFFFF0003FFFFC0AE
:10B7A000003FFFFFFC0003FFFFE0001FFFFFF8006A
:10B7B00007FFFFF00007FFFFE0000FFFFFF00001B1
:10B7C000FFFF80000FFFFFF800007FFE00001FFF5B
:10B7D000FFFC0000000000003FFFFFFE0000000033
:10B7E00000007FFFFFFF000000000000FFFFFFFFE1
:10B7F000800000000001FFFFFFFFE00000000007E5
:10B80000FFFFFFFFF0000000000FFFFFFFFFFC0045
:10B810000000003FFFFFFFFFFE000000007FFFFF72
:10B82000FFFFFF80000003FFFFFFFFFFFFF00000AE
:10B830000FFFFFFFFFFFFFFE00007FFFFFFFFFFF87
:10B84000FFFFFFFFFFFFFFFFFFFFFFFFFFFFFFFF08
:10B85000FFFFFFFFFFFFFFFFFFFFFFFFFFFFFFFFF8
:10B86000FFFFFFFFFFFFFFFFFFFFFFFFFFFFFFFFE8
:10B87000FFFFFFFFF81FFFFFFFFFFFFFFFFFF00FBE
:10B88000FFFFFFFFFFFFFFFFF00FFFFFFFFFFFFFC7
:10B89000FFFFE007FFFFFFFFFFFFFFFFE007FFFFE6
:10B8A000FFFFFFFFFFFFC003FFFFFFFFFFFFFFFFE3
:10B8B000C003FFFFFFFFFFFFFFFF8001FFFFFFFF50
:10B8C000FFFFFFFF8001FFFFFFFFFFFFFFFF000003
:10B8D000FFFFFFFFFFFFFFFF0000FFFFFFFFFFFF76
:10B8E000FFFE00007FFFFFFFFFFFFFFE00007FFF66
:10B8F000FFFFFFFFFFFC00003FFFFFFFFFFFFFFC1C
:10B9000000003FFFFFFFFFFFFFF800001FFFFFFFEA
:10B91000FFFFFFF800001FFFFFFFFFFFFFF0000029
:10B920000FFFFFFFFFFFFFF000000FFFFFFFFFFF14
:10B93000FFE0000007FFFFFFFFC00FFFE007FF0071
:10B94000003FFF8007FFE007FE00001FFE0001FF31
:10B95000E007FE00001FFE0001FFE007FE00001FE1
:10B96000FC0000FFE007FE00001FF800007FE0077A
:10B97000FE00001FF800007FE007FE00001FF80037
:10B98000007FE007FE00001FF800007FE007FE00D8
:10B99000001FF800007FE007FE00001FF800007F96
:10B9A000E007FE00001FF800007FE007FE00001F18
:10B9B000F800007FE007FE00001FF800007FE007AE
:10B9C000FE00001FF800007FE007FE00001FFC00E3
:10B9D00000FFE007FE00001FFE0001FFE007FE0081
:10B9E000001FFE0001FFE007FE00001FFF8007FFB1
:10B9F000E007FE00003FFFC00FFFE007FF80007F71
:10BA0000FFC00FFFE007FFF003FFFFC00FFFE007DD
:10BA1000FFF003FFFFC00FFFE007FFF003FFFFC0D1
:10BA20000FFFE007FFF003FFFFC00FFFE007FFF08D
:10BA300003FFFFC000000000000003FFFFC0000084
:10BA40000000000003FFFFC000000000000003FF33
:10BA5000FFC000000000000003FFFFC00000000066
:10BA6000000003FFFFE000000000000007FFFFE010
:10BA700000000000000007FFFFF0000000000000D1
:10BA80000FFFFFF80000000000001FFFFFFE000096
:10BA9000000000007FFFFFFFFFFFE007FFFFFFFF49
:10BAA000FFFFFFFFE007FFFFFFFFFFFFFFFFE007D4
:10BAB000FFFFFFFFFFFFFFFFE007FFFFFFFFFFFFAD
:10BAC000FFFFE007FFFFFFFFFFFFFFFFE007FFFFB4
:10BAD000FFFFFFFFFFFFC003FFFFFFFFFFFFFFFFB1
:10BAE0000000FFFFFFFFFFFFFFFF0000FFFFFFFF62
:10BAF000FFFFFFFE00007FFFFFFFFFFFFFFC0000D6
:10BB00003FFFFFFFFFFFFFFC00003FFFFFFFFFFFC6
:10BB1000FFFC00003FFFFFFFFFFFFFFC00003FFFB7
:10BB2000FFFFFFFFFFFC00003FFFFFFFFFFFFFFCE9
:10BB300000003FFFFFFFFFFFFFFC00003FFFFFFF94
:10BB4000FFFFFFFC00003FFFFFFFFFFFFFFC0000C7
:10BB50003FFFFFFFFFFFFFFC00003FFFFFFFFFFF76
:10BB6000FFFE00007FFFFFFFFFFFFFFF0000FFFF62
:10BB7000FFFFFFFFFFFF0000FFFFFFFFFFFFFFFFD3
:10BB8000C003FFFFFFFFFFFFFFFFE007FFFFFFFF17
:10BB9000FFFFFFFFFFFFFFFFFFFFFFFFFFFFFFFFB5
:10BBA000FFFFFFFFFFFFFFFFFFFFFFFFFFFFFFFFA5
:10BBB000FFFF0000FFFFFFFFFFFFFFFE00007FFF12
:10BBC000FFFFFFFFFFFC00003FFFFFFFFFFFFFFC49
:10BBD00000003FFFFFFFFFFFFFFC00003FFFFFFFF4
:10BBE000FFFFFFFC00003FFFFFFFFFFFFFFC000027
:10BBF0003FFFFFFFFFFFFC000000003FFFFFFFFFD4
:10BC0000F0000000000FFFFFFFFFE0000000000752
:10BC1000FFFFFFFFC00000000003FFFFFFFFC000A9
:10BC200000000003FFFFFFFF800000000001FFFF96
:10BC3000FFFF800000000001FFFFFFFF003FFFFF4C
:10BC4000FC00FFFFFFFF00FFFFFFFF00FFFFFFFF04
:10BC500000FFFFFFFF00FFFFFFFF00E000000F00FD
:10BC6000FFFFFFFF00E000000700FFFFFFFF00E015
:10BC700000000700FFFFFFFF00E000000700FFFFDC
:10BC8000FFFF00E000000700FFFFFFFF00E00000F3
:10BC90000700FFFFFFFF00E000000700FFFFFFFFBE
:10BCA00000E000000700FFFFFFFF00E000000700CA
:10BCB000FFFFFFFF00E000000700FFFFFFFF00E0C5
:10BCC00000000700FFFFFFFF00E000000700FFFF8C
:10BCD000FFFF00E000000700FFFFFFFF00E00000A3
:10BCE0000700FFFFFFFF00E000000700FFFFFFFF6E
:10BCF00000E000000700FFFFFFFF00E0000007007A
:10BD0000FFFFFFFF00E000000700FFFFFFFF00E074
:10BD100000000700FFFFFFFF00E000000700FFFF3B
:10BD2000FFFF00E000000700FFFFFFFF00E0000052
:10BD30000700FFFFFFFF00E000000700FFFFFFFF1D
:10BD400000E000000700FFFFFFFF00E00000070029
:10BD5000FFFFFFFF00E000000700FFFFFFFF00E024
:10BD600000000700FFFFFFFF00E000000700FFFFEB
:10BD7000FFFF00E000000700FFFFFFFF00E0000002
:10BD80000700FFFFFFFF00E000000700FFFFFFFFCD
:10BD900000E000000700FFFFFFFF00E000000700D9
:10BDA000FFFFFFFF00E000000700FFFFFFFF00E0D4
:10BDB00000000700FFFFFFFF00E000000700FFFF9B
:10BDC000FFFF00E000000700FFFFFFFF00E00000B2
:10BDD0000700FFFFFFFF00E000000700FFFFFFFF7D
:10BDE00000E000000700FFFFFFFF00E00000070089
:10BDF000FFFFFFFF00E000000700FFFFFFFF00E084
:10BE000000000700FFFFFFFF00E000000700FFFF4A
:10BE1000FFFF00E000000700FFFFFFFF00E0000061
:10BE20000700FFFFFFFF00F000000F00FFFFFFFF14
:10BE300000FFFFFFFF00FFFFFFFF007FFFFFFE008F
:10BE4000FFFFFFFF801FFFFFF801FFFFFFFF8000E4
:10BE500000000001FFFFFFFF800000000001FFFF66
:10BE6000FFFFC00000000003FFFFFFFFE000000035
:10BE70000007FFFFFFFFE00000000007FFFFFFFFDC
:10BE8000F8000000001FFFFFFFFFFE000000007F22
:10BE9000FFFFFFFFFFFFFFFFFFFFFFFFFFFFFFFFB2
:10BEA000FFFFFFFFFFFFFFFFFFFFFFFFFFFFFFFFA2
:10BEB000FFFFFC3FF81FF81FF00FE007C003818170
:10BEC00003C007E00000000000000000FFFFFFFFCC
:10BED000FFF9FFF0FFE0FFC09F800F01060300079E
:10BEE000000F801FC03FE07FF0FFF8FFFFFFFFFF64
:10BEF000FFE3FFC1FF81FF08FE00FC01F863F0874C
:10BF0000E10FC21F843F887F80FF01FF03FF1FFFF7
:10BF1000FFFFFFFF000100000000000007E003C179
:10BF20008181C003E007F00FF81FF81FFC3FFFFFFF
:10BF3000F9FFF0FFE0FFC03FC00F80070F031FE1D4
:10BF400008F18000C000E000E0F0F1F8F9F8FFF837
:10BF5000FFFFFFC00003FFFFFFFFFFFE0000007FA9
:10BF6000FFFFFFFFF00000000FFFFF83FFC0000096
:10BF70000003FFFF01FF8000000001FFFF00FE0043
:10BF8000000000007FFF00FC00000000003FFF00F9
:10BF9000F800000000001FFF00E00000FF000007A5
:10BFA000FF00C0001FFFF80003FF0080007FFFFEBE
:10BFB0000001FF008001FFFFFF8000FF000007FF7E
:10BFC000FFFFE000FF00000FFFFFFFF0007F000019
:10BFD0003FFFFFFFFC003F00007FFFFFFFFE001F51
:10BFE0000000FFFFFFFFFF001F00000FFFFFFFFF2C
:10BFF000800F000007FFFFFFFFC00F000003FFFFDF
:10C00000FFFFE007000003FFFFFFFFE00700000362
:10C01000FFFFFFFFF003000003FFFFFFFFF003003F
:10C020000003FFFFFFFFF801000007FFFFFF8FF88D
:10C030000180000FFFFFFE03FC01FFFFFFFFFFFC7D
:10C0400003FC00FFFFFFFFFFF801FE00FFFFFFFF03
:10C05000FFF001FE00FFFFFFFFFFE001FE00FFFF1A
:10C06000FFFFFFC001FE00FFFFFFFFFF8003FF0097
:10C0700081FFE07FFF0007FF0001FFC03FFE000FD0
:10C08000FF0000FF801FFC001FFF0000FF800FF873
:10C09000003FFF0000FF8007F0007FFF0000FF80EF
:10C0A00003E000FFFF0000FFC001C001FFFF000030
:10C0B000FFE0008003FFFF0000FFF0000007FFFF2C
:10C0C00000007FF800000FFFFE00007FFC00001F53
:10C0D000FFFE00007FFE00003FFFFE00007FFF002C
:10C0E000007FFFFE00003FFF8000FFFFFC00803F5D
:10C0F000FFC001FFFFFC01801FFFE003FFFFF8010D
:10C10000801FFFF007FFFFF801C00FFFF80FFFFFD0
:10C11000F003C00FFFFC1FFFFFF003E007FFFFFF6E
:10C12000FFFFE007E007FFFFFFFFFFE007F003FF6F
:10C13000FFFFFFFFC00FF001FFFFFFFFFF800FF8C1
:10C1400000FFFFFFFFFF001FF8007FFFFFFFFE0063
:10C150001FFC003FFFFFFFFC003FFE000FFFFFFF43
:10C16000F0007FFF0007FFFFFFE000FFFF0001FF7F
:10C17000FFFF8000FFFF80007FFFFE0001FFFFC088
:10C18000001FFFF80003FFFFE00000FF000007FFB3
:10C19000FFF800000000001FFFFFFC00000000008F
:10C1A0003FFFFFFE00000000007FFFFFFF80000058
:10C1B0000001FFFFFFFFC000000003FFFFFFFFF0D3
:10C1C0000000000FFFFFFFFFFE0000007FFFFFFFEA
:10C1D000FFFFC00003FFFFFFFFFFFFFFFFFFFFFFA9
:10C1E000FFFFFFFFFFFFFFFFFFFFFFFFFFFFFFFF5F
:10C1F000FFFFFFFFFFFFFFFFFFFFFFFFFFFFFFFF4F
:10C20000FFFFFFFFFFFFE7FFFFFFFFFFFFFFFFC392
:10C21000FFFFFFF803FFFFFF80FFFFFFC0007FFF6E
:10C22000FF003FFFFF00001FFFFE001FFFFE00009A
:10C230001FFFFC0007FFFC00001FFFFC0001FFF8D0
:10C2400000003FFFFC0001FFF0010079FFFC04014A
:10C25000FFF00E00F1FFFE0201FFE01C01E0FFFE17
:10C260000181FFC03803C0FFFF0181FFC07007805C
:10C270007FFF8001FFC0E00F007FFF8001FF80C0D3
:10C280001E003FFFC000FF80803C003FFFC0007FDA
:10C29000818038003FFFE0003F81C010003FFFE099
:10C2A000001F81E000003FFFFFE00F81F000103F22
:10C2B000FFFFF00781F800203FFFFFF80300FC00BC
:10C2C000603FFFFFFC0100FE00E07FFFFFFE00017A
:10C2D000FF01C07FFFFFFF0003FF83C07FFFFFFF61
:10C2E0008007FFC780FFFFFFFFC00FFFCF00FFFFEA
:10C2F000FFFFE01FFFFC01FFFFFFFF803FF1F001A8
:10C30000FFFFFFFF007FE00003FFFFFFFF00FFC014
:10C310000007FFFFFFFE01FF80000FFFFFFFFC0390
:10C32000FF00003FFFFFFFF807FE00007FFFFFFF59
:10C33000F00FFC0003FFFFFFFFE01FF80007FFFF07
:10C34000FFFFC03FF00403FFFFFFFF807FE00C0111
:10C35000FFFFFFFF00FFC01E00FFFFFFFE01FF8089
:10C360003F007FFFFFFC03FF007F803FFFFFF807D8
:10C37000FF007FC01FFFFFF00FFE003FF00FFFFF29
:10C38000E01FFC001FF807FFFFC03FF8000FFC0391
:10C39000FFFF807FF00007FE01FFFF00FFE01803B2
:10C3A000FF00FFFE01FFC03C03FF807FFE03FF8014
:10C3B0007E01FFC07FFC07FF00FF00FFE03FFC079E
:10C3C000FE01FF807FE03FFC0FFC03FFC03FF03F1A
:10C3D000FC0FF807FFE01FF03FFC0FF00FFFF00F1E
:10C3E000F03FFC07E01FFFF807E03FFC03803FFF42
:10C3F000FC01C03FFE00007FFFFE00007FFE00004A
:10C40000FFFFFF00007FFF0001FFFFFF8000FFFF35
:10C410008003FFFFFFC001FFFFC007FFFFFFE00336
:10C42000FFFFF00FFFFFFFF80FFFFFFFFFFFFFFF12
:10C43000FFFFFFFFFFFFFFFFFFFFFFFFFFFFFFFF0C
:10C44000FFFFFFFFFFFFFFFFFFFFFFFFFFFFFFFFFC
:10C45000FFFFFFFFFFFFFFFFFFFFFFFFFFFFFFFFEC
:10C46000FFFFFFFFFFFFFFFFFFFFFFFFFFFFFFFFDC
:10C47000FFFFFFFFFFFFFFFFFFFFFFFFFFFFFFFFCC
:10C48000FFFFFFFFFFFFFFFFFFFFFFFFFFFFFFFFBC
:10C49000FFFFFFFFFFFFFFFFFFFFFFFFFFFFFFFFAC
:10C4A000FFFFFFFFFFFFFFFFFFFFFFFFFFFFFF0794
:10C4B000FFFFFFFFFFFFFFFE03FFFFFFFFFFFFFF89
:10C4C000FC01FFFFFFFFFFFFFFF801FFFFFFFFFF82
:10C4D000FFFFF800FFFFFFFFF0000FF000FFFFFF7E
:10C4E000FF000000F000FFFFFFF80000002001FF48
:10C4F000FFFFE00000000001FFFFFF8000000000E0
:10C5000003FFFFFF000000000003FFFFFC0000002E
:10C51000000007FFFFF8000000000007FFFFF00029
:10C52000000000000FFFFFE000000000000FFFFF11
:10C53000C000003C00001FFFFF800007FFE0003F3D
:10C54000FFFF00003FFFF8003FFFFE0000FFFFF885
:10C55000007FFFFC0003FFFFF0007FFFFC0007FFF0
:10C56000FFF000F03FF8001FFFFFE001E01FF000C8
:10C570003FFFFFC001C00FF0007FFFFFC003C00FEF
:10C58000E000FFFFFF8003C007E001FFFFFF80071F
:10C59000C007C001FFFFFF0007C003C003FFFFFF8C
:10C5A000000FC003C007FFFFFE001FE0038007FF6E
:10C5B000FFFC001FE001800FFFFFFC003FF0018047
:10C5C0000FFFFFF8003FF001001FFFFFF8007FF8AA
:10C5D00000001FFFFFF0007FF800001FFFFFF000CA
:10C5E000FFF800001FFFFFE001FFF800003FFFFF22
:10C5F0008001FFFC00003FFFFE0003FFFC00003F46
:10C60000FFF80003FFFC00003FFFF80007FFFC00FD
:10C61000003FFFF00007FFFC00003FFFE00007FFC6
:10C62000FC00003FFFE00007FFFC00007FFFC000B0
:10C6300003FFFE00007FFFC00003FFFE0080FFFF3E
:10C64000C00003FFFF01C1FFFFC00003FFFF83FF26
:10C65000FFFFC00003FFFFFFFFFFFFC00003FFFF5E
:10C66000FFFFFFFFE00007FFFFFFFFFFFFE0000706
:10C67000FFFFFFFFFFFFF0000FFFFFFFFFFFFFF8CF
:10C68000001FFFFFFFFFFFFFF8001FFFFFFFFFFF7F
:10C69000FFFE007FFFFFFFFFFFFFFF81FFFFFFFFA8
:10C6A000FFFFFFFFFFFFFFFFFFFFFFFFFFFFFFFF9A
:10C6B000FFFFFFFFFFFFFFFFFFFFFFFFFFFFFFFF8A
:10C6C000FFFFFFFFFFFFFFFFFFFFFFFFFFFFFFFF7A
:10C6D000FFFFFFFFFFFFFFFFFFFFFFFFFFFFFFFF6A
:10C6E000FFFFFFFFFFFFFFFFFFFFFFFFFFFFFFFF5A
:10C6F000FFFFFFFFFFFFFFFFFFFFFF81FFFFFFFFC8
:10C70000FFFFFFFE007FFFFFFFFFFFFFF8001FFF9F
:10C71000FFFFFFFFFFF8001FFFFFFFFFFFFFF0001D
:10C720000FFFFFFFFFFFFFE00007FFFFFFFFFFFF1F
:10C73000E00000000000003FFFC00000000000001B
:10C7400007FFC000000000000001FFC00000000063
:10C75000000000FFC0000000000000007FC00000DB
:10C7600000000000003FC0000000000000001FE0CB
:10C77000000000000000001FE00007FFFFFFFF8037
:10C780000FF0000FFFFFFFFFE00FF8001FFFFFFF9C
:10C79000FFF007F8001FFFFFFFFFF807FE007FFF15
:10C7A000FFFFFFF807FF81FFFFFFFFFFFC03FFFF15
:10C7B000FFFFFFFFFFFC03FFFFFFFFFFFFFFFC0387
:10C7C000FFFFFFFFFFFFFFFC03FFFFFFFFFFFFFF78
:10C7D000FC03FFFFFFFF81FFFFFC03FFFFFFFE00E5
:10C7E0007FFFF807FFFFFFFC003FFFF807FFFFFF99
:10C7F000F8001FFFF007FFFFFFF0000FFFE00FFF43
:10C80000FFFFE00007FF800FFFFC000000000000BA
:10C810001FFFE00000000000001FFF80000000007C
:10C8200000003FFF000000000000007FFE0000004D
:10C8300000000000FFFC00000000000001FFF80005
:10C84000000000000007FFF80000000000003FFFAC
:10C85000F001FFE00007FFFFFFF007FFF0000FFF10
:10C86000FFFFE00FFFF8001FFFFFFFE01FFFFC00CE
:10C870003FFFFFFFE01FFFFE007FFFFFFFC03FFF06
:10C88000FF81FFFFFFFFC03FFFFFFFFFFFFFFFC074
:10C890003FFFFFE7FFFFFFFFC03FFFFFE3FFFFFF9B
:10C8A000FFC03FFFFFE1FFFFFFFFC03FFFFFE0FFD3
:10C8B000FF81FFE01FFFFFE07FFE007FE01FFFFF23
:10C8C000E03FFC001FE00FFFFFE01FF8001FF00734
:10C8D000FFFFE00FF0000FF001FFFFE007E00007AF
:10C8E000F80000000003E00007F80000000001E08D
:10C8F0000003FC0000000000C00003FE0000000078
:10C9000000400003FF0000000000400003FF800023
:10C91000000000C00003FFE000000001C00003FFB2
:10C92000FC00000003E00007FFFFFFFFE007E0005E
:10C9300007FFFFFFFFE00FF0000FFFFFFFFFE01F0B
:10C94000F8000FFFFFFFFFE03FF8001FFFFFFFFFB2
:10C95000E07FFE007FFFFFFFFFE0FFFF81FFFFFFA3
:10C96000FFFFE1FFFFFFFFFFFFFFFFE3FFFFFFFF11
:10C97000D5A00100F99D0100699F01009DA0010063
:10C98000199E0100059E0100419F010075A3010051
:10C990000000000089A30100F9A3010000000000CD
:10C9A000000000007DA1010070580200F5A1010007
:10C9B0007D5802005DA301008F58020045A30100CD
:10C9C000A25802002DA30100B7580200A1A1010046
:10C9D0008DA90100000000009DAA010000000000D8
:10C9E00000000000000000006DA501004DAD010039
:10C9F000F1AA010009AB0100FDAB0100A5AB0100EC
:10CA000049AB01006DA5010085AE01009DAD01009F
:10CA10000000000061AE0100C5AD0100A9AD01003C
:10CA20006DA501003759020005BB010060C402007A
:10CA30004359020059B30100E8C602004C590200F4
:10CA400069B60100D8C1020054590200A9B0010022
:10CA500050BF020039B00100000000000DB001001D
:10CA60007DB00100D9AF0100A9AF010099AE01006E
:10CA7000BDB10100000000000000000011B2010083
:10CA800005B10100E9B00100F5B10100335A02001F
:10CA9000F9B201008DB201003F5A02006DB20100EF
:10CAA0003DB201009C0000004F5A0200A6000000A9
:10CAB0005B5A0200B0000000665A0200BA00000093
:10CAC000715A0200C40000007C5A0200CE0000002F
:10CAD000875A0200D8000000925A0200E2000000CB
:10CAE0009D5A0200EC000000A85A0200F600000067
:10CAF000B35A0200FF000000BE5A0200000000000E
:10CB0000C85A02000A000000D25A020014000000B5
:10CB1000DD5A02001E000000E85A02002800000052
:10CB2000F35A020032000000FE5A02003C000000EE
:10CB3000095B020046000000145B02005000000088
:10CB40001F5B02005A0000002A5B02006300000025
:10CB5000355B020065000000405B020066000000DB
:10CB6000465B0200670000005A5B0200DDB5010071
:10CB700000000000000000001DB60100A5B3010088
:10CB800089B3010001B60100525C020099B50100B1
:10CB900031B50100CB5702005DB4010049B6010078
:10CBA0005A5C0200625C02006B5C020071B801001A
:10CBB0000000000085B801000000000091B60100EF
:10CBC00075B6010071B6010005B7010045BA010054
:10CBD00061B90100ADB8010021BB010000000000F7
:10CBE00081BB01000DBB01000DBB01000DBB0100AD
:10CBF0000DBB010015BD01000000000049BD010092
:10CC000029BD0100DDBB0100DDBB0100DDBB010072
:10CC100079BD0100000000000000000000000000DD
:10CC2000000000000000000069BD010025BF0100F8
:10CC30000000000001BF01000000000051BF010022
:10CC400005BE0100F5BD010009040902A4000501AB
:10CC5000008032080B0002020200000904000001FB
:10CC6000020200040524002001052401000104241F
:10CC700002020524060001070581030800100904CB
:10CC80000100020A0000000705020240000007053B
:10CC90008202400000080B020202020000090402A6
:10CCA0000001020200050524002001052401000303
:10CCB000042402020524060203070583030800106A
:10CCC00009040300020A00000007050402400000F6
:10CCD000070584024000000904040002080650070A
:10CCE0000705060240000007058602400000090211
:10CCF000CF000601008032080B000202020000098A
:10CD000004000001020200040524002001052401A2
:10CD1000000104240202052406000107058103081E
:10CD2000001009040100020A000000070502024089
:10CD3000000007058202400000080B020202020008
:10CD4000000904020001020200050524002001057B
:10CD500024010003042402020524060203070583BC
:10CD60000308001009040300020A0000000705047C
:10CD70000240000007058402400000080B04020284
:10CD8000020000090404000102020006052400203C
:10CD900001052401000504240202052406040507F8
:10CDA00005850308001009040500020A00000007B9
:10CDB000050602400000070586024000001201003F
:10CDC00002EF020140FECA0340000101020301001C
:10CDD000232D302B20000000686C4C0065666745F1
:10CDE000464700005245454E54206D616C6C6F63A0
:10CDF0002073756363656564656400002E2E2F2EB5
:10CE00002E2F2E2E2F2E2E2F2E2E2F2E2E2F6E65C6
:10CE1000776C69622F6C6962632F74696D652F6C22
:10CE2000636C74696D652E6300000000303132332D
:10CE30003435363738394142434445460000000016
:10CE40003031323334353637383961626364656680
:10CE5000000000002573252E2A640000257325306C
:10CE60002E2A64002B0000002D000000252E3264C5
:10CE70000000000025326400252E32642F252E325A
:10CE8000642F252E32640000256C7500592D256D08
:10CE90002D2564002E2A7500252E33640000000025
:10CEA000252E316400000000252E32643A252E32F2
:10CEB00064000000256C6C6400000000252E3264C4
:10CEC0003A252E32643A252E3264000025652D2540
:10CED000622D250059000000252B30336C64252E6F
:10CEE000326C64002C2066756E6374696F6E3A2034
:10CEF00000000000617373657274696F6E202225F3
:10CF00007322206661696C65643A2066696C6520ED
:10CF1000222573222C206C696E65202564257325DB
:10CF2000730A0000474D54004A616E004665620076
:10CF30004D617200417072004D6179004A756E005A
:10CF40004A756C0041756700536570004F6374004B
:10CF50004E6F7600446563004A616E7561727900B8
:10CF60004665627275617279000000004D617263FE
:10CF700068000000417072696C0000004A756E65BF
:10CF8000000000004A756C7900000000417567756B
:10CF90007374000053657074656D62657200000003
:10CFA0004F63746F626572004E6F76656D62657275
:10CFB00000000000446563656D626572000000005A
:10CFC00053756E004D6F6E005475650057656400B3
:10CFD00054687500467269005361740053756E643D
:10CFE000617900004D6F6E6461790000547565735E
:10CFF000646179005765646E65736461790000004F
:10D000005468757273646179000000004672696447
:10D0100061790000536174757264617900000000E9
:10D0200025483A254D3A255300000000256D2F254F
:10D03000642F2579000000002561202562202565E8
:10D040002025483A254D3A25532025590000000057
:10D05000414D0000504D00002561202562202565CE
:10D060002025483A254D3A255320255A2025590098
:10D070006D64000025493A254D3A2553202570005E
:10D08000545A00002531315B2D2B302D39412D5A5A
:10D09000612D7A5D256E00002531315B412D5A618D
:10D0A0002D7A5D256E000000256875256E3A25688D
:10D0B00075256E3A256875256E0000004D2568754A
:10D0C000256E2E256875256E2E256875256E000047
:10D0D0002F256875256E3A256875256E3A25687581
:10D0E000256E0000412D46612D66383930313233CE
:10D0F000343536375D0000002B2D00003030000045
:10D1000078580000002020202020202020202828DF
:10D1100028282820202020202020202020202020F7
:10D120002020202020881010101010101010101037
:10D130001010101010040404040404040404041067
:10D1400010101010101041414141414101010101F5
:10D1500001010101010101010101010101010101BF
:10D1600010101010101042424242424202020202CB
:10D17000020202020202020202020202020202028F
:10D18000101010102000000000000000000000003F
:10D19000000000000000000000000000000000008F
:10D1A000000000000000000000000000000000007F
:10D1B000000000000000000000000000000000006F
:10D1C000000000000000000000000000000000005F
:10D1D000000000000000000000000000000000004F
:10D1E000000000000000000000000000000000003F
:10D1F000000000000000000000000000000000002F
:10D20000000000000000000028CF02002CCF020028
:10D2100030CF020034CF020038CF02003CCF0200F2
:10D2200040CF020044CF020048CF02004CCF0200A2
:10D2300050CF020054CF020058CF020060CF02004E
:10D240006CCF020074CF020038CF02007CCF020006
:10D2500084CF02008CCF020094CF0200A0CF020046
:10D26000A8CF0200B4CF0200C0CF0200C4CF02009A
:10D27000C8CF0200CCCF0200D0CF0200D4CF020032
:10D28000D8CF0200DCCF0200E4CF0200ECCF0200D6
:10D29000F4CF020000D002000CD0020014D0020033
:10D2A00020D002002CD0020038D0020050D0020062
:10D2B00054D0020058D0020058CF020060CF0200C4
:10D2C0006CCF020074CF020038CF02007CCF020086
:10D2D00084CF02008CCF020094CF0200A0CF0200C6
:10D2E000A8CF0200B4CF020070D0020074D00200B8
:10D2F000F0CE0200F0CE0200F0CE0200F0CE02002E
:10D30000F0CE02001F0000001C0000001F00000003
:10D310001E0000001F0000001E0000001F00000093
:10D320001F0000001E0000001F0000001E00000083
:10D330001F0000001F0000001D0000001F00000073
:10D340001E0000001F0000001E0000001F00000063
:10D350001F0000001E0000001F0000001E00000053
:10D360001F000000F8D00200FCD0020000D1020033
:10D370001000000000000000017A5200027C0E0143
:10D380001B0C0D001C00000018000000F413FFFF30
:10D39000D800000000410E088501840202490A4AB3
:10D3A000C5C4410B1000000000000000017A5200CB
:10D3B000027C0E011B0C0D0038000000180000005C
:10D3C000601AFFFF9E00000000510E1084048503C8
:10D3D000860287015BC7C6C5C40E004C0A420B0A11
:10D3E000420B0E10840485038602870151C7C6C50F
:10D3F000C40E00001000000000000000017A52007E
:10D40000027C0E011B0C0D0014000000180000002F
:10D41000741BFFFF340100000002710A430B00007F
:04D420000000000008
:08D4240058B0FD7F010000007B
:10D42C0044170020001BB700008000000000000023
:10D43C0010270000000000000000000000000000A9
:10D44C00001BB700001BB7000C000000001BB7004E
:10D45C00AAAAAAAA0160020007000C0075640200C7
:10D46C000B001000557002000E0014002D7F0200FE
:10D47C001100180010000C0048C90020BA3202003C
:10D48C00FF0001001C02FA00FA00F4010000630026
:10D49C0000000000000000000053475320534F4C85
:10D4AC00000000000000000000000000010000006F
:10D4BC000000000000000000000000000000000060
:10D4CC000000000000000000000000000000000050
:10D4DC000000000000000000000000003200F40119
:10D4EC0065000000000000000000000000000000CB
:10D4FC00010000000000000000000000000000001F
:10D50C00000000000000000000000000000000000F
:10D51C0000000000000000000000000000000000FF
:10D52C0000000000FFFFFFFF4B3F0100473F0100E1
:10D53C0000000000100E00001800000001010000A7
:10D54C001E00000031020000E5FFFFFF000000009C
:10D55C005500400100010100000000000000000027
:10D56C0000000000000000000000000000000000AF
:10D57C0000000000713C020000000000514A010054
:10D58C008D4B0100294B0100254A0100793C02001A
:10D59C0000000000314D0100194D0100854C0100C7
:10D5AC00F14B010097450200000000000100000053
:10D5BC000000000000000000001000C0C101C30307
:10D5CC0002C2C60607C705C5C404CC0C0DCD0FCFCF
:10D5DC00CE0E0ACACB0BC90908C8D81819D91BDB3F
:10D5EC00DA1A1EDEDF1FDD1D1CDC14D4D515D7178F
:10D5FC0016D6D21213D311D1D010F03031F133F33F
:10D60C00F23236F6F737F53534F43CFCFD3DFF3F8E
:10D61C003EFEFA3A3BFB39F9F83828E8E929EB2BBE
:10D62C002AEAEE2E2FEF2DEDEC2CE42425E527E74E
:10D63C00E62622E2E323E12120E0A06061A163A3BE
:10D64C00A26266A6A767A56564A46CACAD6DAF6F4E
:10D65C006EAEAA6A6BAB69A9A86878B8B979BB7BBE
:10D66C007ABABE7E7FBF7DBDBC7CB47475B577B70E
:10D67C00B67672B2B373B17170B05090915193533E
:10D68C00529296565797559594549C5C5D9D5F9F0E
:10D69C009E5E5A9A9B5B99595898884849894B8B3E
:10D6AC008A4A4E8E8F4F8D4D4C8C448485458747CE
:10D6BC004686824243834181804000C1814001C043
:10D6CC00804101C0804100C1814001C0804100C146
:10D6DC00814000C1814001C0804101C0804100C136
:10D6EC00814000C1814001C0804100C1814001C026
:10D6FC00804101C0804100C1814001C0804100C116
:10D70C00814000C1814001C0804100C1814001C005
:10D71C00804101C0804100C1814000C1814001C0F5
:10D72C00804101C0804100C1814001C0804100C1E5
:10D73C00814000C1814001C0804101C0804100C1D5
:10D74C00814000C1814001C0804100C1814001C0C5
:10D75C00804101C0804100C1814000C1814001C0B5
:10D76C00804101C0804100C1814001C0804100C1A5
:10D77C00814000C1814001C0804100C1814001C095
:10D78C00804101C0804100C1814001C0804100C185
:10D79C00814000C1814001C0804101C0804100C175
:10D7AC00814000C1814001C0804100C1814001C065
:10D7BC00804101C0804100C181400400060000008E
:10D7CC0000000F0002000300000000000000000039
:10D7DC00000000000000000000000000000000003D
:10D7EC00000000000000000000000000000000002D
:10D7FC00000000000000000000000000000000001D
:10D80C00000000000000000000000000000000000C
:10D81C0000000000000000000000000000000000FC
:10D82C0000000000000000000000000000000000EC
:10D83C0000000000000000000000000000000000DC
:10D84C0000000000000000000000000000000000CC
:10D85C0000000000000000000000000000000000BC
:10D86C0000000000000000000000000002000200A8
:10D87C00000000000000000000000000000000009C
:10D88C0000000000FECABEBA00000000000000004C
:10D89C000000000000000000100E0000000000005E
:10D8AC00000000006400000048CC02003C5E020056
:10D8BC00445E0200535E0200605E02006A5E02007B
:10D8CC00775E0200845E02006416002000000000F7
:10D8DC0074E20020DCE2002044E3002000000000A1
:10D8EC00000000000000000000000000000000002C
:10D8FC00000000000000000000000000000000001C
:10D90C00000000000000000000000000000000000B
:10D91C0000000000000000000000000003000000F8
:10D92C0074E2002024CF020024CF0200000000008B
:10D93C0001000000000000004A0000000000000090
:10D94C0000000000000000000000000000000000CB
:10D95C0000000000000000000000000000000000BB
:10D96C004A00000000000000000000000000000061
:10D97C00000000000000000000000000000000009B
:10D98C0000000000000000005D84000035840000F1
:040000030000878DE5
:00000001FF
